SPASE_ResourceID,HelioData_short_name,SPASE_ResourceName,HelioData_long_name,SPASE_AlternateName
spase://ESA/Observatory/SolarOrbiter,SolO,Solar Orbiter Spacecraft,Solar Orbiter,['']
spase://NASA/Observatory/AeroCube-6,AeroCube-6,AeroCube-6 (AC6) CubeSat,AeroCube-6 CubeSat,['']
spase://NASA/Observatory/AeroCube-6/A,AeroCube-6A,AeroCube-6A (AC6) CubeSat,AeroCube-6A CubeSat,['']
spase://NASA/Observatory/AeroCube-6/B,AeroCube-6B,AeroCube-6B (AC6) CubeSat,AeroCube-6B CubeSat,['']
spase://NASA/Observatory/PUNCH,PUNCH,PUNCH Mission,Polarimeter to Unify the Corona and Heliosphere,['']
spase://NASA/Observatory/PUNCH/NFI,PUNCH NFI,PUNCH-NFI,Polarimeter to Unify the Corona and Heliosphere Narrow Field Imager,['']
spase://NASA/Observatory/PUNCH/WFI,PUNCH WFI,PUNCH-WFI,Polarimeter to Unify the Corona and Heliosphere Wide Field Imager,['']
spase://NASA/Observatory/PUNCH/WFI/1,PUNCH WFI 1,PUNCH-WFI-1,Polarimeter to Unify the Corona and Heliosphere Wide-Field Imager 1,['']
spase://NASA/Observatory/PUNCH/WFI/2,PUNCH WFI 2,PUNCH-WFI-2,Polarimeter to Unify the Corona and Heliosphere Wide-Field Imager 2,['']
spase://NASA/Observatory/PUNCH/WFI/3,PUNCH WFI 3,PUNCH-WFI-3,Polarimeter to Unify the Corona and Heliosphere Wide-Field Imager 3,['']
spase://NOAA/Observatory/GOES/18,GOES 18,GOES 18,Geostationary Operational Environmental Satellite 18,"['Geostationary Operational Environmental Satellite 18', '2022-021A', 'GOES T']"
spase://NOAA/Observatory/GOES/19,GOES 19,GOES 19,Geostationary Operational Environmental Satellite 19,"['Geostationary Operational Environmental Satellite 19', '2024-119A', 'GOES U']"
spase://SMWG/Observatory/ABOVE,"GO ABOVE the Geospace Observatory   Array for
   Broadband Observations of VLF ELF Emissions","GO-ABOVE the Geospace Observatory - Array for
   Broadband Observations of VLF/ELF Emissions","GO-ABOVE the Geospace Observatory - Array for
   Broadband Observations of VLF/ELF Emissions",['']
spase://SMWG/Observatory/ACE,ACE,ACE,Advanced Composition Explorer,"['Advanced Composition Explorer', '1997-045A', 'Explorer 71']"
spase://SMWG/Observatory/AE,AE,AE Spacecraft,Atmosphere Explorer,['Atmosphere Explorer Spacecraft']
spase://SMWG/Observatory/AE-C,AE C,AE-C,Atmosphere Explorer-C,"['1973-101A', 'Atmosphere Explorer-C', 'Explorer 51']"
spase://SMWG/Observatory/AE-D,AE D,AE-D,Atmosphere Explorer-D,"['1975-096A', 'Explorer 54', 'Atmosphere Explorer-D']"
spase://SMWG/Observatory/AE-E,AE E,AE-E,Atmosphere Explorer-E,"['1975-107A', 'Explorer 55', 'AE 5', 'Atmosphere Explorer-E']"
spase://SMWG/Observatory/AEOLUS,Aeolus,Aeolus,Aeolus,['']
spase://SMWG/Observatory/Aeros-A,Aeros A,Aeros-A,Aeros-A,"['1972-100A', 'Aeros 1']"
spase://SMWG/Observatory/AIM,AIM,AIM,AIM,['']
spase://SMWG/Observatory/Akebono,AKEBONO,AKEBONO,EXOS-D,['EXOS-D']
spase://SMWG/Observatory/Alouette1,Alouette 1,Alouette 1,Alouette-A,"['1962-049A', 'Alouette-A']"
spase://SMWG/Observatory/Alouette2,Alouette 2,Alouette 2,Alouette-B,"['1965-098A', 'Alouette-B']"
spase://SMWG/Observatory/AMISR,Advanced Modular Incoherent Scatter Radar (AMISR),Advanced Modular Incoherent Scatter Radar (AMISR),Advanced Modular Incoherent Scatter Radar (AMISR),['']
spase://SMWG/Observatory/AMPERE,Active Magnetosphere and Planetary Electrodynamics Response Experiment,Active Magnetosphere and Planetary Electrodynamics Response Experiment,AMPERE,['AMPERE']
spase://SMWG/Observatory/AMPTE,AMPTE,AMPTE Mission,Active Magnetospheric Particle Tracer Explorers,['']
spase://SMWG/Observatory/AMPTE-CCE,AMPTE CCE,AMPTE/CCE,AMPTE/Charge Composition Explorer,"['AMPTE/Charge Composition Explorer', 'CCE', 'Explorer 65']"
spase://SMWG/Observatory/AMPTE-IRM,AMPTE IRM,AMPTE/IRM,AMPTE/Ion Release Module,"['AMPTE/Ion Release Module', 'IRM']"
spase://SMWG/Observatory/AMPTE-UKS,AMPTE UKS,AMPTE/UKS,AMPTE/United Kingdom Subsatellite,"['AMPTE/United Kingdom Subsatellite', 'UKS']"
spase://SMWG/Observatory/Apollo12-LM,Apollo 12 Lunar Module ALSEP,Apollo 12 Lunar Module/ALSEP,Apollo 12 LM/ALSEP,"['Intrepid', 'Apollo 12 LM/ALSEP', 'Apollo 12C', 'LEM 12', 'LM-6']"
spase://SMWG/Observatory/Apollo14-LM,Apollo 14 Lunar Module   ALSEP,Apollo 14 Lunar Module / ALSEP,Apollo 14 LM/ALSEP,"['Antares', 'Apollo 14 LM/ALSEP', 'Apollo 14C', 'LEM 14', 'LM-8']"
spase://SMWG/Observatory/Apollo15-LM,Apollo 15 Lunar Module ALSEP,Apollo 15 Lunar Module/ALSEP,Apollo 15 LM/ALSEP,"['Apollo 15 LM/ALSEP', 'Apollo 15C', 'LEM 15', 'LM-10', 'Falcon', 'Rover 15']"
spase://SMWG/Observatory/ARASE,"Exploration of energization and Radiation in Geospace (ERG), now known as Arase","Exploration of energization and Radiation in Geospace (ERG), now known as Arase","Exploration of energization and Radiation in Geospace (ERG), now known as Arase",['']
spase://SMWG/Observatory/ARTEMIS,ARTEMIS,ARTEMIS,"Acceleration, Reconnection, Turbulence, Electrodynamics of the Moon’s Interaction with the Sun",['']
spase://SMWG/Observatory/AUGSBURG/BAS.A80,BAS A80,BAS A80,BAS A80,['']
spase://SMWG/Observatory/AUGSBURG/BAS.A81,BAS A81,BAS A81,BAS A81,['']
spase://SMWG/Observatory/AUGSBURG/BAS.A84,BAS A84,BAS A84,BAS A84,['']
spase://SMWG/Observatory/AUGSBURG/Halley.Bay,Halley Bay,Halley Bay,Halley Bay,['']
spase://SMWG/Observatory/AUGSBURG/South.Pole,South Pole,South Pole,South Pole,['']
spase://SMWG/Observatory/Aureol3,Aureol,Aureol 3,1981-094A,"['1981-094A', 'Aureole 3', 'ARCAD 3', 'Oreol 3']"
spase://SMWG/Observatory/AUTUMN,AUTUMN,AUTUMN,Athabasca University THEMIS UCLA Magnetometer Network,['Athabasca University THEMIS UCLA Magnetometer Network']
spase://SMWG/Observatory/AWESOME,AWESOME,AWESOME,"Atmospheric Weather Electromagnetic System for Observation, Modeling, and Education","['Atmospheric Weather Electromagnetic System for Observation, Modeling, and Education']"
spase://SMWG/Observatory/BARREL,BARREL,BARREL,Balloon Array for Radiation-belt Relativistic Electron Losses,['']
spase://SMWG/Observatory/BARREL/1A,BARREL Balloon 1A,BARREL Balloon 1A,BARREL Balloon 1A,['']
spase://SMWG/Observatory/BARREL/1B,BARREL Balloon 1B,BARREL Balloon 1B,BARREL Balloon 1B,['']
spase://SMWG/Observatory/BARREL/1C,BARREL Balloon 1C,BARREL Balloon 1C,BARREL Balloon 1C,['']
spase://SMWG/Observatory/BARREL/1D,BARREL Balloon 1D,BARREL Balloon 1D,BARREL Balloon 1D,['']
spase://SMWG/Observatory/BARREL/1G,BARREL Balloon 1G,BARREL Balloon 1G,BARREL Balloon 1G,['']
spase://SMWG/Observatory/BARREL/1H,BARREL Balloon 1H,BARREL Balloon 1H,BARREL Balloon 1H,['']
spase://SMWG/Observatory/BARREL/1I,BARREL Balloon 1I,BARREL Balloon 1I,BARREL Balloon 1I,['']
spase://SMWG/Observatory/BARREL/1J,BARREL Balloon 1J,BARREL Balloon 1J,BARREL Balloon 1J,['']
spase://SMWG/Observatory/BARREL/1K,BARREL Balloon 1K,BARREL Balloon 1K,BARREL Balloon 1K,['']
spase://SMWG/Observatory/BARREL/1M,BARREL Balloon 1M,BARREL Balloon 1M,BARREL Balloon 1M,['']
spase://SMWG/Observatory/BARREL/1N,BARREL Balloon 1N,BARREL Balloon 1N,BARREL Balloon 1N,['']
spase://SMWG/Observatory/BARREL/1O,BARREL Balloon 1O,BARREL Balloon 1O,BARREL Balloon 1O,['']
spase://SMWG/Observatory/BARREL/1Q,BARREL Balloon 1Q,BARREL Balloon 1Q,BARREL Balloon 1Q,['']
spase://SMWG/Observatory/BARREL/1R,BARREL Balloon 1R,BARREL Balloon 1R,BARREL Balloon 1R,['']
spase://SMWG/Observatory/BARREL/1S,BARREL Balloon 1S,BARREL Balloon 1S,BARREL Balloon 1S,['']
spase://SMWG/Observatory/BARREL/1T,BARREL Balloon 1T,BARREL Balloon 1T,BARREL Balloon 1T,['']
spase://SMWG/Observatory/BARREL/1U,BARREL Balloon 1U,BARREL Balloon 1U,BARREL Balloon 1U,['']
spase://SMWG/Observatory/BARREL/1V,BARREL Balloon 1V,BARREL Balloon 1V,BARREL Balloon 1V,['']
spase://SMWG/Observatory/BARREL/2A,BARREL Balloon 2A,BARREL Balloon 2A,BARREL Balloon 2A,['']
spase://SMWG/Observatory/BARREL/2B,BARREL Balloon 2B,BARREL Balloon 2B,BARREL Balloon 2B,['']
spase://SMWG/Observatory/BARREL/2C,BARREL Balloon 2C,BARREL Balloon 2C,BARREL Balloon 2C,['']
spase://SMWG/Observatory/BARREL/2D,BARREL Balloon 2D,BARREL Balloon 2D,BARREL Balloon 2D,['']
spase://SMWG/Observatory/BARREL/2E,BARREL Balloon 2E,BARREL Balloon 2E,BARREL Balloon 2E,['']
spase://SMWG/Observatory/BARREL/2F,BARREL Balloon 2F,BARREL Balloon 2F,BARREL Balloon 2F,['']
spase://SMWG/Observatory/BARREL/2I,BARREL Balloon 2I,BARREL Balloon 2I,BARREL Balloon 2I,['']
spase://SMWG/Observatory/BARREL/2K,BARREL Balloon 2K,BARREL Balloon 2K,BARREL Balloon 2K,['']
spase://SMWG/Observatory/BARREL/2L,BARREL Balloon 2L,BARREL Balloon 2L,BARREL Balloon 2L,['']
spase://SMWG/Observatory/BARREL/2M,BARREL Balloon 2M,BARREL Balloon 2M,BARREL Balloon 2M,['']
spase://SMWG/Observatory/BARREL/2N,BARREL Balloon 2N,BARREL Balloon 2N,BARREL Balloon 2N,['']
spase://SMWG/Observatory/BARREL/2O,BARREL Balloon 2O,BARREL Balloon 2O,BARREL Balloon 2O,['']
spase://SMWG/Observatory/BARREL/2P,BARREL Balloon 2P,BARREL Balloon 2P,BARREL Balloon 2P,['']
spase://SMWG/Observatory/BARREL/2Q,BARREL Balloon 2Q,BARREL Balloon 2Q,BARREL Balloon 2Q,['']
spase://SMWG/Observatory/BARREL/2T,BARREL Balloon 2T,BARREL Balloon 2T,BARREL Balloon 2T,['']
spase://SMWG/Observatory/BARREL/2W,BARREL Balloon 2W,BARREL Balloon 2W,BARREL Balloon 2W,['']
spase://SMWG/Observatory/BARREL/2X,BARREL Balloon 2X,BARREL Balloon 2X,BARREL Balloon 2X,['']
spase://SMWG/Observatory/BARREL/2Y,BARREL Balloon 2Y,BARREL Balloon 2Y,BARREL Balloon 2Y,['']
spase://SMWG/Observatory/BARREL/3A,BARREL Balloon 3A,BARREL Balloon 3A,BARREL Balloon 3A,['']
spase://SMWG/Observatory/BARREL/3B,BARREL Balloon 3B,BARREL Balloon 3B,BARREL Balloon 3B,['']
spase://SMWG/Observatory/BARREL/3C,BARREL Balloon 3C,BARREL Balloon 3C,BARREL Balloon 3C,['']
spase://SMWG/Observatory/BARREL/3D,BARREL Balloon 3D,BARREL Balloon 3D,BARREL Balloon 3D,['']
spase://SMWG/Observatory/BARREL/3E,BARREL Balloon 3E,BARREL Balloon 3E,BARREL Balloon 3E,['']
spase://SMWG/Observatory/BARREL/3F,BARREL Balloon 3F,BARREL Balloon 3F,BARREL Balloon 3F,['']
spase://SMWG/Observatory/BARREL/3G,BARREL Balloon 3G,BARREL Balloon 3G,BARREL Balloon 3G,['']
spase://SMWG/Observatory/BARREL/4A,BARREL Balloon 4A,BARREL Balloon 4A,BARREL Balloon 4A,['']
spase://SMWG/Observatory/BARREL/4B,BARREL Balloon 4B,BARREL Balloon 4B,BARREL Balloon 4B,['']
spase://SMWG/Observatory/BARREL/4C,BARREL Balloon 4C,BARREL Balloon 4C,BARREL Balloon 4C,['']
spase://SMWG/Observatory/BARREL/4D,BARREL Balloon 4D,BARREL Balloon 4D,BARREL Balloon 4D,['']
spase://SMWG/Observatory/BARREL/4E,BARREL Balloon 4E,BARREL Balloon 4E,BARREL Balloon 4E,['']
spase://SMWG/Observatory/BARREL/4F,BARREL Balloon 4F,BARREL Balloon 4F,BARREL Balloon 4F,['']
spase://SMWG/Observatory/BARREL/4G,BARREL Balloon 4G,BARREL Balloon 4G,BARREL Balloon 4G,['']
spase://SMWG/Observatory/BARREL/4H,BARREL Balloon 4H,BARREL Balloon 4H,BARREL Balloon 4H,['']
spase://SMWG/Observatory/BARREL/5A,BARREL Balloon 5A,BARREL Balloon 5A,BARREL Balloon 5A,['']
spase://SMWG/Observatory/BARREL/6A,BARREL Balloon 6A,BARREL Balloon 6A,BARREL Balloon 6A,['']
spase://SMWG/Observatory/BARREL/7A,BARREL Balloon 7A,BARREL Balloon 7A,BARREL Balloon 7A,['']
spase://SMWG/Observatory/BAS,British Antarctic Survey,British Antarctic Survey,BAS,['BAS']
spase://SMWG/Observatory/BBSO,Big Bear Solar Observatory (BBSO),Big Bear Solar Observatory (BBSO),Big Bear Solar Observatory (BBSO),['']
spase://SMWG/Observatory/BepiColombo,BepiColombo,BepiColombo Spacecraft,BepiColombo Spacecraft,['']
spase://SMWG/Observatory/CARISMA,CARISMA,CARISMA,Canadian Auroral Network for the OPEN (Origins of Plasmas in Earth’s Neighborhood) Program Unified Study,"['Canadian Array for Realtime Investigations of Magnetic Activity', 'CANOPUS', 'Canadian Auroral Network for the OPEN (Origins of Plasmas in Earth’s Neighborhood) Program Unified Study']"
spase://SMWG/Observatory/Cassini,Cassini,Cassini,Cassini Orbiter,['Cassini Orbiter']
spase://SMWG/Observatory/CHAMP,CHAMP,CHAMP,CHAMP,['']
spase://SMWG/Observatory/CLIMAX,CLIMAX,CLIMAX,CLIMAX,['']
spase://SMWG/Observatory/Cluster,Cluster,Cluster Mission,Cluster,['Cluster II']
spase://SMWG/Observatory/Cluster-Rumba,Cluster FM5 (Rumba),Cluster FM5 (Rumba),Cluster 2/FM5 (Rumba),"['Cluster 2/FM5 (Rumba)', '2000-045A', 'FM5', 'Rumba', 'Cluster-1']"
spase://SMWG/Observatory/Cluster-Salsa,Cluster FM6 (Salsa),Cluster FM6 (Salsa),Cluster 2/FM6 (Salsa),"['Cluster 2/FM6 (Salsa)', '2000-041B', 'FM6', 'Salsa', 'Cluster-2']"
spase://SMWG/Observatory/Cluster-Samba,Cluster FM7 (Samba),Cluster FM7 (Samba),Cluster 2/FM7 (Samba),"['Cluster 2/FM7 (Samba)', '2000-041A', 'FM7', 'Samba', 'Cluster-3']"
spase://SMWG/Observatory/Cluster-Tango,Cluster FM8 (Tango),Cluster FM8 (Tango),Cluster 2/FM8 (Tango),"['Cluster 2/FM8 (Tango)', '2000-045B', 'Cluster-4', 'Tango', 'FM8']"
spase://SMWG/Observatory/CNOFS,CNOFS,Communication/Navigation Outage Forecasting System (C/NOFS),Communication/Navigation Outage Forecasting System,['Coupled Ion Neutral Dynamics Investigation (CINDI)']
spase://SMWG/Observatory/Contwoyto,CONT,CONT,CONT,['']
spase://SMWG/Observatory/Coriolis,Coriolis,Coriolis,2003-001A,"['2003-001A', '27640']"
spase://SMWG/Observatory/CORONAS-F,CORONAS-F,CORONAS-F,CORONAS F,"['KORONAS-F', 'AUS-SM-KF']"
spase://SMWG/Observatory/CRRES,CRRES,CRRES,Combined Release and Radiation Effects Satellite,"['1990-065A', 'Combined Release and Radiation Effects Satellite']"
spase://SMWG/Observatory/CubeSat/CSSWE,CSSWE,CSSWE,Colorado Student Space Weather Experiment,"['Colorado Student Space Weather Experiment, CSSWE, CubeSat']"
spase://SMWG/Observatory/Dawn,Dawn,Dawn,Dawn,['']
spase://SMWG/Observatory/Dawson,DAWS,DAWS,DAWS,['']
spase://SMWG/Observatory/DE,DE,Dynamics Explorer Mission,Dynamics Explorer,['DE']
spase://SMWG/Observatory/DKIST,Daniel K Inouye Solar Telescope (DKIST),Daniel K Inouye Solar Telescope (DKIST),Daniel K Inouye Solar Telescope (DKIST),['']
spase://SMWG/Observatory/DMI,Geophysical Institute Magnetometer Array,Geophysical Institute Magnetometer Array,DMI,['DMI']
spase://SMWG/Observatory/DMSP,DMSP,DMSP Series,Defense Meteorological Satellite Program,['Defense Meteorological Satellite Program']
spase://SMWG/Observatory/DMSP_5D-2,DMSP_5D 2,DMSP_5D-2,DMSP_5D-2,['']
spase://SMWG/Observatory/DMSP_5D-2/F08,DMSP_5D 2 F08,DMSP_5D-2/F08,DMSP-F8,"['DMSP-F8', 'USA 26', 'WX9543', '18123']"
spase://SMWG/Observatory/DMSP_5D-2/F09,DMSP_5D 2 F09,DMSP_5D-2/F09,DMSP-F9,"['DMSP-F9', 'USA 29', '18822']"
spase://SMWG/Observatory/DMSP_5D-2/F10,DMSP_5D 2 F10,DMSP_5D-2/F10,DMSP-F10,"['DMSP-F10', 'USA 68', '20978']"
spase://SMWG/Observatory/DMSP_5D-2/F11,DMSP_5D 2 F11,DMSP_5D-2/F11,DMSP-F11,"['DMSP-F11', 'USA 73', '21798']"
spase://SMWG/Observatory/DMSP_5D-2/F12,DMSP_5D 2 F12,DMSP_5D-2/F12,DMSP-F12,"['DMSP-F12', 'USA 106', '23233']"
spase://SMWG/Observatory/DMSP_5D-2/F13,DMSP_5D 2 F13,DMSP_5D-2/F13,DMSP-F13,"['DMSP-F13', 'USA 109', '23533']"
spase://SMWG/Observatory/DMSP_5D-2/F14,DMSP_5D 2 F14,DMSP_5D-2/F14,DMSP-F14,"['DMSP-F14', 'USA 131', '24753']"
spase://SMWG/Observatory/DMSP_5D-3/F15,"Defense Meteorological Satellite Program, DMSP F15","Defense Meteorological Satellite Program, DMSP-F15",DMSP_5D-3/F15,"['DMSP_5D-3/F15', 'DMSP-F15', 'USA 147', '25991']"
spase://SMWG/Observatory/DMSP_5D-3/F16,"Defense Meteorological Satellite Program, DMSP F16","Defense Meteorological Satellite Program, DMSP-F16",DMSP_5D-3/F16,"['DMSP_5D-3/F16', 'DMSP-F16', 'USA 171', '28054']"
spase://SMWG/Observatory/DMSP_5D-3/F17,"Defense Meteorological Satellite Program, DMSP F17","Defense Meteorological Satellite Program, DMSP-F17",DMSP_5D-3/F17,"['DMSP_5D-3/F17', 'DMSP-F17', '29522']"
spase://SMWG/Observatory/DMSP_5D-3/F18,"Defense Meteorological Satellite Program, DMSP F18","Defense Meteorological Satellite Program, DMSP-F18",DMSP_5D-3/F18,"['DMSP_5D-3/F18', 'DMSP-F18', 'USA 210', '35951']"
spase://SMWG/Observatory/DMSP_5D-3/F19,"Defense Meteorological Satellite Program, DMSP F19","Defense Meteorological Satellite Program, DMSP-F19",DMSP_5D-3/F19,"['DMSP_5D-3/F19', 'DMSP-F19', 'USA 249', '39630']"
spase://SMWG/Observatory/DMSP_5D-3/S20,"Defense Meteorological Satellite Program, DMSP S20","Defense Meteorological Satellite Program, DMSP-S20",DMSP_5D-3/S20,['DMSP_5D-3/S20']
spase://SMWG/Observatory/DoubleStar,Double Star,Double Star Mission,Tan Ce,"['Tan Ce', 'TC']"
spase://SMWG/Observatory/DoubleStar1,Double Star 1,Double Star 1,2003-061A,"['2003-061A', 'Tan Ce1', 'TC 1', '28140']"
spase://SMWG/Observatory/DoubleStar2,Double Star 2,Double Star 2,Explorer  2,"['2004-029A', 'Explorer  2', 'Tan Ce 2', 'TC 2']"
spase://SMWG/Observatory/DRAO,DRAO,DRAO,Dominion Radio Astrophysical Observatory,['Dominion Radio Astrophysical Observatory']
spase://SMWG/Observatory/DSCOVR,DSCOVR,"Deep Space Climate Observatory, DSCOVR",Deep Space Climate Observatory,['2015-007A']
spase://SMWG/Observatory/DST,Dunn Solar Telescope (DST),Dunn Solar Telescope (DST),Dunn Solar Telescope (DST),['']
spase://SMWG/Observatory/Dst.Index,Dst Index Observatory Group,Dst Index Observatory Group,Observatory Group created to represent the chain of magnetic field stations used to calculate the Dst Index.,['Observatory Group created to represent the chain of magnetic field stations used to calculate the Dst Index.']
spase://SMWG/Observatory/DSX,DSX,DSX,Demonstrations and Science Experiment,['Demonstrations and Science Experiment']
spase://SMWG/Observatory/DTUMGS,Technical University of Denmark Magnetic Ground Stations,Technical University of Denmark Magnetic Ground Stations,Technical University of Denmark Magnetic Ground Stations,['']
spase://SMWG/Observatory/DynamicsExplorer1,Dynamics Explorer 1,Dynamics Explorer 1,Dynamics Explorer-A,"['1981-070A', 'Explorer 62', 'DE-A', 'DE 1', 'Dynamics Explorer-A']"
spase://SMWG/Observatory/DynamicsExplorer2,Dynamics Explorer 2,Dynamics Explorer 2,Dynamics Explorer-B,"['1981-070B', 'Explorer 63', 'DE-B', 'DE 2', 'Dynamics Explorer-B']"
spase://SMWG/Observatory/E-CALLISTO,e CALLISTO International Network of Solar Radio Spectrometers,e-CALLISTO International Network of Solar Radio Spectrometers,e-CALLISTO International Network of Solar Radio Spectrometers,['']
spase://SMWG/Observatory/ELFIN/A,ELFIN A,"ELFIN A, CubeSat","Electron Losses and Fields Investigation A, CubeSat",['']
spase://SMWG/Observatory/ELFIN/B,ELFIN B,"ELFIN B, CubeSat","Electron Losses and Fields Investigation B, CubeSat",['']
spase://SMWG/Observatory/EMM,Emirates Mars (EMM),Emirates Mars Mission (EMM),Emirates Mars Mission (EMM),['']
spase://SMWG/Observatory/Equator-S,Equator S,Equator-S,ISTP/Equator-S,"['ISTP/Equator-S', '25068']"
spase://SMWG/Observatory/EskimoPoint,ESKI,ESKI,ESKI,['']
spase://SMWG/Observatory/EvansSolarFacility,Evans Solar Facility,Evans Solar Facility,John W. Evans Solar Facility,"['ESF', 'John W. Evans Solar Facility']"
spase://SMWG/Observatory/Explorer,Explorer Spacecraft Series,Explorer Spacecraft Series,Explorer Spacecraft Series,['']
spase://SMWG/Observatory/Explorer22,Explorer 22,Explorer 22,Beacon Explorer-B,"['1964-064A', 'BE-B', 'Beacon Explorer-B']"
spase://SMWG/Observatory/Explorer31,Explorer 31,Explorer 31,1965-098B,"['1965-098B', 'DME-A', '01806']"
spase://SMWG/Observatory/Explorer32,Explorer 32,Explorer 32,Atmosphere Explorer-B,"['1966-044A', 'AE-B', 'Atmosphere Explorer-B', '02183']"
spase://SMWG/Observatory/Explorer33,Explorer 33,Explorer 33,AIMP A,"['IMP D', 'AIMP A', 'AIMP 1', '02258']"
spase://SMWG/Observatory/Explorer35,Explorer,Explorer 35,Anchored IMP 2,"['IMP E', 'AIMP B', 'AIMP 2', 'Anchored IMP 2', '02884']"
spase://SMWG/Observatory/FAST,FAST,FAST,Fast Auroral Snapshot,"['1996-049A', 'Small Explorer/FAST', 'Explorer 70', 'SMEX/FAST', 'Fast Auroral SnapshoT Explorer']"
spase://SMWG/Observatory/FERMI,Fermi Gamma ray Space Telescope,Fermi Gamma-ray Space Telescope,Fermi Gamma-ray Space Telescope,['']
spase://SMWG/Observatory/FortMcMurray,MCMU,MCMU,MCMU,['']
spase://SMWG/Observatory/FortSimpson,FSIM,FSIM,FSIM,['']
spase://SMWG/Observatory/FortSmith,FSMI,FSMI,FSMI,['']
spase://SMWG/Observatory/Galileo,Galileo,Galileo,Galileo Orbiter-Probe,"['Galileo Orbiter-Probe', 'Jupiter Orbiter-Probe']"
spase://SMWG/Observatory/Genesis,Genesis,Genesis,Genesis Solar Wind Sample Return,"['2001-034A', 'Genesis Solar Wind Sample Return']"
spase://SMWG/Observatory/Geotail,Geotail,Geotail,Geomagnetic Tail Lab,"['1992-044A', 'GTL', 'ISTP/Geotail', 'GGS/Geotail', 'Geomagnetic Tail Lab']"
spase://SMWG/Observatory/Gillam,GILL,GILL,GILL,['']
spase://SMWG/Observatory/Giotto,Giotto,Giotto,Giotto,['']
spase://SMWG/Observatory/GOCE,Gravity Field and Steady State Ocean Circulation Explorer (GOCE),Gravity Field and Steady-State Ocean Circulation Explorer (GOCE),Gravity Field and Steady-State Ocean Circulation Explorer (GOCE),['']
spase://SMWG/Observatory/GOES,GOES1,Geostationary Operational Environmental Satellites,Geostationary Operational Environmental Satellites,['GOES Satellite Series']
spase://SMWG/Observatory/GOES/1,GOES 1,GOES 1,Geostationary Operational Environmental Satellites 1,"['Geostationary Operational Environmental Satellites 1', '1975-100A']"
spase://SMWG/Observatory/GOES/10,GOES 10,GOES 10,1997-019A,"['1997-019A', 'GOES-K']"
spase://SMWG/Observatory/GOES/11,GOES 11,GOES 11,2000-022A,"['2000-022A', 'GOES-L', 'GOES-NEXT']"
spase://SMWG/Observatory/GOES/12,GOES 12,GOES 12,2001-031A,"['2001-031A', 'GOES-M']"
spase://SMWG/Observatory/GOES/13,GOES 13,GOES 13,Geostationary Operational Environmental Satellite 13,"['Geostationary Operational Environmental Satellite 13', '2006-018A', 'GOES N']"
spase://SMWG/Observatory/GOES/14,GOES 14,GOES 14,Geostationary Operational Environmental Satellite 14,"['Geostationary Operational Environmental Satellite 14', 'GOES O', '2009-033A']"
spase://SMWG/Observatory/GOES/15,GOES 15,GOES 15,Geostationary Operational Environmental Satellite 15,"['Geostationary Operational Environmental Satellite 15', '2010-008A', 'GOES P']"
spase://SMWG/Observatory/GOES/16,GOES 16,GOES 16,Geostationary Operational Environmental Satellite 16,"['Geostationary Operational Environmental Satellite 16', '2016-071A', 'GOES R']"
spase://SMWG/Observatory/GOES/17,GOES 17,GOES 17,Geostationary Operational Environmental Satellite 17,"['Geostationary Operational Environmental Satellite 17', '2018-022A', 'GOES S']"
spase://SMWG/Observatory/GOES/2,GOES 2,GOES 2,Geostationary Operational Environmental Satellites 2,"['Geostationary Operational Environmental Satellites 2', '1977-048A']"
spase://SMWG/Observatory/GOES/3,GOES 3,GOES 3,Geostationary Operational Environmental Satellites 3,"['Geostationary Operational Environmental Satellites 3', '1978-062A']"
spase://SMWG/Observatory/GOES/4,Geostationary Operational Environmental Satellites,Geostationary Operational Environmental Satellites 4,1980-074A,"['GOES 4', '1980-074A']"
spase://SMWG/Observatory/GOES/5,GOES 5,GOES 5,1981-049A,"['1981-049A', 'GOES-E']"
spase://SMWG/Observatory/GOES/6,GOES 6,GOES 6,1983-041A,"['1983-041A', 'GOES-F']"
spase://SMWG/Observatory/GOES/7,GOES 7,GOES 7,1987-022A,"['1987-022A', 'GOES-H', 'PEACESAT']"
spase://SMWG/Observatory/GOES/8,GOES 8,GOES 8,1994-022A,"['1994-022A', 'GOES-NEXT', 'GOES-I']"
spase://SMWG/Observatory/GOES/9,GOES 9,GOES 9,1995-025A,"['1995-025A', 'GOES-NEXT', 'GOES-J']"
spase://SMWG/Observatory/GOLD,GOLD,GOLD,Global-scale Observations of the Limb and Disk,"['SES-14', '43175']"
spase://SMWG/Observatory/GONG,GONG Observatory Group,GONG Observatory Group,Global Oscillation Network Group,['Global Oscillation Network Group']
spase://SMWG/Observatory/GRACE,Gravity Recovery and Climate Experiment (GRACE),Gravity Recovery and Climate Experiment (GRACE),Gravity Recovery and Climate Experiment (GRACE),['']
spase://SMWG/Observatory/Granat,Granat,Granat,ASTRON 2,['ASTRON 2']
spase://SMWG/Observatory/Ground/Abinger,Abinger,Abinger,Observatory Station Code: ABN,['Observatory Station Code: ABN']
spase://SMWG/Observatory/Ground/Abisko,Abisko,Abisko,Observatory Station Code: ABK,['Observatory Station Code: ABK']
spase://SMWG/Observatory/Ground/Addis.Ababa,Addis Ababa,Addis Ababa,Observatory Station Code: AAE,['Observatory Station Code: AAE']
spase://SMWG/Observatory/Ground/Agincourt,Agincourt,Agincourt,Observatory Station Code: AGN,['Observatory Station Code: AGN']
spase://SMWG/Observatory/Ground/Akulivik,Akulivik Geophysical Observatory,Akulivik Geophysical Observatory,Akulivik Geophysical Observatory,['']
spase://SMWG/Observatory/Ground/Alert,Alert,Alert,Observatory Station Code: ALE,['Observatory Station Code: ALE']
spase://SMWG/Observatory/Ground/Alibag,Alibag,Alibag,Observatory Station Code: ABG,['Observatory Station Code: ABG']
spase://SMWG/Observatory/Ground/Alma.Ata,Alma Ata,Alma Ata,Observatory Station Code: AAA,['Observatory Station Code: AAA']
spase://SMWG/Observatory/Ground/Almeria,Almeria,Almeria,Observatory Station Code: ALM,['Observatory Station Code: ALM']
spase://SMWG/Observatory/Ground/Amatsia,Amatsia,Amatsia,Observatory Station Code: AMT,['Observatory Station Code: AMT']
spase://SMWG/Observatory/Ground/Amberley,Amberley,Amberley,Observatory Station Code: AML,['Observatory Station Code: AML']
spase://SMWG/Observatory/Ground/Amderma,Amderma Geophysical Observatory,Amderma Geophysical Observatory,Amderma Geophysical Observatory,['']
spase://SMWG/Observatory/Ground/Americus,Americus Geophysical Observatory,Americus Geophysical Observatory,Observatory Station Code: AMER,['Observatory Station Code: AMER']
spase://SMWG/Observatory/Ground/Anchorage,Anchorage Geophysical Observatory,Anchorage Geophysical Observatory,Anchorage Geophysical Observatory,['']
spase://SMWG/Observatory/Ground/Andenes,Andenes Geophysical Observatory,Andenes Geophysical Observatory,Andenes Geophysical Observatory,['']
spase://SMWG/Observatory/Ground/Annamalainagar,Annamalainagar,Annamalainagar,Observatory Station Code: ANN,['Observatory Station Code: ANN']
spase://SMWG/Observatory/Ground/Antananarivo,Antananarivo,Antananarivo,Observatory Station Code: TAN,['Observatory Station Code: TAN']
spase://SMWG/Observatory/Ground/Apia,Apia,Apia,Observatory Station Code: API,['Observatory Station Code: API']
spase://SMWG/Observatory/Ground/Arctic.Village,Arctic Village Geophysical Observatory,Arctic Village Geophysical Observatory,Observatory Station Code: ARCT,['Observatory Station Code: ARCT']
spase://SMWG/Observatory/Ground/Arctowski,Arctowski,Arctowski,Observatory Station Code: ARC,['Observatory Station Code: ARC']
spase://SMWG/Observatory/Ground/Arequipa,Arequipa,Arequipa,Observatory Station Code: ARE,['Observatory Station Code: ARE']
spase://SMWG/Observatory/Ground/Arkhangelsk,Arkhangelsk,Arkhangelsk,Observatory Station Code: ARK,['Observatory Station Code: ARK']
spase://SMWG/Observatory/Ground/Arti,Arti,Arti,Observatory Station Code: ARS,['Observatory Station Code: ARS']
spase://SMWG/Observatory/Ground/Ascension.Island,Ascension Island,Ascension Island,Observatory Station Code: ASC,['Observatory Station Code: ASC']
spase://SMWG/Observatory/Ground/Ashkhabad,Ashkhabad,Ashkhabad,Observatory Station Code: ASH,"['Vannovskaya', 'Observatory Station Code: ASH']"
spase://SMWG/Observatory/Ground/Aso,Aso,Aso,Observatory Station Code: ASO,['Observatory Station Code: ASO']
spase://SMWG/Observatory/Ground/Athabasca,Athabasca Geophysical Observatory,Athabasca Geophysical Observatory,Athabasca Geophysical Observatory,['']
spase://SMWG/Observatory/Ground/Attu,Attu Geophysical Observatory,Attu Geophysical Observatory,Attu Geophysical Observatory,['']
spase://SMWG/Observatory/Ground/AUGSBURG,Augsburg Searchcoil Observatory Group,Augsburg Searchcoil Observatory Group,Augsburg College Search Coil Ground Observatory Group,['Augsburg College Search Coil Ground Observatory Group']
spase://SMWG/Observatory/Ground/AUTUMN,AUTUMN,AUTUMN,Athabasca University THEMIS UCLA Magnetometer Network,['Athabasca University THEMIS UCLA Magnetometer Network']
spase://SMWG/Observatory/Ground/Baguio,Baguio,Baguio,Observatory Station Code: BAG,['Observatory Station Code: BAG']
spase://SMWG/Observatory/Ground/Baker.Lake,Baker Lake Geophysical Observatory,Baker Lake Geophysical Observatory,Baker Lake Geophysical Observatory,['']
spase://SMWG/Observatory/Ground/Bangui,Bangui,Bangui,Observatory Station Code: BNG,['Observatory Station Code: BNG']
spase://SMWG/Observatory/Ground/Bar.Gyora,Bar Gyora,Bar Gyora,Observatory Station Code: BGY,['Observatory Station Code: BGY']
spase://SMWG/Observatory/Ground/Baranov,Baranov Geophysical Observatory,Baranov Geophysical Observatory,Baranov Geophysical Observatory,['']
spase://SMWG/Observatory/Ground/Barentsburg,Barentsburg Geophysical Observatory,Barentsburg Geophysical Observatory,Barentsburg Geophysical Observatory,['']
spase://SMWG/Observatory/Ground/Barrow,Barrow Geophysical Observatory,Barrow Geophysical Observatory,Barrow Geophysical Observatory,['']
spase://SMWG/Observatory/Ground/BAS,British Antarctic Survey,British Antarctic Survey,BAS,['BAS']
spase://SMWG/Observatory/Ground/Bay.Mills,BMLS,Bay Mills Geophysical Observatory,Observatory Station Code: BMLS,['Observatory Station Code: BMLS']
spase://SMWG/Observatory/Ground/BBSO,Big Bear Solar Observatory,Big Bear Solar Observatory,BBSO,['BBSO']
spase://SMWG/Observatory/Ground/BCMT,BCMT,BCMT,Bureau Central De Magnetisme Terrestre France,"['French National Magnetic Observatory', 'Bureau Central De Magnetisme Terrestre France']"
spase://SMWG/Observatory/Ground/Bear.Island,Bear Island,Bear Island,Observatory Station Code: BJN,"['Observatory Station Code: BJN', 'Bjørnøya']"
spase://SMWG/Observatory/Ground/Beijing,Beijing,Beijing,Observatory Station Code: BJI,['Observatory Station Code: BJI']
spase://SMWG/Observatory/Ground/Beijing.Ming.Tombs,Beijing Ming Tombs,Beijing Ming Tombs,Observatory Station Code: BMT,['Observatory Station Code: BMT']
spase://SMWG/Observatory/Ground/Beloit,Beloit,Beloit,Observatory Station Code: BLT,['Observatory Station Code: BLT']
spase://SMWG/Observatory/Ground/Belsk,Belsk,Belsk,Observatory Station Code: BEL,['Observatory Station Code: BEL']
spase://SMWG/Observatory/Ground/Bennington,BENN,Bennington Geophysical Observatory,Bennington Geophysical Observatory,['']
spase://SMWG/Observatory/Ground/Bereznyaki,Bereznyaki,Bereznyaki,Observatory Station Code: KGD,['Observatory Station Code: KGD']
spase://SMWG/Observatory/Ground/Bettles,BETT,Bettles Geophysical Observatory,Bettles Geophysical Observatory,['']
spase://SMWG/Observatory/Ground/BGS,BGS,BGS,British Geological Survey,['British Geological Survey']
spase://SMWG/Observatory/Ground/Big.Delta,Big Delta,Big Delta,Observatory Station Code: BDE,['Observatory Station Code: BDE']
spase://SMWG/Observatory/Ground/Bjorn,Bjorn,Bjorn,Observatory Station Code: BJN,['Observatory Station Code: BJN']
spase://SMWG/Observatory/Ground/Bjornoya,Bjornoya Geophysical Observatory,Bjornoya Geophysical Observatory,Bjornoya Geophysical Observatory,['']
spase://SMWG/Observatory/Ground/Black.Forest,Black Forest,Black Forest,Observatory Station Code: BFO,['Observatory Station Code: BFO']
spase://SMWG/Observatory/Ground/Borok,Borok,Borok,Observatory Station Code: BOX,['Observatory Station Code: BOX']
spase://SMWG/Observatory/Ground/Boulder,Boulder Geophysical Observatory,Boulder Geophysical Observatory,Boulder Geophysical Observatory,['']
spase://SMWG/Observatory/Ground/Brorfelde,Brorfelde Geophysical Observatory,Brorfelde Geophysical Observatory,Brorfelde Geophysical Observatory,['']
spase://SMWG/Observatory/Ground/Budkov,Budkov,Budkov,Observatory Station Code: BDV,['Observatory Station Code: BDV']
spase://SMWG/Observatory/Ground/Burlington,Burlington,Burlington,Observatory Station Code: BRT,['Observatory Station Code: BRT']
spase://SMWG/Observatory/Ground/Byrd.Station.2,Byrd Station 2,Byrd Station 2,Observatory Station Code: BYR,['Observatory Station Code: BYR']
spase://SMWG/Observatory/Ground/Cambridge.Bay,Cambridge Bay Geophysical Observatory,Cambridge Bay Geophysical Observatory,Cambridge Bay Geophysical Observatory,['']
spase://SMWG/Observatory/Ground/CANMOS,CANMOS,CANadian Magnetic Observatory System,CANMOS,['CANMOS']
spase://SMWG/Observatory/Ground/CANOPUS,CANOPUS,CANOPUS,Canadian Auroral Network for the OPEN (Origins of Plasmas in Earth°s Neighborhood) Program Unified Study,"['Canadian Auroral Network for the OPEN (Origins of Plasmas in Earth°s Neighborhood) Program Unified Study', 'CARISMA', 'Canadian Array for Realtime Investigations of Magnetic Activity']"
spase://SMWG/Observatory/Ground/Cape.Chelyuskin,Cape Chelyuskin,Cape Chelyuskin,Observatory Station Code: CCS,['Observatory Station Code: CCS']
spase://SMWG/Observatory/Ground/Cape.Dorset,CDRT,Cape Dorset Geophysical Observatory,Cape Dorset Geophysical Observatory,['']
spase://SMWG/Observatory/Ground/Cape.Town,Cape Town,Cape Town,Observatory Station Code: CTO,['Observatory Station Code: CTO']
spase://SMWG/Observatory/Ground/Cape.Wellen,Cape Wellen,Cape Wellen,Observatory Station Code: CWE,"['Uelen', 'Observatory Station Code: CWE']"
spase://SMWG/Observatory/Ground/CARISMA,CARISMA,CARISMA,Canadian Auroral Network for the OPEN (Origins of Plasmas in Earth°s Neighborhood) Program Unified Study,"['Canadian Array for Realtime Investigations of Magnetic Activity', 'CANOPUS', 'Canadian Auroral Network for the OPEN (Origins of Plasmas in Earth°s Neighborhood) Program Unified Study']"
spase://SMWG/Observatory/Ground/Carrollton,Carrollton,Carrollton,Observatory Station Code: CAX,['Observatory Station Code: CAX']
spase://SMWG/Observatory/Ground/Carson.City,CCNV,Carson City Geophysical Observatory,Carson City Geophysical Observatory,['']
spase://SMWG/Observatory/Ground/Castellaccio,Castellaccio,Castellaccio,Observatory Station Code: CAO,['Observatory Station Code: CAO']
spase://SMWG/Observatory/Ground/Centro.Geofisico,Centro Geofisico,Centro Geofisico,Observatory Station Code: HVN,['Observatory Station Code: HVN']
spase://SMWG/Observatory/Ground/Cha.Pa,Cha Pa,Cha Pa,Observatory Station Code: CPA,"['Sapa', 'Observatory Station Code: CPA']"
spase://SMWG/Observatory/Ground/Chambon.la.Foret,Chambon la Foret,Chambon-la-Foret,Observatory Station Code: CLF,['Observatory Station Code: CLF']
spase://SMWG/Observatory/Ground/Changchun,Changchun,Changchun,Observatory Station Code: CNH,"['Helong', 'Observatory Station Code: CNH']"
spase://SMWG/Observatory/Ground/Charcot,Charcot,Charcot,Observatory Station Code: CTX,['Observatory Station Code: CTX']
spase://SMWG/Observatory/Ground/Charters.Towers,Charters Towers,Charters Towers,Observatory Station Code: CTA,['Observatory Station Code: CTA']
spase://SMWG/Observatory/Ground/Cheltenham,Cheltenham,Cheltenham,Observatory Station Code: CLH,['Observatory Station Code: CLH']
spase://SMWG/Observatory/Ground/Chengdu,Chengdu,Chengdu,Observatory Station Code: CDP,['Observatory Station Code: CDP']
spase://SMWG/Observatory/Ground/Chibougamau,CHBG,Chibougamau Geophysical Observatory,Chibougamau Geophysical Observatory,['']
spase://SMWG/Observatory/Ground/Chibougaou,Chibougaou,Chibougaou,Observatory Station Code: CHBG,['Observatory Station Code: CHBG']
spase://SMWG/Observatory/Ground/Chichijima,Chichijima,Chichijima,Observatory Station Code: CBI,['Observatory Station Code: CBI']
spase://SMWG/Observatory/Ground/Clyde.River,CRVR,Clyde River Geophysical Observatory,Clyde River Geophysical Observatory,['']
spase://SMWG/Observatory/Ground/Coimbra,Coimbra,Coimbra,Observatory Station Code: COI,['Observatory Station Code: COI']
spase://SMWG/Observatory/Ground/College,College Geophysical Observatory,College Geophysical Observatory,College Geophysical Observatory,['']
spase://SMWG/Observatory/Ground/Colville.National.Forest,Colville National Forest Geophysical Observatory,Colville National Forest Geophysical Observatory,Colville National Forest Geophysical Observatory,['']
spase://SMWG/Observatory/Ground/Coral.Harbour,CHBR,Coral Harbour Geophysical Observatory,Observatory Station Code: CHBR,['Observatory Station Code: CHBR']
spase://SMWG/Observatory/Ground/CTIO,CTIO,CTIO,CTIO,['']
spase://SMWG/Observatory/Ground/Dallas,Dallas,Dallas,Observatory Station Code: DAL,['Observatory Station Code: DAL']
spase://SMWG/Observatory/Ground/Daneborg,DNB,Daneborg Geophysical Observatory,Daneborg Geophysical Observatory,['']
spase://SMWG/Observatory/Ground/Danmarkshavn,DMH,Danmarkshavn Geophysical Observatory,Danmarkshavn Geophysical Observatory,['']
spase://SMWG/Observatory/Ground/Davao,Davao,Davao,Observatory Station Code: DAV,['Observatory Station Code: DAV']
spase://SMWG/Observatory/Ground/De.Bilt,De Bilt,De Bilt,Observatory Station Code: DBN,['Observatory Station Code: DBN']
spase://SMWG/Observatory/Ground/Dead.Horse,DED,Dead Horse Geophysical Observatory,Dead Horse Geophysical Observatory,['']
spase://SMWG/Observatory/Ground/Dededo,GUA,Dededo Geophysical Observatory,Dededo Geophysical Observatory,['']
spase://SMWG/Observatory/Ground/Del.Rio,Del Rio,Del Rio,Observatory Station Code: DLR,['Observatory Station Code: DLR']
spase://SMWG/Observatory/Ground/Derby,DRBY,Derby Geophysical Observatory,Derby Geophysical Observatory,['']
spase://SMWG/Observatory/Ground/Dikson,Dikson Geophysical Observatory,Dikson Geophysical Observatory,Dikson Geophysical Observatory,['']
spase://SMWG/Observatory/Ground/Dombas,Dombas Geophysical Observatory,Dombas Geophysical Observatory,Dombas Geophysical Observatory,['']
spase://SMWG/Observatory/Ground/Dome.Concordia,Dome Concordia,Dome Concordia,Observatory Station Code: DMC,['Observatory Station Code: DMC']
spase://SMWG/Observatory/Ground/Donna,Donna Geophysical Observatory,Donna Geophysical Observatory,Donna Geophysical Observatory,['']
spase://SMWG/Observatory/Ground/Dourbes,Dourbes,Dourbes,Observatory Station Code: DOU,['Observatory Station Code: DOU']
spase://SMWG/Observatory/Ground/DTU,Technical University of Danmark,Technical University of Danmark,DTU,['DTU']
spase://SMWG/Observatory/Ground/Dumont.d.Urville,Dumont d'Urville,Dumont d'Urville,Observatory Station Code: DRV,['Observatory Station Code: DRV']
spase://SMWG/Observatory/Ground/Dusheti,Dusheti,Dusheti,Observatory Station Code: TFS,"['Tblisi', 'Observatory Station Code: TFS']"
spase://SMWG/Observatory/Ground/Dymer,Dymer,Dymer,Observatory Station Code: KIV,['Observatory Station Code: KIV']
spase://SMWG/Observatory/Ground/Eagle,EAGL,Eagle Geophysical Observatory,Eagle Geophysical Observatory,['']
spase://SMWG/Observatory/Ground/Easter.Island,Easter Island,Easter Island,Observatory Station Code: EIC,['Observatory Station Code: EIC']
spase://SMWG/Observatory/Ground/Ebro,Ebro,Ebro,Observatory Station Code: EBR,['Observatory Station Code: EBR']
spase://SMWG/Observatory/Ground/Eights,Eights,Eights,Observatory Station Code: EGS,['Observatory Station Code: EGS']
spase://SMWG/Observatory/Ground/Eilat,Eilat,Eilat,Observatory Station Code: ELT,['Observatory Station Code: ELT']
spase://SMWG/Observatory/Ground/Ekaterinburg,Ekaterinburg,Ekaterinburg,Observatory Station Code: EKT,['Observatory Station Code: EKT']
spase://SMWG/Observatory/Ground/Ekati,EKAT,Ekati Geophysical Observatory,Observatory Station Code: EKAT,['Observatory Station Code: EKAT']
spase://SMWG/Observatory/Ground/Esashi,Esashi,Esashi,Observatory Station Code: ESA,['Observatory Station Code: ESA']
spase://SMWG/Observatory/Ground/Eskdalemuir,Eskdalemuir,Eskdalemuir,Observatory Station Code: ESK,['Observatory Station Code: ESK']
spase://SMWG/Observatory/Ground/Etaiyapuram,Etaiyapuram,Etaiyapuram,Observatory Station Code: ETT,['Observatory Station Code: ETT']
spase://SMWG/Observatory/Ground/Eyrewell,Eyrewell,Eyrewell,Observatory Station Code: EYR,['Observatory Station Code: EYR']
spase://SMWG/Observatory/Ground/Fanning,Fanning,Fanning,Observatory Station Code: FAN,['Observatory Station Code: FAN']
spase://SMWG/Observatory/Ground/Faraday.Islands,Faraday Islands,Faraday Islands,Observatory Station Code: AIA,"['Argentine Island', 'Observatory Station Code: AIA']"
spase://SMWG/Observatory/Ground/Flin.Flon,Flin Flon Geophysical Observatory,Flin Flon Geophysical Observatory,Flin Flon Vector Magnetic Field 0.5 s Data Geophysical Observatory,"['Flin Flon Vector Magnetic Field 0.5 s Data Geophysical Observatory', 'Observatory Station Code: TPAS', 'The Pas']"
spase://SMWG/Observatory/Ground/Fort.Churchill,Fort Churchill Geophysical Observatory,Fort Churchill Geophysical Observatory,Observatory Station Code: FCC,['Observatory Station Code: FCC']
spase://SMWG/Observatory/Ground/Fort.Churchill.2,Fort Churchill Geophysical Observatory,Fort Churchill Geophysical Observatory,Observatory Station Code: FCHU,['Observatory Station Code: FCHU']
spase://SMWG/Observatory/Ground/Fort.Nelson,FTN,Fort Nelson Geophysical Observatory,Observatory Station Code: FTN,['Observatory Station Code: FTN']
spase://SMWG/Observatory/Ground/Fort.Rae.2,Fort Rae,Fort Rae 2,Observatory Station Code: FRA,['Observatory Station Code: FRA']
spase://SMWG/Observatory/Ground/Fort.Simpson,Fort Simpson Geophysical Observatory,Fort Simpson Geophysical Observatory,Observatory Station Code: FSIM,['Observatory Station Code: FSIM']
spase://SMWG/Observatory/Ground/Fort.Smith,Fort Smith Geophysical Observatory,Fort Smith Geophysical Observatory,Observatory Station Code: FSMI,['Observatory Station Code: FSMI']
spase://SMWG/Observatory/Ground/Fort.St.John,FSJ,Fort St. John Geophysical Observatory,Observatory Station Code: FSJ,['Observatory Station Code: FSJ']
spase://SMWG/Observatory/Ground/Fort.Yates,FYTS,Fort Yates Geophysical Observatory,Observatory Station Code: FYTS,['Observatory Station Code: FYTS']
spase://SMWG/Observatory/Ground/Fort.Yukon,Fort Yukon Geophysical Observatory,Fort Yukon Geophysical Observatory,Observatory Station Code: FYKN,['Observatory Station Code: FYKN']
spase://SMWG/Observatory/Ground/Fredericksburg,Fredericksburg Geophysical Observatory,Fredericksburg Geophysical Observatory,Observatory Station Code: FRD,['Observatory Station Code: FRD']
spase://SMWG/Observatory/Ground/Freetown.2,Freetown,Freetown 2,Observatory Station Code: FTN,['Observatory Station Code: FTN']
spase://SMWG/Observatory/Ground/Fresno,Fresno Geophysical Observatory,Fresno Geophysical Observatory,Observatory Station Code: FRN,['Observatory Station Code: FRN']
spase://SMWG/Observatory/Ground/Fuquene,Fuquene,Fuquene,Observatory Station Code: FUQ,['Observatory Station Code: FUQ']
spase://SMWG/Observatory/Ground/Furstenfeldbruck,Furstenfeldbruck,Furstenfeldbruck,Observatory Station Code: FUR,['Observatory Station Code: FUR']
spase://SMWG/Observatory/Ground/GA,Geoscience Australia,Geoscience Australia,GA,['GA']
spase://SMWG/Observatory/Ground/Gakona,Gakona Geophysical Observatory,Gakona Geophysical Observatory,Observatory Station Code: GAKO,['Observatory Station Code: GAKO']
spase://SMWG/Observatory/Ground/GCRAS,Geomagnetic Data Center Russia Ukraine,Geomagnetic Data Center Russia Ukraine,GCRAS,['GCRAS']
spase://SMWG/Observatory/Ground/GFZ,GeoForschungsZentrum,GeoForschungsZentrum ,German Research Centre for Geosciences,"['German Research Centre for Geosciences', 'GFZ']"
spase://SMWG/Observatory/Ground/Gillam,Gillam Geophysical Observatory,Gillam Geophysical Observatory,Observatory Station Code: GILL,['Observatory Station Code: GILL']
spase://SMWG/Observatory/Ground/GIMA,GIMA,Geophysical Institute Magnetometer Array,GIMA,['GIMA']
spase://SMWG/Observatory/Ground/Gjoa.Haven,GJOA,Gjoa Haven Geophysical Observatory,Observatory Station Code: GJOA,['Observatory Station Code: GJOA']
spase://SMWG/Observatory/Ground/Glenlea,Glenlea,Glenlea,Observatory Station Code: GLN,['Observatory Station Code: GLN']
spase://SMWG/Observatory/Ground/Glyndon,GLYN,Glyndon Geophysical Observatory,Observatory Station Code: GLYN,['Observatory Station Code: GLYN']
spase://SMWG/Observatory/Ground/GMAG,GMAG,THEMIS-Associated Ground Magnetometer Stations,THEMIS-Associated Ground Magnetometer Stations,['']
spase://SMWG/Observatory/Ground/Gnangara,Gnangara,Gnangara,Observatory Station Code: GNA,['Observatory Station Code: GNA']
spase://SMWG/Observatory/Ground/Golmud,Golmud,Golmud,Observatory Station Code: GLM,['Observatory Station Code: GLM']
spase://SMWG/Observatory/Ground/Goose.Bay,GBAY,Goose Bay Geophysical Observatory,Observatory Station Code: GBAY,['Observatory Station Code: GBAY']
spase://SMWG/Observatory/Ground/Gornotayezhnaya,Gornotayezhnaya,Gornotayezhnaya,Observatory Station Code: VLA,['Observatory Station Code: VLA']
spase://SMWG/Observatory/Ground/Grahamstown,Grahamstown,Grahamstown,Observatory Station Code: GRM,['Observatory Station Code: GRM']
spase://SMWG/Observatory/Ground/Great.Whale.River,Great Whale River,Great Whale River,Observatory Station Code: GWC,['Observatory Station Code: GWC']
spase://SMWG/Observatory/Ground/Grocka,Grocka,Grocka,Observatory Station Code: GCK,['Observatory Station Code: GCK']
spase://SMWG/Observatory/Ground/Guam,Guam,Guam,Observatory Station Code: GUA,['Observatory Station Code: GUA']
spase://SMWG/Observatory/Ground/Guangzhou,Guangzhou,Guangzhou,Observatory Station Code: GZH,['Observatory Station Code: GZH']
spase://SMWG/Observatory/Ground/Guimar,Guimar,Guimar,Observatory Station Code: GUI,['Observatory Station Code: GUI']
spase://SMWG/Observatory/Ground/Halley.Bay,Halley Bay,Halley Bay,Observatory Station Code: HBA,['Observatory Station Code: HBA']
spase://SMWG/Observatory/Ground/Hankasalmi,Hankasalmi Geophysical Observatory,Hankasalmi Geophysical Observatory,Hankasalmi Geophysical Observatory,['']
spase://SMWG/Observatory/Ground/Harris,HRIS,Harris Geophysical Observatory,Observatory Station Code: HRIS,['Observatory Station Code: HRIS']
spase://SMWG/Observatory/Ground/Hartebeesthoek,Hartebeesthoek,Hartebeesthoek,Observatory Station Code: HBK,['Observatory Station Code: HBK']
spase://SMWG/Observatory/Ground/Hartland,Hartland,Hartland,Observatory Station Code: HAD,['Observatory Station Code: HAD']
spase://SMWG/Observatory/Ground/Hatizyo,Hatizyo,Hatizyo,Observatory Station Code: HTY,['Observatory Station Code: HTY']
spase://SMWG/Observatory/Ground/Heiss.Island,Heiss Island,Heiss Island,Observatory Station Code: HIS,['Observatory Station Code: HIS']
spase://SMWG/Observatory/Ground/Hel,Hel,Hel,Observatory Station Code: HLP,['Observatory Station Code: HLP']
spase://SMWG/Observatory/Ground/Helwan,Helwan,Helwan,Observatory Station Code: HLW,['Observatory Station Code: HLW']
spase://SMWG/Observatory/Ground/Hermanus,Hermanus,Hermanus,Observatory Station Code: HER,['Observatory Station Code: HER']
spase://SMWG/Observatory/Ground/Hollandia,Hollandia,Hollandia,Observatory Station Code: HNA,['Observatory Station Code: HNA']
spase://SMWG/Observatory/Ground/Homer,Homer Geophysical Observatory,Homer Geophysical Observatory,Observatory Station Code: HOMR,['Observatory Station Code: HOMR']
spase://SMWG/Observatory/Ground/Honolulu,Honolulu Geophysical Observatory,Honolulu Geophysical Observatory,Observatory Station Code: HON,['Observatory Station Code: HON']
spase://SMWG/Observatory/Ground/Hopen,Hopen Geophysical Observatory,Hopen Geophysical Observatory,Observatory Station Code: HOP,['Observatory Station Code: HOP']
spase://SMWG/Observatory/Ground/Hornepayne,Hornepayne Geophysical Observatory,Hornepayne Geophysical Observatory,Observatory Station Code: HRP,['Observatory Station Code: HRP']
spase://SMWG/Observatory/Ground/Hornsund,Hornsund,Hornsund,Observatory Station Code: HRN,['Observatory Station Code: HRN']
spase://SMWG/Observatory/Ground/Hot.Springs,Hot Springs Geophysical Observatory,Hot Springs Geophysical Observatory,Observatory Station Code: HOTS,['Observatory Station Code: HOTS']
spase://SMWG/Observatory/Ground/Hov.Faroe.Islands,Hov Faroe Islands Geophysical Observatory,Hov Faroe Islands Geophysical Observatory,Hov Faroe Islands Geophysical Observatory,['']
spase://SMWG/Observatory/Ground/Huancayo,Huancayo,Huancayo,Observatory Station Code: HUA,['Observatory Station Code: HUA']
spase://SMWG/Observatory/Ground/Hurbanovo,Hurbanovo,Hurbanovo,Observatory Station Code: HRB,['Observatory Station Code: HRB']
spase://SMWG/Observatory/Ground/Hyderabad,Hyderabad,Hyderabad,Observatory Station Code: HYB,['Observatory Station Code: HYB']
spase://SMWG/Observatory/Ground/Ibadan,Ibadan,Ibadan,Observatory Station Code: IBD,['Observatory Station Code: IBD']
spase://SMWG/Observatory/Ground/Igloolik,IGLO,Igloolik Geophysical Observatory,Observatory Station Code: IGLO,['Observatory Station Code: IGLO']
spase://SMWG/Observatory/Ground/IIG,Indian Institute of Geomagnetism,Indian Institute of Geomagnetism,IIG,['IIG']
spase://SMWG/Observatory/Ground/IMAGE,International Monitor for Auroral Geomagnetic Effects,International Monitor for Auroral Geomagnetic Effects,IMAGE,['IMAGE']
spase://SMWG/Observatory/Ground/INTERMAGNET,INTERMAGNET,INTERMAGNET,International Real-time Magnetic Observatory Network,['International Real-time Magnetic Observatory Network']
spase://SMWG/Observatory/Ground/Inukjuak,INUK,Inukjuak Geophysical Observatory,Observatory Station Code: INUK,['Observatory Station Code: INUK']
spase://SMWG/Observatory/Ground/Inuvik,Inuvik Geophysical Observatory,Inuvik Geophysical Observatory,Observatory Station Code: INUV,['Observatory Station Code: INUV']
spase://SMWG/Observatory/Ground/Iqaluit,Iqaluit Geophysical Observatory,Iqaluit Geophysical Observatory,Observatory Station Code: IQA,['Observatory Station Code: IQA']
spase://SMWG/Observatory/Ground/Istanbul.Kandilli,Istanbul Kandilli,Istanbul-Kandilli,Observatory Station Code: ISK,['Observatory Station Code: ISK']
spase://SMWG/Observatory/Ground/Ittoqqortoormiit,SCO,Ittoqqortoormiit Geophysical Observatory,Observatory Station Code: SCO,['Observatory Station Code: SCO']
spase://SMWG/Observatory/Ground/Ivalo,Ivalo Geophysical Observatory,Ivalo Geophysical Observatory,Observatory Station Code: IVA,['Observatory Station Code: IVA']
spase://SMWG/Observatory/Ground/Iznik,Iznik,Iznik,Observatory Station Code: IZN,['Observatory Station Code: IZN']
spase://SMWG/Observatory/Ground/Jackvik,JCK,Jackvik Geophysical Observatory,Observatory Station Code: JCK,['Observatory Station Code: JCK']
spase://SMWG/Observatory/Ground/Jaipur,Jaipur,Jaipur,Observatory Station Code: JAI,['Observatory Station Code: JAI']
spase://SMWG/Observatory/Ground/Jan.Mayen,Jan Mayen Geophysical Observatory,Jan Mayen Geophysical Observatory,Observatory Station Code: JAN,['Observatory Station Code: JAN']
spase://SMWG/Observatory/Ground/Jarvis.Island,Jarvis Island,Jarvis Island,Observatory Station Code: JRV,['Observatory Station Code: JRV']
spase://SMWG/Observatory/Ground/Jim.Carrigan.Observatory,Jim Carrigan Observatory,Jim Carrigan Observatory,Observatory Station Code: JCO,['Observatory Station Code: JCO']
spase://SMWG/Observatory/Ground/Kakadu,Kakadu,Kakadu,Observatory Station Code: KDU,['Observatory Station Code: KDU']
spase://SMWG/Observatory/Ground/Kakioka,Kakioka,Kakioka,Observatory Station Code: KAK,['Observatory Station Code: KAK']
spase://SMWG/Observatory/Ground/Kaktovik,KAKO,Kaktovik Geophysical Observatory,Observatory Station Code: KAKO,['Observatory Station Code: KAKO']
spase://SMWG/Observatory/Ground/Kangerlussuaq,STF,Kangerlussuaq Geophysical Observatory,Observatory Station Code: STF,['Observatory Station Code: STF']
spase://SMWG/Observatory/Ground/Kanoya,Kanoya,Kanoya,Observatory Station Code: KNY,['Observatory Station Code: KNY']
spase://SMWG/Observatory/Ground/Kanozan,Kanozan,Kanozan,Observatory Station Code: KNZ,['Observatory Station Code: KNZ']
spase://SMWG/Observatory/Ground/Kapuskasing,KAPU,Kapuskasing Geophysical Observatory,Observatory Station Code: KAPU,['Observatory Station Code: KAPU']
spase://SMWG/Observatory/Ground/Karachi,Karachi,Karachi,Observatory Station Code: KRC,['Observatory Station Code: KRC']
spase://SMWG/Observatory/Ground/Karmoy,KAR,Karmoy Geophysical Observatory,Karmoy Geophysical Observatory,['']
spase://SMWG/Observatory/Ground/Kashi,Kashi,Kashi,Observatory Station Code: KSH,['Observatory Station Code: KSH']
spase://SMWG/Observatory/Ground/Keetmanshoop,Keetmanshoop,Keetmanshoop,Observatory Station Code: KMH,['Observatory Station Code: KMH']
spase://SMWG/Observatory/Ground/Kenai,KENA,Kenai Geophysical Observatory,Observatory Station Code: KENA,['Observatory Station Code: KENA']
spase://SMWG/Observatory/Ground/Kevo,KEV,Kevo Geophysical Observatory,Observatory Station Code: KEV,['Observatory Station Code: KEV']
spase://SMWG/Observatory/Ground/Kiana,KIAN,Kiana Geophysical Observatory,Observatory Station Code: KIAN,['Observatory Station Code: KIAN']
spase://SMWG/Observatory/Ground/Kilpisjarvi,KIL,Kilpisjarvi Geophysical Observatory,Observatory Station Code: KIL,['Observatory Station Code: KIL']
spase://SMWG/Observatory/Ground/Kiruna,Kiruna,Kiruna,Observatory Station Code: KIR,['Observatory Station Code: KIR']
spase://SMWG/Observatory/Ground/Kodaikanal,Kodaikanal,Kodaikanal,Observatory Station Code: KOD,['Observatory Station Code: KOD']
spase://SMWG/Observatory/Ground/Kodiak,KODK,Kodiak Geophysical Observatory,Observatory Station Code: KODK,['Observatory Station Code: KODK']
spase://SMWG/Observatory/Ground/Koror,Koror,Koror,Observatory Station Code: KOR,['Observatory Station Code: KOR']
spase://SMWG/Observatory/Ground/Kourou,Kourou,Kourou,Observatory Station Code: KOU,['Observatory Station Code: KOU']
spase://SMWG/Observatory/Ground/Krasnaya.Pakhra,Krasnaya Pakhra,Krasnaya Pakhra,Observatory Station Code: MOS,"['Moscow', 'Observatory Station Code: MOS']"
spase://SMWG/Observatory/Ground/Kullorsuaq,KUV,Kullorsuaq Geophysical Observatory,Observatory Station Code: KUV,['Observatory Station Code: KUV']
spase://SMWG/Observatory/Ground/Kuujjuaq,KUUJ,Kuujjuaq Geophysical Observatory,Observatory Station Code: KUUJ,['Observatory Station Code: KUUJ']
spase://SMWG/Observatory/Ground/Kuujjuarapik,KJPK,Kuujjuarapik Geophysical Observatory,Observatory Station Code: KJPK,['Observatory Station Code: KJPK']
spase://SMWG/Observatory/Ground/L.Aquila,L'Aquila,L'Aquila,Observatory Station Code: AQU,['Observatory Station Code: AQU']
spase://SMWG/Observatory/Ground/La.Paz,La Paz,La Paz,Observatory Station Code: LPB,['Observatory Station Code: LPB']
spase://SMWG/Observatory/Ground/La.Quiaca,La Quiaca,La Quiaca,Observatory Station Code: LQA,['Observatory Station Code: LQA']
spase://SMWG/Observatory/Ground/La.Ronge,LRG,La Ronge Geophysical Observatory,Observatory Station Code: LRG,['Observatory Station Code: LRG']
spase://SMWG/Observatory/Ground/Lanzhou,Lanzhou,Lanzhou,Observatory Station Code: LZH,['Observatory Station Code: LZH']
spase://SMWG/Observatory/Ground/Las.Mesas,Las Mesas,Las Mesas,Observatory Station Code: TEN,"['Tenerife', 'Observatory Station Code: TEN']"
spase://SMWG/Observatory/Ground/Laurel,LREL,Laurel Geophysical Observatory,Observatory Station Code: LREL,['Observatory Station Code: LREL']
spase://SMWG/Observatory/Ground/Leadville,Leadville,Leadville,Observatory Station Code: LDV,['Observatory Station Code: LDV']
spase://SMWG/Observatory/Ground/Learmonth,Learmonth,Learmonth,Learmonth,['']
spase://SMWG/Observatory/Ground/Leirvogur,Leirvogur Geophysical Observatory,Leirvogur Geophysical Observatory,Leirvogur Geophysical Observatory,['']
spase://SMWG/Observatory/Ground/Leningradskaya,Leningradskaya,Leningradskaya,Observatory Station Code: LEN,['Observatory Station Code: LEN']
spase://SMWG/Observatory/Ground/Lerwick,Lerwick,Lerwick,Observatory Station Code: LER,['Observatory Station Code: LER']
spase://SMWG/Observatory/Ground/Lethbridge,LETH,Lethbridge Geophysical Observatory,Observatory Station Code: LETH,['Observatory Station Code: LETH']
spase://SMWG/Observatory/Ground/Linares,LRES,Linares Geophysical Observatory,Observatory Station Code: LRES,['Observatory Station Code: LRES']
spase://SMWG/Observatory/Ground/Little.America,Little America,Little America,Observatory Station Code: LAA,['Observatory Station Code: LAA']
spase://SMWG/Observatory/Ground/Livingston.Island,Livingston Island,Livingston Island,Observatory Station Code: LIV,['Observatory Station Code: LIV']
spase://SMWG/Observatory/Ground/Logrono,Logrono,Logrono,Observatory Station Code: LGR,['Observatory Station Code: LGR']
spase://SMWG/Observatory/Ground/Longyearbyen,LYR,Longyearbyen Geophysical Observatory,Observatory Station Code: LYR,['Observatory Station Code: LYR']
spase://SMWG/Observatory/Ground/Loparskaya,Loparskaya,Loparskaya,Observatory Station Code: MMK,['Observatory Station Code: MMK']
spase://SMWG/Observatory/Ground/Lovo,Lovo,Lovo,Observatory Station Code: LOV,['Observatory Station Code: LOV']
spase://SMWG/Observatory/Ground/Lovozero,Lovozero Geophysical Observatory,Lovozero Geophysical Observatory,Observatory Station Code: LOZ,['Observatory Station Code: LOZ']
spase://SMWG/Observatory/Ground/Loysburg,LOYS,Loysburg Geophysical Observatory,Observatory Station Code: LOYS,['Observatory Station Code: LOYS']
spase://SMWG/Observatory/Ground/Luanda.Belas,Luanda Belas,Luanda Belas,Observatory Station Code: LUA,['Observatory Station Code: LUA']
spase://SMWG/Observatory/Ground/Lucky.Lake,Lucky Lake Geophysical Observatory,Lucky Lake Geophysical Observatory,Observatory Station Code: LCL,['Observatory Station Code: LCL']
spase://SMWG/Observatory/Ground/Lunping,Lunping,Lunping,Observatory Station Code: LNP,['Observatory Station Code: LNP']
spase://SMWG/Observatory/Ground/Lvov,Lvov,Lvov,Observatory Station Code: LVV,['Observatory Station Code: LVV']
spase://SMWG/Observatory/Ground/Lwiro,Lwiro,Lwiro,Observatory Station Code: LWI,['Observatory Station Code: LWI']
spase://SMWG/Observatory/Ground/Lycksele,Lycksele,Lycksele,Observatory Station Code: LYC,['Observatory Station Code: LYC']
spase://SMWG/Observatory/Ground/Lyford,LYFD,Lyford Geophysical Observatory,Observatory Station Code: LYFD,['Observatory Station Code: LYFD']
spase://SMWG/Observatory/Ground/MACCS,MACCS,Magnetometer Array for Cusp and Cleft Studies,MACCS,['MACCS']
spase://SMWG/Observatory/Ground/Manhay,Manhay,Manhay,Observatory Station Code: MAB,['Observatory Station Code: MAB']
spase://SMWG/Observatory/Ground/Maniitsoq,SKT,Maniitsoq Geophysical Observatory,Observatory Station Code: SKT,['Observatory Station Code: SKT']
spase://SMWG/Observatory/Ground/Manzhouli,Manzhouli,Manzhouli,Observatory Station Code: MZL,['Observatory Station Code: MZL']
spase://SMWG/Observatory/Ground/Maputo,Maputo,Maputo,Observatory Station Code: LMM,['Observatory Station Code: LMM']
spase://SMWG/Observatory/Ground/Marion.Island,Marion Island,Marion Island,Observatory Station Code: MRN,['Observatory Station Code: MRN']
spase://SMWG/Observatory/Ground/Martin.de.Vivies,Martin de Vivies,Martin de Vivies,Observatory Station Code: AMS,['Observatory Station Code: AMS']
spase://SMWG/Observatory/Ground/Masi,MAS,Masi Geophysical Observatory,Observatory Station Code: MAS,['Observatory Station Code: MAS']
spase://SMWG/Observatory/Ground/MaunaLoaSO,MLSO,MLSO,Mauna Loa Solar Observatory,['Mauna Loa Solar Observatory']
spase://SMWG/Observatory/Ground/MBour,MBour,MBour,Observatory Station Code: MBO,['Observatory Station Code: MBO']
spase://SMWG/Observatory/Ground/McGrath,MCGR,McGrath Geophysical Observatory,Observatory Station Code: MCGR,['Observatory Station Code: MCGR']
spase://SMWG/Observatory/Ground/McMAC,McMAC,"Mid-continent Magnetoseismic Chain, McMAC, Observatory Chain","Mid-continent Magnetoseismic Chain, McMAC, Observatory Chain",['']
spase://SMWG/Observatory/Ground/Meanook,Meanook Geophysical Observatory,Meanook Geophysical Observatory,Observatory Station Code: MEA,['Observatory Station Code: MEA']
spase://SMWG/Observatory/Ground/Mekrijarvi,MEK,Mekrijarvi Geophysical Observatory,Observatory Station Code: MEK,['Observatory Station Code: MEK']
spase://SMWG/Observatory/Ground/Memambetsu,Memambetsu,Memambetsu,Observatory Station Code: MMB,['Observatory Station Code: MMB']
spase://SMWG/Observatory/Ground/Midway,Midway,Midway,Observatory Station Code: MID,['Observatory Station Code: MID']
spase://SMWG/Observatory/Ground/Mirny,Mirny,Mirny,Observatory Station Code: MIR,['Observatory Station Code: MIR']
spase://SMWG/Observatory/Ground/Misallat,Misallat,Misallat,Observatory Station Code: MLT,['Observatory Station Code: MLT']
spase://SMWG/Observatory/Ground/Mizusawa,Mizusawa,Mizusawa,Observatory Station Code: MIZ,['Observatory Station Code: MIZ']
spase://SMWG/Observatory/Ground/Moca,Moca,Moca,Observatory Station Code: MFP,['Observatory Station Code: MFP']
spase://SMWG/Observatory/Ground/Molodezhnaya,Molodezhnaya,Molodezhnaya,Observatory Station Code: MOL,['Observatory Station Code: MOL']
spase://SMWG/Observatory/Ground/Monte.Capellino,Monte Capellino,Monte Capellino,Observatory Station Code: MCP,['Observatory Station Code: MCP']
spase://SMWG/Observatory/Ground/Mould.Bay,Mould Bay,Mould Bay,Observatory Station Code: MBC,['Observatory Station Code: MBC']
spase://SMWG/Observatory/Ground/Muntinlupa,Muntinlupa,Muntinlupa,Observatory Station Code: MUT,['Observatory Station Code: MUT']
spase://SMWG/Observatory/Ground/Muono,MUO,Muono Geophysical Observatory,Observatory Station Code: Muo,['Observatory Station Code: Muo']
spase://SMWG/Observatory/Ground/Murchison.Bay,Murchison Bay,Murchison Bay,Observatory Station Code: MUB,['Observatory Station Code: MUB']
spase://SMWG/Observatory/Ground/NAE,Near Conjugate Northern Auroral Electrojet Index,Near Conjugate Northern Auroral Electrojet Index,Near Conjugate Northern Auroral Electrojet Index,['']
spase://SMWG/Observatory/Ground/Nagpur,Nagpur,Nagpur,Observatory Station Code: NGP,['Observatory Station Code: NGP']
spase://SMWG/Observatory/Ground/Nagycenk,Nagycenk,Nagycenk,Observatory Station Code: NCK,['Observatory Station Code: NCK']
spase://SMWG/Observatory/Ground/Nain,Nain Geophysical Observatory,Nain Geophysical Observatory,Observatory Station Code: NAIN,['Observatory Station Code: NAIN']
spase://SMWG/Observatory/Ground/Nairobi,Nairobi,Nairobi,Observatory Station Code: NAI,['Observatory Station Code: NAI']
spase://SMWG/Observatory/Ground/Nampula,Nampula,Nampula,Observatory Station Code: NMP,['Observatory Station Code: NMP']
spase://SMWG/Observatory/Ground/Narsarsuaq,NRSQ,Narsarsuaq Geophysical Observatory,Observatory Station Code: NRSQ,['Observatory Station Code: NRSQ']
spase://SMWG/Observatory/Ground/NASA.Stennis.Space.Center,BSL,NASA Stennis Space Center Geophysical Observatory,Observatory Station Code: BSL,['Observatory Station Code: BSL']
spase://SMWG/Observatory/Ground/Neumayer.Station.III,Neumayer Station III,Neumayer Station III,Observatory Station Code: VNA,['Observatory Station Code: VNA']
spase://SMWG/Observatory/Ground/Newport,Newport,Newport,Observatory Station Code: NEW,['Observatory Station Code: NEW']
spase://SMWG/Observatory/Ground/Niemegk,Niemegk,Niemegk,Observatory Station Code: NGK,['Observatory Station Code: NGK']
spase://SMWG/Observatory/Ground/Nord,Nord Geophysical Observatory,Nord Geophysical Observatory,Observatory Station Code: NRD,['Observatory Station Code: NRD']
spase://SMWG/Observatory/Ground/Nordkapp,NOR,Nordkapp Geophysical Observatory,Observatory Station Code: NOR,['Observatory Station Code: NOR']
spase://SMWG/Observatory/Ground/Norway.Station,Norway Station,Norway Station,Observatory Station Code: NWS,['Observatory Station Code: NWS']
spase://SMWG/Observatory/Ground/Novokazalinsk,Novokazalinsk,Novokazalinsk,Observatory Station Code: NKK,['Observatory Station Code: NKK']
spase://SMWG/Observatory/Ground/Novolazarevskaya,Novolazarevskaya,Novolazarevskaya,Observatory Station Code: NVL,['Observatory Station Code: NVL']
spase://SMWG/Observatory/Ground/Novosibirsk,Novosibirsk,Novosibirsk,Observatory Station Code: NVS,"['Klyuchi', 'Observatory Station Code: NVS']"
spase://SMWG/Observatory/Ground/Nurmijarvi,Nurmijarvi Geophysical Observatory,Nurmijarvi Geophysical Observatory,Observatory Station Code: NUR,['Observatory Station Code: NUR']
spase://SMWG/Observatory/Ground/Nuuk,GHB,Nuuk Geophysical Observatory,Godthap Vector Magnetic Field 1.0 min Data Geophysical Observatory,"['Godthap Vector Magnetic Field 1.0 min Data Geophysical Observatory', 'Observatory Station Code: GHB']"
spase://SMWG/Observatory/Ground/Ny.Alesund,Ny Alesund Geophysical Observatory,Ny Alesund Geophysical Observatory,Observatory Station Code: NAL,['Observatory Station Code: NAL']
spase://SMWG/Observatory/Ground/Nyalesund,NAL,Nyalesund,Observatory Station Code: NAL,['Observatory Station Code: NAL']
spase://SMWG/Observatory/Ground/Oasis,Oasis,Oasis,Observatory Station Code: OAS,['Observatory Station Code: OAS']
spase://SMWG/Observatory/Ground/Ottawa,Ottawa Geophysical Observatory,Ottawa Geophysical Observatory,Observatory Station Code: OTT,['Observatory Station Code: OTT']
spase://SMWG/Observatory/Ground/Oulujarvi,Oulujarvi Geophysical Observatory,Oulujarvi Geophysical Observatory,Observatory Station Code: OUJ,['Observatory Station Code: OUJ']
spase://SMWG/Observatory/Ground/Paamiut,FHB,Paamiut Geophysical Observatory,Frederikshap Vector Magnetic Field 1.0 min Data Geophysical Observatory,"['Observatory Station Code: FHB', 'Frederikshap Vector Magnetic Field 1.0 min Data Geophysical Observatory']"
spase://SMWG/Observatory/Ground/Pamatai,Pamatai,Pamatai,Observatory Station Code: PPT,"['Papeete', 'Observatory Station Code: PPT']"
spase://SMWG/Observatory/Ground/Panagjurishte,Panagjurishte,Panagjurishte,Observatory Station Code: PAG,['Observatory Station Code: PAG']
spase://SMWG/Observatory/Ground/Pangnirtung,PANG,Pangnirtung Geophysical Observatory,Observatory Station Code: PANG,['Observatory Station Code: PANG']
spase://SMWG/Observatory/Ground/Paramaribo,Paramaribo,Paramaribo,Observatory Station Code: PAB,['Observatory Station Code: PAB']
spase://SMWG/Observatory/Ground/Paratunka,Paratunka,Paratunka,Observatory Station Code: PET,"['Petropavlovsk', 'Observatory Station Code: PET']"
spase://SMWG/Observatory/Ground/Parc.St.Maur,Parc St Maur,Parc St Maur,Observatory Station Code: PSM,['Observatory Station Code: PSM']
spase://SMWG/Observatory/Ground/Park.Site,PKS,Park Site Geophysical Observatory,Observatory Station Code: PKS,['Observatory Station Code: PKS']
spase://SMWG/Observatory/Ground/Patrony,Patrony,Patrony,Observatory Station Code: IRT,['Observatory Station Code: IRT']
spase://SMWG/Observatory/Ground/Pedeli,Pedeli,Pedeli,Observatory Station Code: PEG,"['Penteli', 'Observatory Station Code: PEG']"
spase://SMWG/Observatory/Ground/Pello,PEL,Pello Geophysical Observatory,Observatory Station Code: PEL,['Observatory Station Code: PEL']
spase://SMWG/Observatory/Ground/Pelly.Bay,Pelly Bay Geophysical Observatory,Pelly Bay Geophysical Observatory,Observatory Station Code: PEB,['Observatory Station Code: PEB']
spase://SMWG/Observatory/Ground/PENGUIn,PENGUIn,PENGUIn,Polar Experimental Network for Geospace Upper atmosphere Investigations,['Polar Experimental Network for Geospace Upper atmosphere Investigations']
spase://SMWG/Observatory/Ground/PENGUIn.0,PG0,PENGUIn-0 Geophysical Observatory,Observatory Station Code: PG0,['Observatory Station Code: PG0']
spase://SMWG/Observatory/Ground/PENGUIn.1,PG1,PENGUIn-1 Geophysical Observatory,Observatory Station Code: PG1,['Observatory Station Code: PG1']
spase://SMWG/Observatory/Ground/PENGUIn.2,PG2,PENGUIn-2 Geophysical Observatory,Observatory Station Code: PG2,['Observatory Station Code: PG2']
spase://SMWG/Observatory/Ground/PENGUIn.3,PG3,PENGUIn-3 Geophysical Observatory,Observatory Station Code: PG3,['Observatory Station Code: PG3']
spase://SMWG/Observatory/Ground/PENGUIn.4,PG4,PENGUIn-4 Geophysical Observatory,Observatory Station Code: PG4,['Observatory Station Code: PG4']
spase://SMWG/Observatory/Ground/PENGUIn.5,PG5,PENGUIn-5 Geophysical Observatory,Observatory Station Code: PG5,['Observatory Station Code: PG5']
spase://SMWG/Observatory/Ground/Petersburg,PTRS,Petersburg Geophysical Observatory,Observatory Station Code: PTRS,['Observatory Station Code: PTRS']
spase://SMWG/Observatory/Ground/Pevek,PBK,Pevek Geophysical Observatory,Observatory Station Code: PBK,['Observatory Station Code: PBK']
spase://SMWG/Observatory/Ground/Phuthuy,Phuthuy,Phuthuy,Observatory Station Code: PHU,['Observatory Station Code: PHU']
spase://SMWG/Observatory/Ground/Pilar,Pilar,Pilar,Observatory Station Code: PIL,['Observatory Station Code: PIL']
spase://SMWG/Observatory/Ground/Pinawa,PINA,Pinawa Geophysical Observatory,Observatory Station Code: PINA,['Observatory Station Code: PINA']
spase://SMWG/Observatory/Ground/Pine.Ridge,PINE,Pine Ridge Geophysical Observatory,Observatory Station Code: PINE,['Observatory Station Code: PINE']
spase://SMWG/Observatory/Ground/Pionerskaya,Pionerskaya,Pionerskaya,Observatory Station Code: PIO,['Observatory Station Code: PIO']
spase://SMWG/Observatory/Ground/Plateau,Plateau,Plateau,Observatory Station Code: PTU,['Observatory Station Code: PTU']
spase://SMWG/Observatory/Ground/Pleshenitzi,Pleshenitzi,Pleshenitzi,Observatory Station Code: MNK,"['Minsk', 'Observatory Station Code: MNK']"
spase://SMWG/Observatory/Ground/Podkamennaya.Tunguska,Podkamennaya Tunguska,Podkamennaya Tunguska,Observatory Station Code: POD,['Observatory Station Code: POD']
spase://SMWG/Observatory/Ground/Poker.Flat,Poker Flat Geophysical Observatory,Poker Flat Geophysical Observatory,Observatory Station Code: POKR,['Observatory Station Code: POKR']
spase://SMWG/Observatory/Ground/Pondicherry,Pondicherry,Pondicherry,Observatory Station Code: PND,['Observatory Station Code: PND']
spase://SMWG/Observatory/Ground/Port.Alfred,Port Alfred,Port Alfred,Observatory Station Code: CZT,['Observatory Station Code: CZT']
spase://SMWG/Observatory/Ground/Port.aux.Francais,Port aux Francais,Port-aux-Francais,Observatory Station Code: PAF,['Observatory Station Code: PAF']
spase://SMWG/Observatory/Ground/Port.Stanley,Port Stanley,Port Stanley,Observatory Station Code: PST,['Observatory Station Code: PST']
spase://SMWG/Observatory/Ground/Poste.de.la.Baleine,Poste de la Baleine,Poste-de-la-Baleine,Observatory Station Code: PBQ,['Observatory Station Code: PBQ']
spase://SMWG/Observatory/Ground/Price,Price,Price,Observatory Station Code: PCU,['Observatory Station Code: PCU']
spase://SMWG/Observatory/Ground/Priddis,ROTH,Priddis Geophysical Observatory,Observatory Station Code: ROTH,['Observatory Station Code: ROTH']
spase://SMWG/Observatory/Ground/Prince.George,PGEO,Prince George Geophysical Observatory,Observatory Station Code: PGEO,['Observatory Station Code: PGEO']
spase://SMWG/Observatory/Ground/Pruhonice,Pruhonice,Pruhonice,Observatory Station Code: PRU,['Observatory Station Code: PRU']
spase://SMWG/Observatory/Ground/Pueblo,PBLO,Pueblo Geophysical Observatory,Observatory Station Code: PBLO,['Observatory Station Code: PBLO']
spase://SMWG/Observatory/Ground/Purcell,PCEL,Purcell Geophysical Observatory,Observatory Station Code: PCEL,['Observatory Station Code: PCEL']
spase://SMWG/Observatory/Ground/Puvirnituq,PUVR,Puvirnituq Geophysical Observatory,Observatory Station Code: PUVR,['Observatory Station Code: PUVR']
spase://SMWG/Observatory/Ground/Qaanaaq,THL,Qaanaaq Geophysical Observatory,Observatory Station Code: THL,"['Observatory Station Code: THL', 'Thule Geophysical Observatory']"
spase://SMWG/Observatory/Ground/Qeqertarsuaq,GDH,Qeqertarsuaq Geophysical Observatory,Godhavn Geophysical Observatory,"['Observatory Station Code: GDH', 'Godhavn Geophysical Observatory']"
spase://SMWG/Observatory/Ground/Qianling,Qianling,Qianling,Observatory Station Code: QIX,['Observatory Station Code: QIX']
spase://SMWG/Observatory/Ground/Qiongzhong,Qiongzhong,Qiongzhong,Observatory Station Code: QGZ,['Observatory Station Code: QGZ']
spase://SMWG/Observatory/Ground/Qsaybeh,Qsaybeh,Qsaybeh,Observatory Station Code: QSB,['Observatory Station Code: QSB']
spase://SMWG/Observatory/Ground/Quanzhou,Quanzhou,Quanzhou,Observatory Station Code: QZH,['Observatory Station Code: QZH']
spase://SMWG/Observatory/Ground/Quetta,Quetta,Quetta,Observatory Station Code: QUE,['Observatory Station Code: QUE']
spase://SMWG/Observatory/Ground/Radisson,RADI,Radisson Geophysical Observatory,Radisson Geophysical Observatory,['']
spase://SMWG/Observatory/Ground/RAM,RAM,Russian Arctic and Antarctic Magnetometer network,RAM,['RAM']
spase://SMWG/Observatory/Ground/Rankin.Inlet,Rankin Inlet Geophysical Observatory,Rankin Inlet Geophysical Observatory,Observatory Station Code: RANK,['Observatory Station Code: RANK']
spase://SMWG/Observatory/Ground/Ranua,RAN,Ranua Geophysical Observatory,Observatory Station Code: RAN,['Observatory Station Code: RAN']
spase://SMWG/Observatory/Ground/Red.Deer,REDR,Red Deer Geophysical Observatory,Observatory Station Code: REDR,['Observatory Station Code: REDR']
spase://SMWG/Observatory/Ground/Remus,RMUS,Remus Geophysical Observatory,Observatory Station Code: RMUS,['Observatory Station Code: RMUS']
spase://SMWG/Observatory/Ground/Repulse.Bay,RBAY,Repulse Bay Geophysical Observatory,Observatory Station Code: RBAY,['Observatory Station Code: RBAY']
spase://SMWG/Observatory/Ground/Resolute.Bay,Resolute Bay,Resolute Bay,Observatory Station Code: RES,['Observatory Station Code: RES']
spase://SMWG/Observatory/Ground/Richardson,RICH,Richardson Geophysical Observatory,Observatory Station Code: RICH,['Observatory Station Code: RICH']
spase://SMWG/Observatory/Ground/Roburent,Roburent,Roburent,Observatory Station Code: ROB,['Observatory Station Code: ROB']
spase://SMWG/Observatory/Ground/Roemoe,ROE,Roemoe,Observatory Station Code: ROE,['Observatory Station Code: ROE']
spase://SMWG/Observatory/Ground/Roi.Baudouin.2,Roi Baudouin,Roi Baudouin 2,Observatory Station Code: RBD,['Observatory Station Code: RBD']
spase://SMWG/Observatory/Ground/Romo,Romo Geophysical Observatory,Romo Geophysical Observatory,Romo Geophysical Observatory,['']
spase://SMWG/Observatory/Ground/Rorvik,RVK,Rorvik Geophysical Observatory,Observatory Station Code: RVK,['Observatory Station Code: RVK']
spase://SMWG/Observatory/Ground/Rude.Skov,Rude Skov,Rude Skov,Observatory Station Code: RSV,['Observatory Station Code: RSV']
spase://SMWG/Observatory/Ground/Sabhawala,Sabhawala,Sabhawala,Observatory Station Code: SAB,['Observatory Station Code: SAB']
spase://SMWG/Observatory/Ground/Sable.Island,Sable Island,Sable Island,Observatory Station Code: SBL,['Observatory Station Code: SBL']
spase://SMWG/Observatory/Ground/SAE,Southern Auroral Electrojet Index,Southern Auroral Electrojet Index,Southern Auroral Electrojet Index,['']
spase://SMWG/Observatory/Ground/Saint.Felicien,STFL,Saint-Felicien Geophysical Observatory,Observatory Station Code: STFL,['Observatory Station Code: STFL']
spase://SMWG/Observatory/Ground/Saint.Johns,Saint Johns,Saint Johns,Observatory Station Code: STJ,['Observatory Station Code: STJ']
spase://SMWG/Observatory/Ground/Salluit,SALU,Salluit Geophysical Observatory,Observatory Station Code: SALU,['Observatory Station Code: SALU']
spase://SMWG/Observatory/Ground/SAMBA,SAMBA Ground Observatory Group,SAMBA Ground Observatory Group,Chain of ground stations in the SAMBA Array.,"['Chain of ground stations in the SAMBA Array.', 'SAMBA Ground Observatory Group']"
spase://SMWG/Observatory/Ground/SAMBA/Antofagasta,Antofagasta,Antofagasta,Antofagasta,['']
spase://SMWG/Observatory/Ground/SAMBA/Escudero,Escudero,Escudero,Escudero,['']
spase://SMWG/Observatory/Ground/SAMBA/La.Serena,La Serena,La Serena,La Serena,['']
spase://SMWG/Observatory/Ground/SAMBA/Los.Cerrillos,Los Cerrillos,Los Cerrillos,Los Cerrillos,['']
spase://SMWG/Observatory/Ground/SAMBA/O.Higgins,O'Higgins,O'Higgins,O'Higgins,['']
spase://SMWG/Observatory/Ground/SAMBA/Osorno,Osorno,Osorno,Osorno,['']
spase://SMWG/Observatory/Ground/SAMBA/Puerto.Natales,Puerto Natales,Puerto Natales,Puerto Natales,['']
spase://SMWG/Observatory/Ground/SAMBA/Punta.Arenas,Punta Arenas,Punta Arenas,Punta Arenas,['']
spase://SMWG/Observatory/Ground/SAMBA/Putre,Putre,Putre,Putre,['']
spase://SMWG/Observatory/Ground/SAMBA/Valdivia,Valdivia,Valdivia,Valdivia,['']
spase://SMWG/Observatory/Ground/San.Antonio,SATX,San Antonio Geophysical Observatory,Observatory Station Code: SATX,['Observatory Station Code: SATX']
spase://SMWG/Observatory/Ground/San.Fernando,San Fernando,San Fernando,Observatory Station Code: SFS,['Observatory Station Code: SFS']
spase://SMWG/Observatory/Ground/San.Juan,San Juan Geophysical Observatory,San Juan Geophysical Observatory,Observatory Station Code: SJG,['Observatory Station Code: SJG']
spase://SMWG/Observatory/Ground/San.Pablo.Toledo,San Pablo Toledo,San Pablo-Toledo,Observatory Station Code: SPT,['Observatory Station Code: SPT']
spase://SMWG/Observatory/Ground/Sanae.III,Sanae III,Sanae III,Observatory Station Code: SNA,['Observatory Station Code: SNA']
spase://SMWG/Observatory/Ground/Sanikiluaq,SNKQ,Sanikiluaq Geophysical Observatory,Observatory Station Code: SNKQ,['Observatory Station Code: SNKQ']
spase://SMWG/Observatory/Ground/Sao.Miguel,Sao Miguel,Sao Miguel,Observatory Station Code: SMG,['Observatory Station Code: SMG']
spase://SMWG/Observatory/Ground/Savissivik,SVS,Savissivik Geophysical Observatory,Observatory Station Code: SVS,['Observatory Station Code: SVS']
spase://SMWG/Observatory/Ground/Schefferville,SCHF,Schefferville Geophysical Observatory,Observatory Station Code: SCHF,['Observatory Station Code: SCHF']
spase://SMWG/Observatory/Ground/Scoresby.Sund.2,Scoresby Sund,Scoresby Sund 2,Observatory Station Code: SCO,['Observatory Station Code: SCO']
spase://SMWG/Observatory/Ground/Sept.Iles,SEPT,Sept Iles Geophysical Observatory,Observatory Station Code: SEPT,['Observatory Station Code: SEPT']
spase://SMWG/Observatory/Ground/Shawano,SWNO,Shawano Geophysical Observatory,Observatory Station Code: SWNO,['Observatory Station Code: SWNO']
spase://SMWG/Observatory/Ground/Sheshan,Sheshan,Sheshan,Observatory Station Code: SSH,"['Zo-Se', 'Observatory Station Code: SSH']"
spase://SMWG/Observatory/Ground/Shillong,Shillong,Shillong,Observatory Station Code: SHL,['Observatory Station Code: SHL']
spase://SMWG/Observatory/Ground/Shumagin,Shumagin Geophysical Observatory,Shumagin Geophysical Observatory,Observatory Station Code: SHU,['Observatory Station Code: SHU']
spase://SMWG/Observatory/Ground/Silchar,Silchar,Silchar,Observatory Station Code: SIL,['Observatory Station Code: SIL']
spase://SMWG/Observatory/Ground/Simosato,Simosato,Simosato,Observatory Station Code: SSO,['Observatory Station Code: SSO']
spase://SMWG/Observatory/Ground/Sitka,Sitka Geophysical Observatory,Sitka Geophysical Observatory,Observatory Station Code: SIT,['Observatory Station Code: SIT']
spase://SMWG/Observatory/Ground/Snap.Lake,SNAP,Snap Lake Geophysical Observatory,Observatory Station Code: SNAP,['Observatory Station Code: SNAP']
spase://SMWG/Observatory/Ground/Sodankyla,Sodankyla,Sodankyla,Observatory Station Code: SOD,['Observatory Station Code: SOD']
spase://SMWG/Observatory/Ground/Solund,SOL,Solund Geophysical Observatory,Observatory Station Code: SOL,['Observatory Station Code: SOL']
spase://SMWG/Observatory/Ground/Soroya,SOR,Soroya Geophysical Observatory,Observatory Station Code: SOR,['Observatory Station Code: SOR']
spase://SMWG/Observatory/Ground/South.Georgia,South Georgia,South Georgia,Observatory Station Code: SGE,"['Grytviken', 'Observatory Station Code: SGE']"
spase://SMWG/Observatory/Ground/South.Pole,South Pole,South Pole,Observatory Station Code: SPA,['Observatory Station Code: SPA']
spase://SMWG/Observatory/Ground/St.John,St. John Geophysical Observatory,St. John Geophysical Observatory,Observatory Station Code: STJ,['Observatory Station Code: STJ']
spase://SMWG/Observatory/Ground/Stanford,STFD,Stanford Geophysical Observatory,Observatory Station Code: STFD,['Observatory Station Code: STFD']
spase://SMWG/Observatory/Ground/Stekolnyy,Stekolnyy,Stekolnyy,Observatory Station Code: MGD,"['Magadan', 'Observatory Station Code: MGD']"
spase://SMWG/Observatory/Ground/Stennis.Space.Centre,Stennis Space Centre,Stennis Space Centre,Observatory Station Code: BSL,"['Bay St. Louis', 'Observatory Station Code: BSL']"
spase://SMWG/Observatory/Ground/STEP,STEP,STEP Observatory Group,Solar Terrestrial Energy Program,"['Solar-Terrestrial Energy Program, STEP, Polar Network', 'UAPM', 'Upper Atmospheric Monitoring Program']"
spase://SMWG/Observatory/Ground/Stepanovka,Stepanovka,Stepanovka,Observatory Station Code: ODE,['Observatory Station Code: ODE']
spase://SMWG/Observatory/Ground/Stonyhurst,Stonyhurst,Stonyhurst,Observatory Station Code: STO,['Observatory Station Code: STO']
spase://SMWG/Observatory/Ground/Sukkertoppen,Sukkertoppen,Sukkertoppen,Observatory Station Code: SKT,['Observatory Station Code: SKT']
spase://SMWG/Observatory/Ground/Summit,SUM,Summit Geophysical Observatory,Observatory Station Code: SUM,['Observatory Station Code: SUM']
spase://SMWG/Observatory/Ground/Surlari,Surlari,Surlari,Observatory Station Code: SUA,['Observatory Station Code: SUA']
spase://SMWG/Observatory/Ground/Swider,Swider,Swider,Observatory Station Code: SWI,['Observatory Station Code: SWI']
spase://SMWG/Observatory/Ground/Tahiti,Tahiti,Tahiti,Observatory Station Code: TAH,['Observatory Station Code: TAH']
spase://SMWG/Observatory/Ground/Talara,Talara,Talara,Observatory Station Code: TAL,['Observatory Station Code: TAL']
spase://SMWG/Observatory/Ground/Tamanrasset,Tamanrasset,Tamanrasset,Observatory Station Code: TAM,['Observatory Station Code: TAM']
spase://SMWG/Observatory/Ground/Tangerang,Tangerang,Tangerang,Observatory Station Code: TNG,['Observatory Station Code: TNG']
spase://SMWG/Observatory/Ground/Tartu,TAR,Tartu Geophysical Observatory,Observatory Station Code: TAR,['Observatory Station Code: TAR']
spase://SMWG/Observatory/Ground/Tasiilaq,Tasiilaq Geophysical Observatory,Tasiilaq Geophysical Observatory,Tasiilaq Geophysical Observatory,['']
spase://SMWG/Observatory/Ground/Tatuoca,Tatuoca,Tatuoca,Observatory Station Code: TTB,['Observatory Station Code: TTB']
spase://SMWG/Observatory/Ground/Tehran,Tehran,Tehran,Observatory Station Code: TEH,['Observatory Station Code: TEH']
spase://SMWG/Observatory/Ground/TEIDE,TEIDE Observatory,TEIDE Observatory,TEIDE Observatory,['']
spase://SMWG/Observatory/Ground/Teoloyucan,Teoloyucan,Teoloyucan,Observatory Station Code: TEO,['Observatory Station Code: TEO']
spase://SMWG/Observatory/Ground/TGO,Tromso Geophysical Observatory,Tromso Geophysical Observatory,TGO,['TGO']
spase://SMWG/Observatory/Ground/The.Pas,TPAS,The Pas,Observatory Station Code: TPAS,"['Flin Flon', 'Observatory Station Code: TPAS']"
spase://SMWG/Observatory/Ground/Thule.Air.Base,TAB,Thule Air Base Geophysical Observatory,Observatory Station Code: TAB,['Observatory Station Code: TAB']
spase://SMWG/Observatory/Ground/Tihany,Tihany,Tihany,Observatory Station Code: THY,['Observatory Station Code: THY']
spase://SMWG/Observatory/Ground/Tikhaya.Bay,Tikhaya Bay,Tikhaya Bay,Observatory Station Code: TKH,['Observatory Station Code: TKH']
spase://SMWG/Observatory/Ground/Tiksi,TIK,Tiksi Geophysical Observatory,Observatory Station Code: TIK,['Observatory Station Code: TIK']
spase://SMWG/Observatory/Ground/Tirunelveli,Tirunelveli,Tirunelveli,Observatory Station Code: TIR,['Observatory Station Code: TIR']
spase://SMWG/Observatory/Ground/Tokyo,Tokyo,Tokyo,Observatory Station Code: TOK,['Observatory Station Code: TOK']
spase://SMWG/Observatory/Ground/Toledo,Toledo,Toledo,Observatory Station Code: TOL,['Observatory Station Code: TOL']
spase://SMWG/Observatory/Ground/Tomsk,Tomsk,Tomsk,Observatory Station Code: TMK,['Observatory Station Code: TMK']
spase://SMWG/Observatory/Ground/Tondano,Tondano,Tondano,Observatory Station Code: TND,['Observatory Station Code: TND']
spase://SMWG/Observatory/Ground/Tonghai,Tonghai,Tonghai,Observatory Station Code: THJ,['Observatory Station Code: THJ']
spase://SMWG/Observatory/Ground/Toolangi,Toolangi,Toolangi,Observatory Station Code: TOO,['Observatory Station Code: TOO']
spase://SMWG/Observatory/Ground/Toolik.Lake,TOOL,Toolik Lake Geophysical Observatory,Toolik Lake Geophysical Observatory,['']
spase://SMWG/Observatory/Ground/Trapper.Creek,TRAP,Trapper Creek Geophysical Observatory,Trapper Creek Geophysical Observatory,['']
spase://SMWG/Observatory/Ground/Trelew,Trelew,Trelew,Observatory Station Code: TRW,['Observatory Station Code: TRW']
spase://SMWG/Observatory/Ground/Tristan.da.Cunha,TDC,Tristan Da Cunha Geophysical Observatory,Observatory Station Code: TDC,['Observatory Station Code: TDC']
spase://SMWG/Observatory/Ground/Trivandrum.2,Trivandrum,Trivandrum 2,Observatory Station Code: TRD,['Observatory Station Code: TRD']
spase://SMWG/Observatory/Ground/Tromso,TRO,Tromso Geophysical Observatory,Tromso Geophysical Observatory,['Observatory Station Code: TRO']
spase://SMWG/Observatory/Ground/Tsumeb,Tsumeb,Tsumeb,Observatory Station Code: TSU,['Observatory Station Code: TSU']
spase://SMWG/Observatory/Ground/Tucson,Tucson Geophysical Observatory,Tucson Geophysical Observatory,Observatory Station Code: TUC,['Observatory Station Code: TUC']
spase://SMWG/Observatory/Ground/Tuntungan,Tuntungan,Tuntungan,Observatory Station Code: TUN,['Observatory Station Code: TUN']
spase://SMWG/Observatory/Ground/UAPM,UAPM Observatory Group,UAPM Observatory Group,"Solar-Terrestrial Energy Program, STEP, Polar Network","['Upper Atmospheric Monitoring Program', 'STEP', 'Solar-Terrestrial Energy Program, STEP, Polar Network']"
spase://SMWG/Observatory/Ground/Udaipur,Udaipur,Udaipur,Udaipur,['']
spase://SMWG/Observatory/Ground/Ujjain,Ujjain,Ujjain,Observatory Station Code: UJJ,['Observatory Station Code: UJJ']
spase://SMWG/Observatory/Ground/Ukiah,UKIA,Ukiah Geophysical Observatory,Observatory Station Code: UKIA,['Observatory Station Code: UKIA']
spase://SMWG/Observatory/Ground/Ulan.Bator,Ulan Bator,Ulan Bator,Observatory Station Code: UBA,['Observatory Station Code: UBA']
spase://SMWG/Observatory/Ground/Upernavik,UPN,Upernavik Geophysical Observatory,Upernavik Geophysical Observatory,['']
spase://SMWG/Observatory/Ground/Uppsala,Uppsala,Uppsala,Observatory Station Code: UPS,"['Fiby', 'Observatory Station Code: UPS']"
spase://SMWG/Observatory/Ground/USGS,United State Geological Survey,United State Geological Survey,USGA,['USGA']
spase://SMWG/Observatory/Ground/Uummannaq,UPS,Uummannaq Geophysical Observatory,Observatory Station Code: UPS,['Observatory Station Code: UPS']
spase://SMWG/Observatory/Ground/Val.d.Or,VLDR,Val-d'Or Geophysical Observatory,Observatory Station Code: VLDR,['Observatory Station Code: VLDR']
spase://SMWG/Observatory/Ground/Val.Joyeux,Val Joyeux,Val Joyeux,Observatory Station Code: VLJ,['Observatory Station Code: VLJ']
spase://SMWG/Observatory/Ground/Valentia,Valentia,Valentia,Observatory Station Code: VAL,['Observatory Station Code: VAL']
spase://SMWG/Observatory/Ground/Vassouras,Vassouras,Vassouras,Observatory Station Code: VSS,['Observatory Station Code: VSS']
spase://SMWG/Observatory/Ground/Victoria,Victoria Geophysical Observatory,Victoria Geophysical Observatory,Observatory Station Code: VIC,['Observatory Station Code: VIC']
spase://SMWG/Observatory/Ground/Vieques,Vieques,Vieques,Observatory Station Code: VQS,['Observatory Station Code: VQS']
spase://SMWG/Observatory/Ground/Visakhapatnam,Visakhapatnam,Visakhapatnam,Observatory Station Code: VSK,['Observatory Station Code: VSK']
spase://SMWG/Observatory/Ground/Vize.Island,VIZ,Vize Island Geophysical Observatory,Observatory Station Code: VIZ,['Observatory Station Code: VIZ']
spase://SMWG/Observatory/Ground/Voeikovo,Voeikovo,Voeikovo,Observatory Station Code: LNN,"['Leningrad', 'Observatory Station Code: LNN']"
spase://SMWG/Observatory/Ground/Vostok,Vostok,Vostok,Observatory Station Code: VOS,['Observatory Station Code: VOS']
spase://SMWG/Observatory/Ground/Vysokaya.Dubrava,Vysokaya Dubrava,Vysokaya Dubrava,Observatory Station Code: SVD,['Observatory Station Code: SVD']
spase://SMWG/Observatory/Ground/Wallops.Island,WLPS,Wallops Island Geophysical Observatory,Observatory Station Code: WLPS,['Observatory Station Code: WLPS']
spase://SMWG/Observatory/Ground/WDC,World Data Center Ground Data Master Catalog,World Data Center Ground Data Master Catalog,WDC Ground Observatories,"['WDC Ground Observatories', 'WDC']"
spase://SMWG/Observatory/Ground/White.Horse,White Horse,White Horse,Observatory Station Code: WHIT,['Observatory Station Code: WHIT']
spase://SMWG/Observatory/Ground/Whitehorse,WHIT,Whitehorse Geophysical Observatory,Observatory Station Code: WHS,['Observatory Station Code: WHS']
spase://SMWG/Observatory/Ground/Whiteshell,Whiteshell,Whiteshell,Observatory Station Code: WHS,['Observatory Station Code: WHS']
spase://SMWG/Observatory/Ground/Wien.Auhof,Wien Auhof,Wien Auhof,Observatory Station Code: WIA,['Observatory Station Code: WIA']
spase://SMWG/Observatory/Ground/Wien.Kobenzl,Wien Kobenzl,Wien Kobenzl,Observatory Station Code: WIK,['Observatory Station Code: WIK']
spase://SMWG/Observatory/Ground/Wilkes,Wilkes,Wilkes,Observatory Station Code: WIL,['Observatory Station Code: WIL']
spase://SMWG/Observatory/Ground/Wingst,Wingst,Wingst,Observatory Station Code: WNG,['Observatory Station Code: WNG']
spase://SMWG/Observatory/Ground/Witteveen,Witteveen,Witteveen,Observatory Station Code: WIT,['Observatory Station Code: WIT']
spase://SMWG/Observatory/Ground/Worthington,WRTH,Worthington Geophysical Observatory,Observatory Station Code: WRTH,['Observatory Station Code: WRTH']
spase://SMWG/Observatory/Ground/Wuhan,Wuhan,Wuhan,Observatory Station Code: WHN,['Observatory Station Code: WHN']
spase://SMWG/Observatory/Ground/Yakutsk,Yakutsk,Yakutsk,Observatory Station Code: YAK,['Observatory Station Code: YAK']
spase://SMWG/Observatory/Ground/Yangi.Bazar,Yangi Bazar,Yangi Bazar,Observatory Station Code: TKT,"['Tashkent', 'Observatory Station Code: TKT']"
spase://SMWG/Observatory/Ground/Yellowknife,Yellowknife Geophysical Observatory,Yellowknife Geophysical Observatory,Observatory Station Code: YKNF,"['Observatory Station Code: YKNF', 'Observatory Station Code: YKC']"
spase://SMWG/Observatory/Ground/Yuzhno.Sakhalinsk,Yuzhno Sakhalinsk,Yuzhno Sakhalinsk,Observatory Station Code: YSS,['Observatory Station Code: YSS']
spase://SMWG/Observatory/Ground/Zaymishche,Zaymishche,Zaymishche,Observatory Station Code: KZN,['Observatory Station Code: KZN']
spase://SMWG/Observatory/HANET,HANET Observatory Network,HANET Observatory Network,HANET Observatory Network,['']
spase://SMWG/Observatory/Hawkeye,Hawkeye,Hawkeye,Neutral Point Explorer,"['Hawkeye 1', 'Neutral Point Explorer', 'Injun-F', 'Explorer 52']"
spase://SMWG/Observatory/Helios,Helios,Helios Mission,Helios Mission,['']
spase://SMWG/Observatory/Helios1,Helios 1,Helios 1,Helios-A,['Helios-A']
spase://SMWG/Observatory/Helios2,Helios 2,Helios 2,Helios-B,['Helios-B']
spase://SMWG/Observatory/HEO1,HEO 1,HEO-1,HEO-1,['']
spase://SMWG/Observatory/HEO2,HEO 2,HEO-2,HEO-2,['']
spase://SMWG/Observatory/HEO3,HEO 3,HEO-3,HEO-3,['']
spase://SMWG/Observatory/HERMES,Heliophysics Environmental and Radiation Measurement Experiment Suite (HERMES),Heliophysics Environmental and Radiation Measurement Experiment Suite (HERMES),Heliophysics Environmental and Radiation Measurement Experiment Suite (HERMES),['']
spase://SMWG/Observatory/Hinode,Hinode,Hinode,Hinode,['']
spase://SMWG/Observatory/Hinotori,Hinotori,Hinotori,Astronomical Satellite-A,"['1981-017A', 'Astronomical Satellite-A', 'ASTRO-A']"
spase://SMWG/Observatory/IAGA,IAGA,IAGA,International Association of Geomagnetism and Aeronomy,['International Association of Geomagnetism and Aeronomy']
spase://SMWG/Observatory/IAGA/Aberystwyth,Aberystwyth,Aberystwyth,Aberystwyth,"['Aberystwyth', 'IAGA:AWY']"
spase://SMWG/Observatory/IAGA/Abinger,Abinger,Abinger,IAGA:ABN,"['Abinger', 'IAGA:ABN']"
spase://SMWG/Observatory/IAGA/Abisko,Abisko,Abisko,IAGA:ABK,"['Abisko', 'IAGA:ABK']"
spase://SMWG/Observatory/IAGA/Accra,Accra,Accra,IAGA:ACR,"['Accra', 'IAGA:ACR']"
spase://SMWG/Observatory/IAGA/Adak,Adak,Adak,IAGA:ADA,"['Adak', 'IAGA:ADA']"
spase://SMWG/Observatory/IAGA/Addis.Ababa,Addis Ababa,Addis Ababa,Addis.Ababa,"['Addis.Ababa', 'IAGA:AAE']"
spase://SMWG/Observatory/IAGA/Adelaide,Adelaide,Adelaide,Adelaide,"['Adelaide', 'IAGA:ADE']"
spase://SMWG/Observatory/IAGA/Aedey,Aedey,Aedey,IAGA:AED,"['Aedey', 'IAGA:AED']"
spase://SMWG/Observatory/IAGA/Agincourt,Agincourt,Agincourt,Agincourt,"['Agincourt', 'IAGA:AGN']"
spase://SMWG/Observatory/IAGA/Ahmedabad,Ahmedabad,Ahmedabad,Ahmedabad,"['Ahmedabad', 'IAGA:AHM']"
spase://SMWG/Observatory/IAGA/Alert,Alert,Alert,IAGA:ALE,"['Alert', 'IAGA:ALE']"
spase://SMWG/Observatory/IAGA/Alger.Island,Alger Island,Alger Island,Alger.Island,"['Alger.Island', 'IAGA:ALG']"
spase://SMWG/Observatory/IAGA/Alibag,Alibag,Alibag,IAGA:ABG,"['Alibag', 'IAGA:ABG']"
spase://SMWG/Observatory/IAGA/Alice.Springs,Alice Springs,Alice Springs,Alice.Springs,"['Alice.Springs', 'IAGA:ASP']"
spase://SMWG/Observatory/IAGA/Allahabad,Allahabad,Allahabad,Allahabad,"['Allahabad', 'IAGA:ALH']"
spase://SMWG/Observatory/IAGA/Alma.Ata,Alma Ata,Alma Ata,Alma.Ata,"['Alma.Ata', 'IAGA:AAA']"
spase://SMWG/Observatory/IAGA/Almeria,Almeria,Almeria,IAGA:ALM,"['Almeria', 'IAGA:ALM']"
spase://SMWG/Observatory/IAGA/Aloushta,Aloushta,Aloushta,Aloushta,"['Aloushta', 'IAGA:ALU']"
spase://SMWG/Observatory/IAGA/Amatsia,Amatsia,Amatsia,IAGA:AMT,"['Amatsia', 'IAGA:AMT']"
spase://SMWG/Observatory/IAGA/Ambarnaya,Ambarnaya,Ambarnaya,Ambarnaya,"['Ambarnaya', 'IAGA:AMN']"
spase://SMWG/Observatory/IAGA/Amberley,Amberley,Amberley,Amberley,"['Amberley', 'IAGA:AML']"
spase://SMWG/Observatory/IAGA/Amderma,AMD,Amderma,IAGA:AMD,"['Amderma', 'IAGA:AMD']"
spase://SMWG/Observatory/IAGA/Anchorage,AMU,Anchorage,Anchorage,"['Anchorage', 'IAGA:AMU']"
spase://SMWG/Observatory/IAGA/Ancon,Ancon,Ancon,IAGA:ANC,"['Ancon', 'IAGA:ANC']"
spase://SMWG/Observatory/IAGA/Andrews.AFB,Andrews AFB,Andrews AFB,Andrews.AFB,"['Andrews.AFB', 'IAGA:AWS']"
spase://SMWG/Observatory/IAGA/Angmakssalik,Angmakssalik,Angmakssalik,Angmakssalik,"['Angmakssalik', 'IAGA:AMK']"
spase://SMWG/Observatory/IAGA/Angra.Do.Heroismo,Angra Do Heroismo,Angra Do Heroismo,Angra.Do.Heroismo,"['Angra.Do.Heroismo', 'IAGA:ANH']"
spase://SMWG/Observatory/IAGA/Ankara,Ankara,Ankara,IAGA:ANK,"['Ankara', 'IAGA:ANK']"
spase://SMWG/Observatory/IAGA/Annamalainagar,Annamalainagar,Annamalainagar,Annamalainagar,"['Annamalainagar', 'IAGA:ANN']"
spase://SMWG/Observatory/IAGA/Antananarivo,Antananarivo,Antananarivo,Antananarivo,"['Antananarivo', 'IAGA:TAN']"
spase://SMWG/Observatory/IAGA/Antipolo,Antipolo,Antipolo,Antipolo,"['Antipolo', 'IAGA:ANO']"
spase://SMWG/Observatory/IAGA/Apatity,Apatity,Apatity,IAGA:APA,"['Apatity', 'IAGA:APA']"
spase://SMWG/Observatory/IAGA/Apia,Apia,Apia,IAGA:API,"['Apia', 'IAGA:API']"
spase://SMWG/Observatory/IAGA/Arctic.Ice.Flo,Arctic Ice Flo,Arctic Ice Flo,Arctic.Ice.Flo,"['Arctic.Ice.Flo', 'IAGA:AIF']"
spase://SMWG/Observatory/IAGA/Arctic.Village,AVI,Arctic Village,Arctic.Village,"['Arctic.Village', 'IAGA:AVI']"
spase://SMWG/Observatory/IAGA/Arctowski,Arctowski,Arctowski,Arctowski,"['Arctowski', 'IAGA:ARC']"
spase://SMWG/Observatory/IAGA/Arequipa,Arequipa,Arequipa,Arequipa,"['Arequipa', 'IAGA:ARE']"
spase://SMWG/Observatory/IAGA/Argentine.Island,Argentine Island Vernadski,Argentine Island/Vernadski,Vernadski,"['Vernadski', 'IAGA:AIA']"
spase://SMWG/Observatory/IAGA/Arkhangelsk,Arkhangel'Sk,Arkhangel'Sk,Arkhangel'Sk,"[""Arkhangel'Sk"", 'IAGA:ARK']"
spase://SMWG/Observatory/IAGA/Arti,Arti,Arti,IAGA:ARS,"['Arti', 'IAGA:ARS']"
spase://SMWG/Observatory/IAGA/Ascension.Island,Ascension Island,Ascension Island,Ascension.Island,"['Ascension.Island', 'IAGA:ASC']"
spase://SMWG/Observatory/IAGA/Ashkhabad,Ashkhabad Vannovskaya,Ashkhabad/Vannovskaya,Vannovskaya,"['Vannovskaya', 'IAGA:ASH']"
spase://SMWG/Observatory/IAGA/Aso,Aso,Aso,IAGA:ASO,"['Aso', 'IAGA:ASO']"
spase://SMWG/Observatory/IAGA/Asuka.Station,Asuka Station,Asuka Station,Asuka.Station,"['Asuka.Station', 'IAGA:ASK']"
spase://SMWG/Observatory/IAGA/Athens,Athens,Athens,IAGA:ATH,"['Athens', 'IAGA:ATH']"
spase://SMWG/Observatory/IAGA/Au.Tau,Au Tau,Au-Tau,IAGA:AUT,"['Au-Tau', 'IAGA:AUT']"
spase://SMWG/Observatory/IAGA/Auckland.Island,Auckland Island,Auckland Island,Auckland.Island,"['Auckland.Island', 'IAGA:AUI']"
spase://SMWG/Observatory/IAGA/Averroes,Averroes,Averroes,Averroes,"['Averroes', 'IAGA:AVE']"
spase://SMWG/Observatory/IAGA/Back,Back,Back,IAGA:BKC,"['Back', 'IAGA:BKC']"
spase://SMWG/Observatory/IAGA/Baclieu,Baclieu,Baclieu,IAGA:BCL,"['Baclieu', 'IAGA:BCL']"
spase://SMWG/Observatory/IAGA/Baffin.Island,Baffin Island,Baffin Island,Baffin.Island,"['Baffin.Island', 'IAGA:BFI']"
spase://SMWG/Observatory/IAGA/Baghdad,Baghdad,Baghdad,IAGA:BGH,"['Baghdad', 'IAGA:BGH']"
spase://SMWG/Observatory/IAGA/Baguio,Baguio,Baguio,IAGA:BAG,"['Baguio', 'IAGA:BAG']"
spase://SMWG/Observatory/IAGA/Baker.Lake,BLC,Baker Lake,Baker.Lake,"['Baker.Lake', 'IAGA:BLC']"
spase://SMWG/Observatory/IAGA/Baldwin,Baldwin,Baldwin,IAGA:BAL,"['Baldwin', 'IAGA:BAL']"
spase://SMWG/Observatory/IAGA/Bangkok,Bangkok,Bangkok,IAGA:BKK,"['Bangkok', 'IAGA:BKK']"
spase://SMWG/Observatory/IAGA/Bangui,Bangui,Bangui,IAGA:BNG,"['Bangui', 'IAGA:BNG']"
spase://SMWG/Observatory/IAGA/Bar.Gyora,Bar Gyora,Bar Gyora,Bar.Gyora,"['Bar.Gyora', 'IAGA:BGY']"
spase://SMWG/Observatory/IAGA/Barentsburg,BBG,Barentsburg,Barentsburg,"['Barentsburg', 'IAGA:BBG']"
spase://SMWG/Observatory/IAGA/Barnaul,Barnaul,Barnaul,IAGA:BRN,"['Barnaul', 'IAGA:BRN']"
spase://SMWG/Observatory/IAGA/Barrackpore,Barrackpore,Barrackpore,Barrackpore,"['Barrackpore', 'IAGA:BAP']"
spase://SMWG/Observatory/IAGA/Barrow,BRW,Barrow,IAGA:BRW,"['Barrow', 'IAGA:BRW']"
spase://SMWG/Observatory/IAGA/Barter.Island,Barter Island,Barter Island,Barter.Island,"['Barter.Island', 'IAGA:BTI']"
spase://SMWG/Observatory/IAGA/Barth,Barth,Barth,IAGA:BAH,"['Barth', 'IAGA:BAH']"
spase://SMWG/Observatory/IAGA/Batavia,Batavia,Batavia,IAGA:BTV,"['Batavia', 'IAGA:BTV']"
spase://SMWG/Observatory/IAGA/Bay.St.Louis,Bay St Louis,Bay St Louis,Bay.St.Louis,"['Bay.St.Louis', 'IAGA:BSL']"
spase://SMWG/Observatory/IAGA/Bei.Jing,Bei Jing,Bei-Jing,Bei-Jing,"['Bei-Jing', 'IAGA:BJI']"
spase://SMWG/Observatory/IAGA/Beijing.Ming.Tombs,Beijing Ming Tombs,Beijing Ming Tombs,Beijing.Ming.Tombs,"['Beijing.Ming.Tombs', 'IAGA:BMT']"
spase://SMWG/Observatory/IAGA/Beliy.Island,Beliy Island,Beliy Island,Beliy.Island,"['Beliy.Island', 'IAGA:BEY']"
spase://SMWG/Observatory/IAGA/Beloit,Beloit,Beloit,IAGA:BLT,"['Beloit', 'IAGA:BLT']"
spase://SMWG/Observatory/IAGA/Belsk,Belsk,Belsk,IAGA:BEL,"['Belsk', 'IAGA:BEL']"
spase://SMWG/Observatory/IAGA/Berezniaki,Berezniaki Karaganda,Berezniaki/Karaganda,Karaganda,"['Karaganda', 'IAGA:KGD']"
spase://SMWG/Observatory/IAGA/Beuthen,Beuthen,Beuthen,IAGA:BEU,"['Beuthen', 'IAGA:BEU']"
spase://SMWG/Observatory/IAGA/Big.Delta,Big Delta,Big Delta,Big.Delta,"['Big.Delta', 'IAGA:BDE']"
spase://SMWG/Observatory/IAGA/Binza,Binza,Binza,IAGA:BIN,"['Binza', 'IAGA:BIN']"
spase://SMWG/Observatory/IAGA/Bjornoya,Bjornoya,Bjornoya,Bjornoya,"['Bjornoya', 'IAGA:BJN']"
spase://SMWG/Observatory/IAGA/Black.Forest,Black Forest,Black Forest,Black.Forest,"['Black.Forest', 'IAGA:BFO']"
spase://SMWG/Observatory/IAGA/Bochum,Bochum,Bochum,IAGA:BOC,"['Bochum', 'IAGA:BOC']"
spase://SMWG/Observatory/IAGA/Bodo,Bodo,Bodo,IAGA:BOD,"['Bodo', 'IAGA:BOD']"
spase://SMWG/Observatory/IAGA/Borga,Borga,Borga,IAGA:BGA,"['Borga', 'IAGA:BGA']"
spase://SMWG/Observatory/IAGA/Borok,Borok,Borok,IAGA:BOX,"['Borok', 'IAGA:BOX']"
spase://SMWG/Observatory/IAGA/Bossekop,Bossekop,Bossekop,Bossekop,"['Bossekop', 'IAGA:BOP']"
spase://SMWG/Observatory/IAGA/Boulder,BOU,Boulder,IAGA:BOU,"['Boulder', 'IAGA:BOU']"
spase://SMWG/Observatory/IAGA/Bouzareah,Bouzareah,Bouzareah,Bouzareah,"['Bouzareah', 'IAGA:BZR']"
spase://SMWG/Observatory/IAGA/Breslau,Breslau,Breslau,IAGA:BRE,"['Breslau', 'IAGA:BRE']"
spase://SMWG/Observatory/IAGA/Brisbane,Brisbane,Brisbane,Brisbane,"['Brisbane', 'IAGA:BRS']"
spase://SMWG/Observatory/IAGA/Brorfelde,BFE,Brorfelde,Brorfelde,"['Brorfelde', 'IAGA:BFE']"
spase://SMWG/Observatory/IAGA/Bucharest,Bucharest,Bucharest,Bucharest,"['Bucharest', 'IAGA:BUC']"
spase://SMWG/Observatory/IAGA/Budakeszi,Budakeszi,Budakeszi,Budakeszi,"['Budakeszi', 'IAGA:BUZ']"
spase://SMWG/Observatory/IAGA/Budapest,Budapest,Budapest,Budapest,"['Budapest', 'IAGA:BUP']"
spase://SMWG/Observatory/IAGA/Budkov,Budkov,Budkov,IAGA:BDV,"['Budkov', 'IAGA:BDV']"
spase://SMWG/Observatory/IAGA/Bunia,Bunia,Bunia,IAGA:BNA,"['Bunia', 'IAGA:BNA']"
spase://SMWG/Observatory/IAGA/Burlington,Burlington,Burlington,Burlington,"['Burlington', 'IAGA:BRT']"
spase://SMWG/Observatory/IAGA/Byrd.Station.1,Byrd Station 1,Byrd Station 1,Byrd.Station.1,"['Byrd.Station.1', 'IAGA:BYR']"
spase://SMWG/Observatory/IAGA/Cachoeira.Paulista,Cachoeira Paulista,Cachoeira Paulista,Cachoeira.Paulista,"['Cachoeira.Paulista', 'IAGA:CHP']"
spase://SMWG/Observatory/IAGA/Cambridge.Bay,CBB,Cambridge Bay,Cambridge.Bay,"['Cambridge.Bay', 'IAGA:CBB']"
spase://SMWG/Observatory/IAGA/Camp.Douglas,Camp Douglas,Camp Douglas,Camp.Douglas,"['Camp.Douglas', 'IAGA:CDS']"
spase://SMWG/Observatory/IAGA/Campbell.Island,Campbell Island,Campbell Island,Campbell.Island,"['Campbell.Island', 'IAGA:CAI']"
spase://SMWG/Observatory/IAGA/Canberra,Canberra,Canberra,Canberra,"['Canberra', 'IAGA:CNB']"
spase://SMWG/Observatory/IAGA/Cap.Thordsen,Cap Thordsen,Cap Thordsen,Cap.Thordsen,"['Cap.Thordsen', 'IAGA:CTH']"
spase://SMWG/Observatory/IAGA/Cape.Chelyuskin,Cape Chelyuskin,Cape Chelyuskin,Cape.Chelyuskin,"['Cape.Chelyuskin', 'IAGA:CCS']"
spase://SMWG/Observatory/IAGA/Cape.Denison,Cape Denison,Cape Denison,Cape.Denison,"['Cape.Denison', 'IAGA:CDE']"
spase://SMWG/Observatory/IAGA/Cape.Evans,Cape Evans,Cape Evans,Cape.Evans,"['Cape.Evans', 'IAGA:CEV']"
spase://SMWG/Observatory/IAGA/Cape.Kamenniy,Cape Kamenniy,Cape Kamenniy,Cape.Kamenniy,"['Cape.Kamenniy', 'IAGA:CKA']"
spase://SMWG/Observatory/IAGA/Cape.Of.Good.Hope,Cape Of Good Hope,Cape Of Good Hope,Cape.Of.Good.Hope,"['Cape.Of.Good.Hope', 'IAGA:CGH']"
spase://SMWG/Observatory/IAGA/Cape.Parry,Cape Parry,Cape Parry,Cape.Parry,"['Cape.Parry', 'IAGA:CPY']"
spase://SMWG/Observatory/IAGA/Cape.Schmidt,Cape Schmidt,Cape Schmidt,Cape.Schmidt,"['Cape.Schmidt', 'IAGA:CPS']"
spase://SMWG/Observatory/IAGA/Cape.Town,Cape Town,Cape Town,Cape.Town,"['Cape.Town', 'IAGA:CTO']"
spase://SMWG/Observatory/IAGA/Cape.Wellen,Cape Wellen,Cape Wellen,Cape.Wellen,"['Cape.Wellen', 'IAGA:CWE']"
spase://SMWG/Observatory/IAGA/Cape.Zhelania,Cape Zhelania,Cape Zhelania,Cape.Zhelania,"['Cape.Zhelania', 'IAGA:CZA']"
spase://SMWG/Observatory/IAGA/Capodimonte,Capodimonte,Capodimonte,Capodimonte,"['Capodimonte', 'IAGA:CPD']"
spase://SMWG/Observatory/IAGA/Capri,Capri,Capri,IAGA:CPI,"['Capri', 'IAGA:CPI']"
spase://SMWG/Observatory/IAGA/Carrollton,Carrollton,Carrollton,Carrollton,"['Carrollton', 'IAGA:CAX']"
spase://SMWG/Observatory/IAGA/Casey,Casey,Casey,IAGA:CSY,"['Casey', 'IAGA:CSY']"
spase://SMWG/Observatory/IAGA/Casper,Casper,Casper,IAGA:CSR,"['Casper', 'IAGA:CSR']"
spase://SMWG/Observatory/IAGA/Castellaccio,Castellaccio,Castellaccio,Castellaccio,"['Castellaccio', 'IAGA:CAO']"
spase://SMWG/Observatory/IAGA/Castello.Tesino,Castello Tesino,Castello Tesino,Castello.Tesino,"['Castello.Tesino', 'IAGA:CTS']"
spase://SMWG/Observatory/IAGA/Castle.Rock,Castle Rock,Castle Rock,Castle.Rock,"['Castle.Rock', 'IAGA:CRC']"
spase://SMWG/Observatory/IAGA/Cebu,Cebu,Cebu,IAGA:CCP,"['Cebu', 'IAGA:CCP']"
spase://SMWG/Observatory/IAGA/Cha.Pa,Cha Pa,Cha-Pa,IAGA:CPA,"['Cha-Pa', 'IAGA:CPA']"
spase://SMWG/Observatory/IAGA/Chambon.La.Foret,Chambon La Foret,Chambon La Foret,Chambon.La.Foret,"['Chambon.La.Foret', 'IAGA:CLF']"
spase://SMWG/Observatory/IAGA/Changchun,Changchun,Changchun,Changchun,"['Changchun', 'IAGA:CNH']"
spase://SMWG/Observatory/IAGA/Charcot,Charcot,Charcot,IAGA:CTX,"['Charcot', 'IAGA:CTX']"
spase://SMWG/Observatory/IAGA/Charters.Towers,Charters Towers,Charters Towers,Charters.Towers,"['Charters.Towers', 'IAGA:CTA']"
spase://SMWG/Observatory/IAGA/Cheltenham,Cheltenham,Cheltenham,Cheltenham,"['Cheltenham', 'IAGA:CLH']"
spase://SMWG/Observatory/IAGA/Chengdu,Chengdu,Chengdu,IAGA:CDP,"['Chengdu', 'IAGA:CDP']"
spase://SMWG/Observatory/IAGA/Chesterfield.Inlet,Chesterfield Inlet,Chesterfield Inlet,Chesterfield.Inlet,"['Chesterfield.Inlet', 'IAGA:CFI']"
spase://SMWG/Observatory/IAGA/Chichijima,Chichijima,Chichijima,Chichijima,"['Chichijima', 'IAGA:CBI']"
spase://SMWG/Observatory/IAGA/Chiclayo,Chiclayo,Chiclayo,Chiclayo,"['Chiclayo', 'IAGA:CCL']"
spase://SMWG/Observatory/IAGA/Chilbolton,Chilbolton,Chilbolton,Chilbolton,"['Chilbolton', 'IAGA:CLB']"
spase://SMWG/Observatory/IAGA/Chimbote,Chimbote,Chimbote,Chimbote,"['Chimbote', 'IAGA:CMB']"
spase://SMWG/Observatory/IAGA/Chiripa,Chiripa,Chiripa,IAGA:CRP,"['Chiripa', 'IAGA:CRP']"
spase://SMWG/Observatory/IAGA/Chittagong,Chittagong,Chittagong,Chittagong,"['Chittagong', 'IAGA:CHT']"
spase://SMWG/Observatory/IAGA/Christchurch,Christchurch,Christchurch,Christchurch,"['Christchurch', 'IAGA:CHR']"
spase://SMWG/Observatory/IAGA/Clausthal,Clausthal,Clausthal,Clausthal,"['Clausthal', 'IAGA:CLZ']"
spase://SMWG/Observatory/IAGA/Climax,Climax,Climax,IAGA:CLI,"['Climax', 'IAGA:CLI']"
spase://SMWG/Observatory/IAGA/Coimbra,Coimbra,Coimbra,IAGA:COI,"['Coimbra', 'IAGA:COI']"
spase://SMWG/Observatory/IAGA/Colaba,Colaba,Colaba,IAGA:CLA,"['Colaba', 'IAGA:CLA']"
spase://SMWG/Observatory/IAGA/College,CMO,College,IAGA:CMO,"['College', 'IAGA:CMO']"
spase://SMWG/Observatory/IAGA/Collmberg,Collmberg,Collmberg,Collmberg,"['Collmberg', 'IAGA:CLL']"
spase://SMWG/Observatory/IAGA/Colorado.Springs,Colorado Springs,Colorado Springs,Colorado.Springs,"['Colorado.Springs', 'IAGA:CSS']"
spase://SMWG/Observatory/IAGA/Copenhagen,Copenhagen,Copenhagen,Copenhagen,"['Copenhagen', 'IAGA:COP']"
spase://SMWG/Observatory/IAGA/Crozet,Crozet Port Alfred,Crozet/Port Alfred,Port.Alfred,"['Port.Alfred', 'IAGA:CZT']"
spase://SMWG/Observatory/IAGA/Cuajimalpa,Cuajimalpa,Cuajimalpa,Cuajimalpa,"['Cuajimalpa', 'IAGA:CUA']"
spase://SMWG/Observatory/IAGA/Cuzco,Cuzco,Cuzco,IAGA:CUS,"['Cuzco', 'IAGA:CUS']"
spase://SMWG/Observatory/IAGA/Dalat,Dalat,Dalat,IAGA:DLT,"['Dalat', 'IAGA:DLT']"
spase://SMWG/Observatory/IAGA/Dalian,Dalian,Dalian,IAGA:DLN,"['Dalian', 'IAGA:DLN']"
spase://SMWG/Observatory/IAGA/Dallas,Dallas,Dallas,IAGA:DAL,"['Dallas', 'IAGA:DAL']"
spase://SMWG/Observatory/IAGA/Dar.Es.Salaam,Dar Es Salaam,Dar Es Salaam,Dar.Es.Salaam,"['Dar.Es.Salaam', 'IAGA:DRS']"
spase://SMWG/Observatory/IAGA/Darwin,Darwin,Darwin,IAGA:DAR,"['Darwin', 'IAGA:DAR']"
spase://SMWG/Observatory/IAGA/Davao,Davao,Davao,IAGA:DAV,"['Davao', 'IAGA:DAV']"
spase://SMWG/Observatory/IAGA/Davis,Davis,Davis,IAGA:DVS,"['Davis', 'IAGA:DVS']"
spase://SMWG/Observatory/IAGA/De.Bilt,De Bilt,De Bilt,IAGA:DBN,"['De.Bilt', 'IAGA:DBN']"
spase://SMWG/Observatory/IAGA/Dehra.Dun,Dehra Dun,Dehra Dun,Dehra.Dun,"['Dehra.Dun', 'IAGA:DDI']"
spase://SMWG/Observatory/IAGA/Dekelia,Dekelia,Dekelia,IAGA:DEK,"['Dekelia', 'IAGA:DEK']"
spase://SMWG/Observatory/IAGA/Del.Rio,Del Rio,Del Rio,IAGA:DLR,"['Del.Rio', 'IAGA:DLR']"
spase://SMWG/Observatory/IAGA/Discovery.Bay.North,Discovery Bay North,Discovery Bay North,Discovery.Bay.North,"['Discovery.Bay.North', 'IAGA:DIS']"
spase://SMWG/Observatory/IAGA/Discovery.Bay.South,Discovery Bay South,Discovery Bay South,Discovery.Bay.South,"['Discovery.Bay.South', 'IAGA:HUT']"
spase://SMWG/Observatory/IAGA/Dixon,Dixon,Dixon,IAGA:DIK,"['Dixon', 'IAGA:DIK']"
spase://SMWG/Observatory/IAGA/Djibouti,Djibouti,Djibouti,Djibouti,"['Djibouti', 'IAGA:DJI']"
spase://SMWG/Observatory/IAGA/Dombas,DOB,Dombas,IAGA:DOB,"['Dombas', 'IAGA:DOB']"
spase://SMWG/Observatory/IAGA/Dome.Concordia,Dome Concordia,Dome Concordia,Dome.Concordia,"['Dome.Concordia', 'IAGA:DMC']"
spase://SMWG/Observatory/IAGA/Dome.Fuji,Dome Fuji,Dome Fuji,Dome.Fuji,"['Dome.Fuji', 'IAGA:DMF']"
spase://SMWG/Observatory/IAGA/Donnersberg,Donnersberg,Donnersberg,Donnersberg,"['Donnersberg', 'IAGA:DNB']"
spase://SMWG/Observatory/IAGA/Dourbes,Dourbes,Dourbes,IAGA:DOU,"['Dourbes', 'IAGA:DOU']"
spase://SMWG/Observatory/IAGA/Dublin,Dublin,Dublin,IAGA:DUB,"['Dublin', 'IAGA:DUB']"
spase://SMWG/Observatory/IAGA/Dumont.Durville,Dumont Durville,Dumont Durville,Dumont.Durville,"['Dumont.Durville', 'IAGA:DRV']"
spase://SMWG/Observatory/IAGA/Durham,Durham,Durham,IAGA:DUR,"['Durham', 'IAGA:DUR']"
spase://SMWG/Observatory/IAGA/Dusheti,Dusheti,Dusheti,IAGA:TFS,"['Dusheti', 'IAGA:TFS']"
spase://SMWG/Observatory/IAGA/Dymer,Dymer,Dymer,IAGA:KIV,"['Dymer', 'IAGA:KIV']"
spase://SMWG/Observatory/IAGA/East.Anglia,East Anglia,East Anglia,East.Anglia,"['East.Anglia', 'IAGA:EAA']"
spase://SMWG/Observatory/IAGA/Easter.Island,Easter Island,Easter Island,Easter.Island,"['Easter.Island', 'IAGA:EIC']"
spase://SMWG/Observatory/IAGA/Eastport,Eastport,Eastport,Eastport,"['Eastport', 'IAGA:ETP']"
spase://SMWG/Observatory/IAGA/Ebro,Ebro,Ebro,IAGA:EBR,"['Ebro', 'IAGA:EBR']"
spase://SMWG/Observatory/IAGA/Eielson.AFB,Eielson AFB,Eielson AFB,Eielson.AFB,"['Eielson.AFB', 'IAGA:ENB']"
spase://SMWG/Observatory/IAGA/Eights.Station,Eights Station,Eights Station,Eights.Station,"['Eights.Station', 'IAGA:EGS']"
spase://SMWG/Observatory/IAGA/Eilat,Eilat,Eilat,IAGA:ELT,"['Eilat', 'IAGA:ELT']"
spase://SMWG/Observatory/IAGA/El.Abiod.Sidi,El Abiod Sidi,El Abiod Sidi,El.Abiod.Sidi,"['El.Abiod.Sidi', 'IAGA:EAS']"
spase://SMWG/Observatory/IAGA/Elizabethville,Elizabethville,Elizabethville,Elizabethville,"['Elizabethville', 'IAGA:ELI']"
spase://SMWG/Observatory/IAGA/Enkoping,Enkoping,Enkoping,Enkoping,"['Enkoping', 'IAGA:ENK']"
spase://SMWG/Observatory/IAGA/Esashi,Esashi,Esashi,IAGA:ESA,"['Esashi', 'IAGA:ESA']"
spase://SMWG/Observatory/IAGA/Eskdalemuir,Eskdalemuir,Eskdalemuir,Eskdalemuir,"['Eskdalemuir', 'IAGA:ESK']"
spase://SMWG/Observatory/IAGA/Eskimo.Point,Eskimo Point,Eskimo Point,Eskimo.Point,"['Eskimo.Point', 'IAGA:EKP']"
spase://SMWG/Observatory/IAGA/Espanola,Espanola,Espanola,Espanola,"['Espanola', 'IAGA:EPN']"
spase://SMWG/Observatory/IAGA/Etah,Etah,Etah,IAGA:ETA,"['Etah', 'IAGA:ETA']"
spase://SMWG/Observatory/IAGA/Etaiyapuram,Etaiyapuram,Etaiyapuram,Etaiyapuram,"['Etaiyapuram', 'IAGA:ETT']"
spase://SMWG/Observatory/IAGA/Eureka,Eureka,Eureka,IAGA:EUA,"['Eureka', 'IAGA:EUA']"
spase://SMWG/Observatory/IAGA/Eusebio,Eusebio,Eusebio,IAGA:EUS,"['Eusebio', 'IAGA:EUS']"
spase://SMWG/Observatory/IAGA/Eyrewell,Eyrewell,Eyrewell,Eyrewell,"['Eyrewell', 'IAGA:EYR']"
spase://SMWG/Observatory/IAGA/Falmouth,Falmouth,Falmouth,Falmouth,"['Falmouth', 'IAGA:FAL']"
spase://SMWG/Observatory/IAGA/Fanning.Island,Fanning Island,Fanning Island,Fanning.Island,"['Fanning.Island', 'IAGA:FAN']"
spase://SMWG/Observatory/IAGA/Flensburg,Flensburg,Flensburg,Flensburg,"['Flensburg', 'IAGA:FLE']"
spase://SMWG/Observatory/IAGA/Floeberg.Beach,Floeberg Beach,Floeberg Beach,Floeberg.Beach,"['Floeberg.Beach', 'IAGA:FLB']"
spase://SMWG/Observatory/IAGA/Fort.Chipewyan,Fort Chipewyan,Fort Chipewyan,Fort.Chipewyan,"['Fort.Chipewyan', 'IAGA:FCP']"
spase://SMWG/Observatory/IAGA/Fort.Churchill.2,Fort Churchill,Fort Churchill 2,Fort.Churchill.2,"['Fort.Churchill.2', 'IAGA:FCC']"
spase://SMWG/Observatory/IAGA/Fort.Conger,Fort Conger,Fort Conger,Fort.Conger,"['Fort.Conger', 'IAGA:FCR']"
spase://SMWG/Observatory/IAGA/Fort.Mcmurray,Fort Mcmurray,Fort Mcmurray,Fort.Mcmurray,"['Fort.Mcmurray', 'IAGA:FMM']"
spase://SMWG/Observatory/IAGA/Fort.Rae,Fort Rae,Fort Rae,Fort.Rae,"['Fort.Rae', 'IAGA:FRA']"
spase://SMWG/Observatory/IAGA/Fort.Severn,Fort Severn,Fort Severn,Fort.Severn,"['Fort.Severn', 'IAGA:FSV']"
spase://SMWG/Observatory/IAGA/Fort.Simpson,FSP,Fort Simpson,Fort.Simpson,"['Fort.Simpson', 'IAGA:FSP']"
spase://SMWG/Observatory/IAGA/Fort.Smith,FSM,Fort Smith,Fort.Smith,"['Fort.Smith', 'IAGA:FSM']"
spase://SMWG/Observatory/IAGA/Fort.Yukon,FYU,Fort Yukon,Fort.Yukon,"['Fort.Yukon', 'IAGA:FYU']"
spase://SMWG/Observatory/IAGA/Fredericksburg,FRD,Fredericksburg,Fredericksburg,"['Fredericksburg', 'IAGA:FRD']"
spase://SMWG/Observatory/IAGA/Freetown,Freetown,Freetown,Freetown,"['Freetown', 'IAGA:FTN']"
spase://SMWG/Observatory/IAGA/Freiberg,Freiberg,Freiberg,Freiberg,"['Freiberg', 'IAGA:FRB']"
spase://SMWG/Observatory/IAGA/Fresno,FRN,Fresno,IAGA:FRN,"['Fresno', 'IAGA:FRN']"
spase://SMWG/Observatory/IAGA/Fuquene,Fuquene,Fuquene,IAGA:FUQ,"['Fuquene', 'IAGA:FUQ']"
spase://SMWG/Observatory/IAGA/Furstenfeldbruck,Furstenfeldbruck,Furstenfeldbruck,Furstenfeldbruck,"['Furstenfeldbruck', 'IAGA:FUR']"
spase://SMWG/Observatory/IAGA/Gauss.Station,Gauss Station,Gauss Station,Gauss.Station,"['Gauss.Station', 'IAGA:GAS']"
spase://SMWG/Observatory/IAGA/Gelania,Gelania,Gelania,IAGA:GEL,"['Gelania', 'IAGA:GEL']"
spase://SMWG/Observatory/IAGA/Genova.C,Genova C,Genova C,Genova.C,"['Genova.C', 'IAGA:GEN']"
spase://SMWG/Observatory/IAGA/Genova.Monte.Capellino,Genova Monte Capellino,Genova Monte Capellino,Genova.Monte.Capellino,"['Genova.Monte.Capellino', 'IAGA:MCP']"
spase://SMWG/Observatory/IAGA/Georg.Von.Neumayer,Georg Von Neumayer,Georg Von Neumayer,Georg.Von.Neumayer,"['Georg.Von.Neumayer', 'IAGA:GVN']"
spase://SMWG/Observatory/IAGA/Gibilmanna,Gibilmanna,Gibilmanna,Gibilmanna,"['Gibilmanna', 'IAGA:GIB']"
spase://SMWG/Observatory/IAGA/Gilgit,Gilgit,Gilgit,IAGA:GIT,"['Gilgit', 'IAGA:GIT']"
spase://SMWG/Observatory/IAGA/Gillam,GIM,Gillam,IAGA:GIM,"['Gillam', 'IAGA:GIM']"
spase://SMWG/Observatory/IAGA/Girardville,Girardville,Girardville,Girardville,"['Girardville', 'IAGA:GIR']"
spase://SMWG/Observatory/IAGA/Gjoahavn,Gjoahavn,Gjoahavn,Gjoahavn,"['Gjoahavn', 'IAGA:GJO']"
spase://SMWG/Observatory/IAGA/Glenlea,Glenlea,Glenlea,IAGA:GLN,"['Glenlea', 'IAGA:GLN']"
spase://SMWG/Observatory/IAGA/Gnangara,Gnangara,Gnangara,Gnangara,"['Gnangara', 'IAGA:GNA']"
spase://SMWG/Observatory/IAGA/Godhavn,Godhavn,Godhavn,IAGA:GDH,"['Godhavn', 'IAGA:GDH']"
spase://SMWG/Observatory/IAGA/Godthaab,Godthaab,Godthaab,Godthaab,"['Godthaab', 'IAGA:GHB']"
spase://SMWG/Observatory/IAGA/Golmud,Golmud,Golmud,IAGA:GLM,"['Golmud', 'IAGA:GLM']"
spase://SMWG/Observatory/IAGA/Gonzales.Videla,Gonzales Videla,Gonzales Videla,Gonzales.Videla,"['Gonzales.Videla', 'IAGA:GVD']"
spase://SMWG/Observatory/IAGA/Gornotayezhnaya,Gornotayezhnaya Vladivostok,Gornotayezhnaya/Vladivostok,Vladivostok,"['Vladivostok', 'IAGA:VLA']"
spase://SMWG/Observatory/IAGA/Gottingen.1,Gottingen 1,Gottingen-1,Gottingen-1,"['Gottingen-1', 'IAGA:GOT']"
spase://SMWG/Observatory/IAGA/Gottingen.2,Gottingen 2,Gottingen-2,Gottingen-2,"['Gottingen-2', 'IAGA:GTT']"
spase://SMWG/Observatory/IAGA/Grahamstown,Grahamstown,Grahamstown,Grahamstown,"['Grahamstown', 'IAGA:GRM']"
spase://SMWG/Observatory/IAGA/Great.Wall.Station,Great Wall Station,Great Wall Station,Great.Wall.Station,"['Great.Wall.Station', 'IAGA:GTW']"
spase://SMWG/Observatory/IAGA/Great.Whale.River,Great Whale River,Great Whale River,Great.Whale.River,"['Great.Whale.River', 'IAGA:GWC']"
spase://SMWG/Observatory/IAGA/Greenwich,Greenwich,Greenwich,Greenwich,"['Greenwich', 'IAGA:GRW']"
spase://SMWG/Observatory/IAGA/Grocka,Grocka,Grocka,IAGA:GCK,"['Grocka', 'IAGA:GCK']"
spase://SMWG/Observatory/IAGA/Gross.Raum,Gross Raum,Gross Raum,Gross.Raum,"['Gross.Raum', 'IAGA:GRR']"
spase://SMWG/Observatory/IAGA/Grytviken,Grytviken,Grytviken,Grytviken,"['Grytviken', 'IAGA:GTV']"
spase://SMWG/Observatory/IAGA/Guam,Guam,Guam,IAGA:GUA,"['Guam', 'IAGA:GUA']"
spase://SMWG/Observatory/IAGA/Guangzhou,Guangzhou,Guangzhou,Guangzhou,"['Guangzhou', 'IAGA:GZH']"
spase://SMWG/Observatory/IAGA/Guimar,Guimar,Guimar,IAGA:GUI,"['Guimar', 'IAGA:GUI']"
spase://SMWG/Observatory/IAGA/Hackney.Wick.1,Hackney Wick 1,Hackney Wick 1,Hackney.Wick.1,"['Hackney.Wick.1', 'IAGA:HWK']"
spase://SMWG/Observatory/IAGA/Hackney.Wick.2,Hackney Wick 2,Hackney Wick 2,Hackney.Wick.2,"['Hackney.Wick.2', 'IAGA:BYH']"
spase://SMWG/Observatory/IAGA/Hallet,Hallet,Hallet,IAGA:HLL,"['Hallet', 'IAGA:HLL']"
spase://SMWG/Observatory/IAGA/Halley.Bay,Halley Bay,Halley Bay,Halley.Bay,"['Halley.Bay', 'IAGA:HBA']"
spase://SMWG/Observatory/IAGA/Hamburg,Hamburg,Hamburg,IAGA:HAM,"['Hamburg', 'IAGA:HAM']"
spase://SMWG/Observatory/IAGA/Hankasalmi,HAN,Hankasalmi,Hankasalmi,"['Hankasalmi', 'IAGA:HAN']"
spase://SMWG/Observatory/IAGA/Hartebeesthoek,Hartebeesthoek,Hartebeesthoek,Hartebeesthoek,"['Hartebeesthoek', 'IAGA:HBK']"
spase://SMWG/Observatory/IAGA/Hartland,Hartland,Hartland,Hartland,"['Hartland', 'IAGA:HAD']"
spase://SMWG/Observatory/IAGA/Hatizyo,Hatizyo,Hatizyo,IAGA:HTY,"['Hatizyo', 'IAGA:HTY']"
spase://SMWG/Observatory/IAGA/Havana,Havana,Havana,IAGA:HVN,"['Havana', 'IAGA:HVN']"
spase://SMWG/Observatory/IAGA/Hayriver,Hayriver,Hayriver,Hayriver,"['Hayriver', 'IAGA:HRI']"
spase://SMWG/Observatory/IAGA/Healy,Healy,Healy,IAGA:HEA,"['Healy', 'IAGA:HEA']"
spase://SMWG/Observatory/IAGA/Heard.Island,Heard Island,Heard Island,Heard.Island,"['Heard.Island', 'IAGA:HII']"
spase://SMWG/Observatory/IAGA/Heiss.Island,Heiss Island,Heiss Island,Heiss.Island,"['Heiss.Island', 'IAGA:HIS']"
spase://SMWG/Observatory/IAGA/Hel,Hel,Hel,IAGA:HLP,"['Hel', 'IAGA:HLP']"
spase://SMWG/Observatory/IAGA/Helsinki,Helsinki,Helsinki,Helsinki,"['Helsinki', 'IAGA:HLS']"
spase://SMWG/Observatory/IAGA/Helwan,Helwan,Helwan,IAGA:HLW,"['Helwan', 'IAGA:HLW']"
spase://SMWG/Observatory/IAGA/Herchmer,Herchmer,Herchmer,Herchmer,"['Herchmer', 'IAGA:HCR']"
spase://SMWG/Observatory/IAGA/Hermanus,Hermanus,Hermanus,Hermanus,"['Hermanus', 'IAGA:HER']"
spase://SMWG/Observatory/IAGA/Hermsdorf,Hermsdorf,Hermsdorf,Hermsdorf,"['Hermsdorf', 'IAGA:HDF']"
spase://SMWG/Observatory/IAGA/Hobart,Hobart,Hobart,IAGA:HBT,"['Hobart', 'IAGA:HBT']"
spase://SMWG/Observatory/IAGA/Hollandia,Hollandia,Hollandia,Hollandia,"['Hollandia', 'IAGA:HNA']"
spase://SMWG/Observatory/IAGA/Holsteinsborg,Holsteinsborg,Holsteinsborg,Holsteinsborg,"['Holsteinsborg', 'IAGA:HST']"
spase://SMWG/Observatory/IAGA/Hong.Kong.1,Hong Kong,Hong Kong 1,Hong.Kong.1,"['Hong.Kong.1', 'IAGA:HKC']"
spase://SMWG/Observatory/IAGA/Honolulu.1.2.3,Honolulu 1 2 3,Honolulu 1-2-3,Honolulu.1-2-3,"['Honolulu.1-2-3', 'IAGA:HON']"
spase://SMWG/Observatory/IAGA/Hornsund,Hornsund,Hornsund,Hornsund,"['Hornsund', 'IAGA:HRN']"
spase://SMWG/Observatory/IAGA/Huancayo,Huancayo,Huancayo,Huancayo,"['Huancayo', 'IAGA:HUA']"
spase://SMWG/Observatory/IAGA/Hurbanovo,Hurbanovo,Hurbanovo,Hurbanovo,"['Hurbanovo', 'IAGA:HRB']"
spase://SMWG/Observatory/IAGA/Husafell,Husafell,Husafell,Husafell,"['Husafell', 'IAGA:HUS']"
spase://SMWG/Observatory/IAGA/Hyderabad,Hyderabad,Hyderabad,Hyderabad,"['Hyderabad', 'IAGA:HYB']"
spase://SMWG/Observatory/IAGA/Ibadan,Ibadan,Ibadan,IAGA:IBD,"['Ibadan', 'IAGA:IBD']"
spase://SMWG/Observatory/IAGA/Ile.Ife,Ile Ife,Ile-Ife,IAGA:IIF,"['Ile-Ife', 'IAGA:IIF']"
spase://SMWG/Observatory/IAGA/Inge.Lehmann,Inge Lehmann,Inge Lehmann,Inge.Lehmann,"['Inge.Lehmann', 'IAGA:ILN']"
spase://SMWG/Observatory/IAGA/Inuvik,INK,Inuvik,IAGA:INK,"['Inuvik', 'IAGA:INK']"
spase://SMWG/Observatory/IAGA/Iqaluit,IQA,Iqaluit,IAGA:IQA,"['Iqaluit', 'IAGA:IQA']"
spase://SMWG/Observatory/IAGA/Isachsen,Isachsen,Isachsen,Isachsen,"['Isachsen', 'IAGA:ISC']"
spase://SMWG/Observatory/IAGA/Islamabad,Islamabad,Islamabad,Islamabad,"['Islamabad', 'IAGA:ISP']"
spase://SMWG/Observatory/IAGA/Island.Lake,Island Lake,Island Lake,Island.Lake,"['Island.Lake', 'IAGA:ISL']"
spase://SMWG/Observatory/IAGA/Istanbul.Kandilly,Istanbul Kandilly,Istanbul Kandilly,Istanbul.Kandilly,"['Istanbul.Kandilly', 'IAGA:ISK']"
spase://SMWG/Observatory/IAGA/Ivalo,IVA,Ivalo,IAGA:IVA,"['Ivalo', 'IAGA:IVA']"
spase://SMWG/Observatory/IAGA/Ivigtut,Ivigtut,Ivigtut,IAGA:IVI,"['Ivigtut', 'IAGA:IVI']"
spase://SMWG/Observatory/IAGA/Iznik,Iznik,Iznik,IAGA:IZN,"['Iznik', 'IAGA:IZN']"
spase://SMWG/Observatory/IAGA/Jaipur,Jaipur,Jaipur,IAGA:JAI,"['Jaipur', 'IAGA:JAI']"
spase://SMWG/Observatory/IAGA/Jaluit,Jaluit,Jaluit,IAGA:JAL,"['Jaluit', 'IAGA:JAL']"
spase://SMWG/Observatory/IAGA/Jan.Mayen,JMI,Jan Mayen,Jan.Mayen,"['Jan.Mayen', 'IAGA:JMI']"
spase://SMWG/Observatory/IAGA/Janow,Janow,Janow,IAGA:YNV,"['Janow', 'IAGA:YNV']"
spase://SMWG/Observatory/IAGA/Jarvis.Island,Jarvis Island,Jarvis Island,Jarvis.Island,"['Jarvis.Island', 'IAGA:JRV']"
spase://SMWG/Observatory/IAGA/Jassy,Jassy,Jassy,IAGA:JSS,"['Jassy', 'IAGA:JSS']"
spase://SMWG/Observatory/IAGA/Jekman.Island,Jekman Island,Jekman Island,Jekman.Island,"['Jekman.Island', 'IAGA:JKI']"
spase://SMWG/Observatory/IAGA/Johnson.Point,Johnson Point,Johnson Point,Johnson.Point,"['Johnson.Point', 'IAGA:JOP']"
spase://SMWG/Observatory/IAGA/Julianehaab,Julianehaab,Julianehaab,Julianehaab,"['Julianehaab', 'IAGA:JUL']"
spase://SMWG/Observatory/IAGA/Kakadu,Kakadu,Kakadu,IAGA:KDU,"['Kakadu', 'IAGA:KDU']"
spase://SMWG/Observatory/IAGA/Kakioka,Kakioka,Kakioka,IAGA:KAK,"['Kakioka', 'IAGA:KAK']"
spase://SMWG/Observatory/IAGA/Kaliningrad.1,Kaliningrad 1,Kaliningrad-1,Kaliningrad-1,"['Kaliningrad-1', 'IAGA:KLD']"
spase://SMWG/Observatory/IAGA/Kaliningrad.2,Kaliningrad 2,Kaliningrad-2,Kaliningrad-2,"['Kaliningrad-2', 'IAGA:KNG']"
spase://SMWG/Observatory/IAGA/Kamenniyj.Mys,Kamenniyj Mys,Kamenniyj Mys,Kamenniyj.Mys,"['Kamenniyj.Mys', 'IAGA:KAM']"
spase://SMWG/Observatory/IAGA/Kandalaksha,Kandalaksha,Kandalaksha,Kandalaksha,"['Kandalaksha', 'IAGA:KND']"
spase://SMWG/Observatory/IAGA/Kanoya,Kanoya,Kanoya,IAGA:KNY,"['Kanoya', 'IAGA:KNY']"
spase://SMWG/Observatory/IAGA/Kanozan,Kanozan,Kanozan,IAGA:KNZ,"['Kanozan', 'IAGA:KNZ']"
spase://SMWG/Observatory/IAGA/Kap.Tobin,Kap Tobin,Kap Tobin,Kap.Tobin,"['Kap.Tobin', 'IAGA:KTG']"
spase://SMWG/Observatory/IAGA/Karachi,Karachi,Karachi,IAGA:KRC,"['Karachi', 'IAGA:KRC']"
spase://SMWG/Observatory/IAGA/Karavia,Karavia,Karavia,IAGA:KVA,"['Karavia', 'IAGA:KVA']"
spase://SMWG/Observatory/IAGA/Karmakuli,Karmakuli,Karmakuli,Karmakuli,"['Karmakuli', 'IAGA:KAR']"
spase://SMWG/Observatory/IAGA/Karsani,Karsani,Karsani,IAGA:KAS,"['Karsani', 'IAGA:KAS']"
spase://SMWG/Observatory/IAGA/Kashi,Kashi,Kashi,IAGA:KSH,"['Kashi', 'IAGA:KSH']"
spase://SMWG/Observatory/IAGA/Katuura,Katuura,Katuura,IAGA:KAT,"['Katuura', 'IAGA:KAT']"
spase://SMWG/Observatory/IAGA/Keetmanshoop,Keetmanshoop,Keetmanshoop,Keetmanshoop,"['Keetmanshoop', 'IAGA:KEE']"
spase://SMWG/Observatory/IAGA/Keles,Keles,Keles,IAGA:KEL,"['Keles', 'IAGA:KEL']"
spase://SMWG/Observatory/IAGA/Kem,Kem,Kem,IAGA:KEM,"['Kem', 'IAGA:KEM']"
spase://SMWG/Observatory/IAGA/Kerguelen,Kerguelen,Kerguelen,Kerguelen,"['Kerguelen', 'IAGA:KGL']"
spase://SMWG/Observatory/IAGA/Kew,Kew,Kew,IAGA:KEW,"['Kew', 'IAGA:KEW']"
spase://SMWG/Observatory/IAGA/Key.West,Key West,Key West,Key.West,"['Key.West', 'IAGA:KWT']"
spase://SMWG/Observatory/IAGA/Khabarovsk,Khabarovsk,Khabarovsk,Khabarovsk,"['Khabarovsk', 'IAGA:KHB']"
spase://SMWG/Observatory/IAGA/Kharasavey,Kharasavey,Kharasavey,Kharasavey,"['Kharasavey', 'IAGA:KHS']"
spase://SMWG/Observatory/IAGA/Kiel,Kiel,Kiel,IAGA:KIE,"['Kiel', 'IAGA:KIE']"
spase://SMWG/Observatory/IAGA/King.George.Island,King George Island,King George Island,King.George.Island,"['King.George.Island', 'IAGA:KGI']"
spase://SMWG/Observatory/IAGA/King.Point,King Point,King Point,King.Point,"['King.Point', 'IAGA:KPT']"
spase://SMWG/Observatory/IAGA/Kinguafjord,Kinguafjord,Kinguafjord,Kinguafjord,"['Kinguafjord', 'IAGA:KGF']"
spase://SMWG/Observatory/IAGA/Kiruna,Kiruna,Kiruna,IAGA:KIR,"['Kiruna', 'IAGA:KIR']"
spase://SMWG/Observatory/IAGA/Klagenfurt,Klagenfurt,Klagenfurt,Klagenfurt,"['Klagenfurt', 'IAGA:KFT']"
spase://SMWG/Observatory/IAGA/Klyuchi,Klyuchi,Klyuchi,IAGA:KLY,"['Klyuchi', 'IAGA:KLY']"
spase://SMWG/Observatory/IAGA/Kodaikanal,Kodaikanal,Kodaikanal,Kodaikanal,"['Kodaikanal', 'IAGA:KOD']"
spase://SMWG/Observatory/IAGA/Kontagora,Kontagora,Kontagora,Kontagora,"['Kontagora', 'IAGA:KNT']"
spase://SMWG/Observatory/IAGA/Korets,Korets,Korets,IAGA:KTS,"['Korets', 'IAGA:KTS']"
spase://SMWG/Observatory/IAGA/Koror,Koror,Koror,IAGA:KOR,"['Koror', 'IAGA:KOR']"
spase://SMWG/Observatory/IAGA/Kotzebue,Kotzebue,Kotzebue,Kotzebue,"['Kotzebue', 'IAGA:KOT']"
spase://SMWG/Observatory/IAGA/Kourou,Kourou,Kourou,IAGA:KOU,"['Kourou', 'IAGA:KOU']"
spase://SMWG/Observatory/IAGA/Krakau,Krakau,Krakau,IAGA:CRA,"['Krakau', 'IAGA:CRA']"
spase://SMWG/Observatory/IAGA/Krasnaya.Pakhra,Krasnaya Pakhra,Krasnaya Pakhra,Krasnaya.Pakhra,"['Krasnaya.Pakhra', 'IAGA:MOS']"
spase://SMWG/Observatory/IAGA/Kremsmunster,Kremsmunster,Kremsmunster,Kremsmunster,"['Kremsmunster', 'IAGA:KRE']"
spase://SMWG/Observatory/IAGA/Ksara,Ksara,Ksara,IAGA:KSA,"['Ksara', 'IAGA:KSA']"
spase://SMWG/Observatory/IAGA/Kuchino,Kuchino,Kuchino,IAGA:KTC,"['Kuchino', 'IAGA:KTC']"
spase://SMWG/Observatory/IAGA/Kumasi,Kumasi,Kumasi,IAGA:KUM,"['Kumasi', 'IAGA:KUM']"
spase://SMWG/Observatory/IAGA/Kupang,Kupang,Kupang,IAGA:KUP,"['Kupang', 'IAGA:KUP']"
spase://SMWG/Observatory/IAGA/Kuyper,Kuyper,Kuyper,IAGA:KUY,"['Kuyper', 'IAGA:KUY']"
spase://SMWG/Observatory/IAGA/Kwajalein,Kwajalein,Kwajalein,Kwajalein,"['Kwajalein', 'IAGA:KWJ']"
spase://SMWG/Observatory/IAGA/Kzil.Agach,Kzil Agach,Kzil-Agach,Kzil-Agach,"['Kzil-Agach', 'IAGA:KZA']"
spase://SMWG/Observatory/IAGA/La.Maddalena,La Maddalena,La Maddalena,La.Maddalena,"['La.Maddalena', 'IAGA:LMD']"
spase://SMWG/Observatory/IAGA/La.Paz,La Paz,La Paz,IAGA:LPB,"['La.Paz', 'IAGA:LPB']"
spase://SMWG/Observatory/IAGA/La.Quiaca,La Quiaca,La Quiaca,La.Quiaca,"['La.Quiaca', 'IAGA:LQA']"
spase://SMWG/Observatory/IAGA/Langenberg.And.Bochum,Langenberg And Bochum,Langenberg And Bochum,Langenberg.And.Bochum,"['Langenberg.And.Bochum', 'IAGA:BOC']"
spase://SMWG/Observatory/IAGA/Lanzhou,Lanzhou,Lanzhou,IAGA:LZH,"['Lanzhou', 'IAGA:LZH']"
spase://SMWG/Observatory/IAGA/LAquila,L'Aquila,L'Aquila,L'Aquila,"[""L'Aquila"", 'IAGA:AQU']"
spase://SMWG/Observatory/IAGA/Las.Acacias,Las Acacias,Las Acacias,Las.Acacias,"['Las.Acacias', 'IAGA:LAS']"
spase://SMWG/Observatory/IAGA/Lauder,Lauder,Lauder,IAGA:LAU,"['Lauder', 'IAGA:LAU']"
spase://SMWG/Observatory/IAGA/Lazarev,Lazarev,Lazarev,IAGA:LZV,"['Lazarev', 'IAGA:LZV']"
spase://SMWG/Observatory/IAGA/Leadville,Leadville,Leadville,Leadville,"['Leadville', 'IAGA:LDV']"
spase://SMWG/Observatory/IAGA/Learmonth,Learmonth,Learmonth,Learmonth,"['Learmonth', 'IAGA:LRM']"
spase://SMWG/Observatory/IAGA/Leduc,Leduc,Leduc,IAGA:LED,"['Leduc', 'IAGA:LED']"
spase://SMWG/Observatory/IAGA/Leirvogur,LRV,Leirvogur,Leirvogur,"['Leirvogur', 'IAGA:LRV']"
spase://SMWG/Observatory/IAGA/Lerwick,Lerwick,Lerwick,IAGA:LER,"['Lerwick', 'IAGA:LER']"
spase://SMWG/Observatory/IAGA/Lhasa,Lhasa,Lhasa,IAGA:LSA,"['Lhasa', 'IAGA:LSA']"
spase://SMWG/Observatory/IAGA/Lisbon,Lisbon,Lisbon,IAGA:LIS,"['Lisbon', 'IAGA:LIS']"
spase://SMWG/Observatory/IAGA/Little.America,Little America,Little America,Little.America,"['Little.America', 'IAGA:LAA']"
spase://SMWG/Observatory/IAGA/Livingston.Island,Livingston Island,Livingston Island,Livingston.Island,"['Livingston.Island', 'IAGA:LIV']"
spase://SMWG/Observatory/IAGA/Logrono,Logrono,Logrono,IAGA:LGR,"['Logrono', 'IAGA:LGR']"
spase://SMWG/Observatory/IAGA/Lompoc,Lompoc,Lompoc,IAGA:LOC,"['Lompoc', 'IAGA:LOC']"
spase://SMWG/Observatory/IAGA/Loparskaya,Loparskaya Murmansk,Loparskaya/Murmansk,Murmansk,"['Murmansk', 'IAGA:MMK']"
spase://SMWG/Observatory/IAGA/Loring.AFB,Loring AFB,Loring AFB,Loring.AFB,"['Loring.AFB', 'IAGA:LOB']"
spase://SMWG/Observatory/IAGA/Los.Angeles,Los Angeles,Los Angeles,Los.Angeles,"['Los.Angeles', 'IAGA:LOS']"
spase://SMWG/Observatory/IAGA/Lourenco.Marques,Lourenco Marques,Lourenco Marques,Lourenco.Marques,"['Lourenco.Marques', 'IAGA:LMM']"
spase://SMWG/Observatory/IAGA/Lovo,Lovo,Lovo,IAGA:LOV,"['Lovo', 'IAGA:LOV']"
spase://SMWG/Observatory/IAGA/Lovozero,LOZ,Lovozero,Lovozero,"['Lovozero', 'IAGA:LOZ']"
spase://SMWG/Observatory/IAGA/Luanda,Luanda,Luanda,IAGA:LUA,"['Luanda', 'IAGA:LUA']"
spase://SMWG/Observatory/IAGA/Lubeck,Lubeck,Lubeck,IAGA:LUB,"['Lubeck', 'IAGA:LUB']"
spase://SMWG/Observatory/IAGA/Lucky.Lake,LUC,Lucky Lake,Lucky.Lake,"['Lucky.Lake', 'IAGA:LUC']"
spase://SMWG/Observatory/IAGA/Lukiapang.1,Lukiapang 1,Lukiapang-1,Lukiapang-1,"['Lukiapang-1', 'IAGA:LKP']"
spase://SMWG/Observatory/IAGA/Lukiapang.2,Lukiapang 2,Lukiapang-2,Lukiapang-2,"['Lukiapang-2', 'IAGA:LUK']"
spase://SMWG/Observatory/IAGA/Lunping,Lunping,Lunping,IAGA:LNP,"['Lunping', 'IAGA:LNP']"
spase://SMWG/Observatory/IAGA/Lvov,Lvov,Lvov,IAGA:LVV,"['Lvov', 'IAGA:LVV']"
spase://SMWG/Observatory/IAGA/Lwiro,Lwiro,Lwiro,IAGA:LWI,"['Lwiro', 'IAGA:LWI']"
spase://SMWG/Observatory/IAGA/Lynn.Lake,Lynn Lake,Lynn Lake,Lynn.Lake,"['Lynn.Lake', 'IAGA:LYN']"
spase://SMWG/Observatory/IAGA/Macquarie.Island,Macquarie Island,Macquarie Island,Macquarie.Island,"['Macquarie.Island', 'IAGA:MCQ']"
spase://SMWG/Observatory/IAGA/Madras,Madras,Madras,IAGA:MDS,"['Madras', 'IAGA:MDS']"
spase://SMWG/Observatory/IAGA/Madrid,Madrid,Madrid,IAGA:MDD,"['Madrid', 'IAGA:MDD']"
spase://SMWG/Observatory/IAGA/Magadan,Magadan,Magadan,IAGA:MGD,"['Magadan', 'IAGA:MGD']"
spase://SMWG/Observatory/IAGA/Magallanes,Magallanes,Magallanes,Magallanes,"['Magallanes', 'IAGA:MGS']"
spase://SMWG/Observatory/IAGA/Maisach.1,Maisach 1,Maisach-1,Maisach-1,"['Maisach-1', 'IAGA:MAS']"
spase://SMWG/Observatory/IAGA/Maisach.2,Maisach 2,Maisach-2,Maisach-2,"['Maisach-2', 'IAGA:MSC']"
spase://SMWG/Observatory/IAGA/Maitun,Maitun Vladivostok,Maitun/Vladivostok,Vladivostok,"['Vladivostok', 'IAGA:MAI']"
spase://SMWG/Observatory/IAGA/Majuro,Majuro,Majuro,IAGA:MJR,"['Majuro', 'IAGA:MJR']"
spase://SMWG/Observatory/IAGA/Makerstoun,Makerstoun,Makerstoun,Makerstoun,"['Makerstoun', 'IAGA:MAK']"
spase://SMWG/Observatory/IAGA/Malyye.Karmakuly,Malyye Karmakuly,Malyye Karmakuly,Malyye.Karmakuly,"['Malyye.Karmakuly', 'IAGA:MKL']"
spase://SMWG/Observatory/IAGA/Manado,Manado,Manado,IAGA:MND,"['Manado', 'IAGA:MND']"
spase://SMWG/Observatory/IAGA/Manhay,Manhay,Manhay,IAGA:MAB,"['Manhay', 'IAGA:MAB']"
spase://SMWG/Observatory/IAGA/Manila,Manila,Manila,IAGA:MAN,"['Manila', 'IAGA:MAN']"
spase://SMWG/Observatory/IAGA/Manzhouli,Manzhouli,Manzhouli,Manzhouli,"['Manzhouli', 'IAGA:MZL']"
spase://SMWG/Observatory/IAGA/Marion.Island,Marion Island,Marion Island,Marion.Island,"['Marion.Island', 'IAGA:MRN']"
spase://SMWG/Observatory/IAGA/Martin.De.Vivies,Martin De Vivies,Martin De Vivies,Martin.De.Vivies,"['Martin.De.Vivies', 'IAGA:AMS']"
spase://SMWG/Observatory/IAGA/Matochkin.Shar,Matochkin Shar,Matochkin Shar,Matochkin.Shar,"['Matochkin.Shar', 'IAGA:MSR']"
spase://SMWG/Observatory/IAGA/Mauritius,Mauritius,Mauritius,Mauritius,"['Mauritius', 'IAGA:MRI']"
spase://SMWG/Observatory/IAGA/Mawson,Mawson,Mawson,IAGA:MAW,"['Mawson', 'IAGA:MAW']"
spase://SMWG/Observatory/IAGA/MBour,MBour,MBour,IAGA:MBO,"['MBour', 'IAGA:MBO']"
spase://SMWG/Observatory/IAGA/Mcmath.Hulbert,Mcmath Hulbert,Mcmath-Hulbert,Mcmath-Hulbert,"['Mcmath-Hulbert', 'IAGA:MMH']"
spase://SMWG/Observatory/IAGA/Mcmurdo,Mcmurdo,Mcmurdo,IAGA:MCM,"['Mcmurdo', 'IAGA:MCM']"
spase://SMWG/Observatory/IAGA/Meanook,MEA,Meanook,IAGA:MEA,"['Meanook', 'IAGA:MEA']"
spase://SMWG/Observatory/IAGA/Melbourne,Melbourne,Melbourne,Melbourne,"['Melbourne', 'IAGA:MEL']"
spase://SMWG/Observatory/IAGA/Melville.AFB,Melville AFB,Melville AFB,Melville.AFB,"['Melville.AFB', 'IAGA:MEV']"
spase://SMWG/Observatory/IAGA/Memambetsu,Memambetsu,Memambetsu,Memambetsu,"['Memambetsu', 'IAGA:MMB']"
spase://SMWG/Observatory/IAGA/Mexico.City,Mexico City,Mexico City,Mexico.City,"['Mexico.City', 'IAGA:MEX']"
spase://SMWG/Observatory/IAGA/Midway.1,Midway 1,Midway-1,Midway-1,"['Midway-1', 'IAGA:MDY']"
spase://SMWG/Observatory/IAGA/Midway.2,Midway 2,Midway-2,Midway-2,"['Midway-2', 'IAGA:MID']"
spase://SMWG/Observatory/IAGA/Mikolow,Mikolow,Mikolow,IAGA:BMK,"['Mikolow', 'IAGA:BMK']"
spase://SMWG/Observatory/IAGA/Minamitory.Shima,Minamitory Shima,Minamitory Shima,Minamitory.Shima,"['Minamitory.Shima', 'IAGA:MIN']"
spase://SMWG/Observatory/IAGA/Minneapolis,Minneapolis,Minneapolis,Minneapolis,"['Minneapolis', 'IAGA:MNN']"
spase://SMWG/Observatory/IAGA/Minsk,Minsk Pleshenitzi,Minsk/Pleshenitzi,Pleshenitzi,"['Pleshenitzi', 'IAGA:MNK']"
spase://SMWG/Observatory/IAGA/Mirny,Mirny,Mirny,IAGA:MIR,"['Mirny', 'IAGA:MIR']"
spase://SMWG/Observatory/IAGA/Misallat,Misallat,Misallat,Misallat,"['Misallat', 'IAGA:MLT']"
spase://SMWG/Observatory/IAGA/Miyazu,Miyazu,Miyazu,IAGA:MIU,"['Miyazu', 'IAGA:MIU']"
spase://SMWG/Observatory/IAGA/Mizuho,Mizuho,Mizuho,IAGA:MIO,"['Mizuho', 'IAGA:MIO']"
spase://SMWG/Observatory/IAGA/Mizusawa,Mizusawa,Mizusawa,Mizusawa,"['Mizusawa', 'IAGA:MIZ']"
spase://SMWG/Observatory/IAGA/Mo.He,Mo He,Mo He,IAGA:MOH,"['Mo.He', 'IAGA:MOH']"
spase://SMWG/Observatory/IAGA/Moca,Moca,Moca,IAGA:MFP,"['Moca', 'IAGA:MFP']"
spase://SMWG/Observatory/IAGA/Modiim,Modiim,Modiim,IAGA:MOD,"['Modiim', 'IAGA:MOD']"
spase://SMWG/Observatory/IAGA/Mogadiscio,Mogadiscio,Mogadiscio,Mogadiscio,"['Mogadiscio', 'IAGA:MOG']"
spase://SMWG/Observatory/IAGA/Molodezhnaya,Molodezhnaya,Molodezhnaya,Molodezhnaya,"['Molodezhnaya', 'IAGA:MOL']"
spase://SMWG/Observatory/IAGA/Moskva,Moskva,Moskva,IAGA:MSK,"['Moskva', 'IAGA:MSK']"
spase://SMWG/Observatory/IAGA/Mould.Bay,Mould Bay,Mould Bay,Mould.Bay,"['Mould.Bay', 'IAGA:MBC']"
spase://SMWG/Observatory/IAGA/Mount.Weather,Mount Weather,Mount Weather,Mount.Weather,"['Mount.Weather', 'IAGA:MWR']"
spase://SMWG/Observatory/IAGA/Mt.Clemens,Mt Clemens,Mt Clemens,Mt.Clemens,"['Mt.Clemens', 'IAGA:MCL']"
spase://SMWG/Observatory/IAGA/Mt.Wilson,Mt Wilson,Mt Wilson,Mt.Wilson,"['Mt.Wilson', 'IAGA:MWC']"
spase://SMWG/Observatory/IAGA/Munchen,Munchen,Munchen,IAGA:MNH,"['Munchen', 'IAGA:MNH']"
spase://SMWG/Observatory/IAGA/Muntinlupa,Muntinlupa,Muntinlupa,Muntinlupa,"['Muntinlupa', 'IAGA:MUT']"
spase://SMWG/Observatory/IAGA/Murchison.Bay,Murchison Bay,Murchison Bay,Murchison.Bay,"['Murchison.Bay', 'IAGA:MUB']"
spase://SMWG/Observatory/IAGA/Murmansk,Murmansk,Murmansk,Murmansk,"['Murmansk', 'IAGA:MRM']"
spase://SMWG/Observatory/IAGA/Nagpur,Nagpur,Nagpur,IAGA:NGP,"['Nagpur', 'IAGA:NGP']"
spase://SMWG/Observatory/IAGA/Nagycenk,Nagycenk,Nagycenk,Nagycenk,"['Nagycenk', 'IAGA:NCK']"
spase://SMWG/Observatory/IAGA/Nairobi,Nairobi,Nairobi,IAGA:NAI,"['Nairobi', 'IAGA:NAI']"
spase://SMWG/Observatory/IAGA/Nampula,Nampula,Nampula,IAGA:NMP,"['Nampula', 'IAGA:NMP']"
spase://SMWG/Observatory/IAGA/Nanortalik,Nanortalik,Nanortalik,Nanortalik,"['Nanortalik', 'IAGA:NNT']"
spase://SMWG/Observatory/IAGA/Nantes,Nantes,Nantes,IAGA:NTS,"['Nantes', 'IAGA:NTS']"
spase://SMWG/Observatory/IAGA/Narssarssuaq,Narssarssuaq,Narssarssuaq,Narssarssuaq,"['Narssarssuaq', 'IAGA:NAQ']"
spase://SMWG/Observatory/IAGA/Nerchinsk,Nerchinsk,Nerchinsk,Nerchinsk,"['Nerchinsk', 'IAGA:NER']"
spase://SMWG/Observatory/IAGA/Neufahrwasser,Neufahrwasser,Neufahrwasser,Neufahrwasser,"['Neufahrwasser', 'IAGA:NFW']"
spase://SMWG/Observatory/IAGA/Neumayer.Station.III,Neumayer Station III,Neumayer Station III,IAGA:VNA,"['VNA', 'IAGA:VNA']"
spase://SMWG/Observatory/IAGA/New.Alesund,New Alesund,New Alesund,New.Alesund,"['New.Alesund', 'IAGA:NAL']"
spase://SMWG/Observatory/IAGA/New.Year.Island,New Year Island,New Year Island,New.Year.Island,"['New.Year.Island', 'IAGA:NYI']"
spase://SMWG/Observatory/IAGA/Newport,Newport,Newport,IAGA:NEW,"['Newport', 'IAGA:NEW']"
spase://SMWG/Observatory/IAGA/Nice,Nice,Nice,IAGA:NCE,"['Nice', 'IAGA:NCE']"
spase://SMWG/Observatory/IAGA/Nida,Nida,Nida,IAGA:NDA,"['Nida', 'IAGA:NDA']"
spase://SMWG/Observatory/IAGA/Niemegk,Niemegk,Niemegk,IAGA:NGK,"['Niemegk', 'IAGA:NGK']"
spase://SMWG/Observatory/IAGA/Nitsanim,Nitsanim,Nitsanim,Nitsanim,"['Nitsanim', 'IAGA:NSM']"
spase://SMWG/Observatory/IAGA/Nizhnedevitsk,Nizhnedevitsk,Nizhnedevitsk,Nizhnedevitsk,"['Nizhnedevitsk', 'IAGA:NNV']"
spase://SMWG/Observatory/IAGA/Nord,NRD,Nord,IAGA:NRD,"['Nord', 'IAGA:NRD']"
spase://SMWG/Observatory/IAGA/Norilsk,Norilsk,Norilsk,IAGA:NOK,"['Norilsk', 'IAGA:NOK']"
spase://SMWG/Observatory/IAGA/Norman.Wells,Norman Wells,Norman Wells,Norman.Wells,"['Norman.Wells', 'IAGA:NOW']"
spase://SMWG/Observatory/IAGA/North.Pole.10,North Pole 10,North Pole 10,North.Pole.10,"['North.Pole.10', 'IAGA:NPJ']"
spase://SMWG/Observatory/IAGA/North.Pole.12,North Pole 12,North Pole 12,North.Pole.12,"['North.Pole.12', 'IAGA:NPL']"
spase://SMWG/Observatory/IAGA/North.Pole.13,North Pole 13,North Pole 13,North.Pole.13,"['North.Pole.13', 'IAGA:NPM']"
spase://SMWG/Observatory/IAGA/North.Pole.6,North Pole 6,North Pole 6,North.Pole.6,"['North.Pole.6', 'IAGA:NPF']"
spase://SMWG/Observatory/IAGA/North.Pole.7,North Pole 7,North Pole 7,North.Pole.7,"['North.Pole.7', 'IAGA:NPG']"
spase://SMWG/Observatory/IAGA/North.Pole.8,North Pole 8,North Pole 8,North.Pole.8,"['North.Pole.8', 'IAGA:NPH']"
spase://SMWG/Observatory/IAGA/Northway,Northway,Northway,Northway,"['Northway', 'IAGA:NRW']"
spase://SMWG/Observatory/IAGA/Norway.House,Norway House,Norway House,Norway.House,"['Norway.House', 'IAGA:NHO']"
spase://SMWG/Observatory/IAGA/Norway.Station,Norway Station,Norway Station,Norway.Station,"['Norway.Station', 'IAGA:NWS']"
spase://SMWG/Observatory/IAGA/Novokazalinsk,Novokazalinsk,Novokazalinsk,Novokazalinsk,"['Novokazalinsk', 'IAGA:NKK']"
spase://SMWG/Observatory/IAGA/Novolazarevskaya,Novolazarevskaya,Novolazarevskaya,Novolazarevskaya,"['Novolazarevskaya', 'IAGA:NVL']"
spase://SMWG/Observatory/IAGA/Novosibirsk,Novosibirsk,Novosibirsk,Novosibirsk,"['Novosibirsk', 'IAGA:NVS']"
spase://SMWG/Observatory/IAGA/Numto,Numto,Numto,IAGA:NMT,"['Numto', 'IAGA:NMT']"
spase://SMWG/Observatory/IAGA/Nurmijarvi,NUR,Nurmijarvi,Nurmijarvi,"['Nurmijarvi', 'IAGA:NUR']"
spase://SMWG/Observatory/IAGA/Oasis,Oasis,Oasis,IAGA:OAS,"['Oasis', 'IAGA:OAS']"
spase://SMWG/Observatory/IAGA/Odessa,Odessa,Odessa,IAGA:ODA,"['Odessa', 'IAGA:ODA']"
spase://SMWG/Observatory/IAGA/OGyalia,O'Gyalia,O'Gyalia,O'Gyalia,"[""O'Gyalia"", 'IAGA:OGY']"
spase://SMWG/Observatory/IAGA/Okinawa,Okinawa,Okinawa,IAGA:OKN,"['Okinawa', 'IAGA:OKN']"
spase://SMWG/Observatory/IAGA/Onagawa,Onagawa,Onagawa,IAGA:ONW,"['Onagawa', 'IAGA:ONW']"
spase://SMWG/Observatory/IAGA/Orange.Bay,Orange Bay,Orange Bay,Orange.Bay,"['Orange.Bay', 'IAGA:ORB']"
spase://SMWG/Observatory/IAGA/Orcadas.Del.Sur,Orcadas Del Sur,Orcadas Del Sur,Orcadas.Del.Sur,"['Orcadas.Del.Sur', 'IAGA:ORC']"
spase://SMWG/Observatory/IAGA/Oslo,Oslo,Oslo,IAGA:OSL,"['Oslo', 'IAGA:OSL']"
spase://SMWG/Observatory/IAGA/Otomari,Otomari,Otomari,IAGA:OTM,"['Otomari', 'IAGA:OTM']"
spase://SMWG/Observatory/IAGA/Ottawa,OTT,Ottawa,IAGA:OTT,"['Ottawa', 'IAGA:OTT']"
spase://SMWG/Observatory/IAGA/Oulujarvi,OUL,Oulujarvi,Oulujarvi,"['Oulujarvi', 'IAGA:OUL']"
spase://SMWG/Observatory/IAGA/Palau,Palau,Palau,IAGA:PLA,"['Palau', 'IAGA:PLA']"
spase://SMWG/Observatory/IAGA/Palmyra.Island,Palmyra Island,Palmyra Island,Palmyra.Island,"['Palmyra.Island', 'IAGA:PAI']"
spase://SMWG/Observatory/IAGA/Panagyurishte,Panagyurishte,Panagyurishte,Panagyurishte,"['Panagyurishte', 'IAGA:PAG']"
spase://SMWG/Observatory/IAGA/Papeete,Papeete,Papeete,IAGA:PPT,"['Papeete', 'IAGA:PPT']"
spase://SMWG/Observatory/IAGA/Paramaribo,Paramaribo,Paramaribo,Paramaribo,"['Paramaribo', 'IAGA:PAB']"
spase://SMWG/Observatory/IAGA/Paratunka,Paratunka Petropavlovsk,Paratunka/Petropavlovsk,Petropavlovsk,"['Petropavlovsk', 'IAGA:PET']"
spase://SMWG/Observatory/IAGA/Patacamaya,Patacamaya,Patacamaya,Patacamaya,"['Patacamaya', 'IAGA:PTY']"
spase://SMWG/Observatory/IAGA/Patrick,Patrick,Patrick,IAGA:PAT,"['Patrick', 'IAGA:PAT']"
spase://SMWG/Observatory/IAGA/Patrony,Patrony Irkoutsk,Patrony/Irkoutsk,Irkoutsk,"['Irkoutsk', 'IAGA:IRT']"
spase://SMWG/Observatory/IAGA/Pebek,Pebek,Pebek,IAGA:PBK,"['Pebek', 'IAGA:PBK']"
spase://SMWG/Observatory/IAGA/Pedeli,Pedeli,Pedeli,IAGA:PEG,"['Pedeli', 'IAGA:PEG']"
spase://SMWG/Observatory/IAGA/Peking.1,Peking,Peking 1,Peking.1,"['Peking.1', 'IAGA:PEK']"
spase://SMWG/Observatory/IAGA/Penang,Penang,Penang,IAGA:PNN,"['Penang', 'IAGA:PNN']"
spase://SMWG/Observatory/IAGA/Perpignan,Perpignan,Perpignan,Perpignan,"['Perpignan', 'IAGA:PER']"
spase://SMWG/Observatory/IAGA/Petsamo,Petsamo,Petsamo,IAGA:PTS,"['Petsamo', 'IAGA:PTS']"
spase://SMWG/Observatory/IAGA/Philadelphia,Philadelphia,Philadelphia,Philadelphia,"['Philadelphia', 'IAGA:PGC']"
spase://SMWG/Observatory/IAGA/Phutuy,Phutuy,Phutuy,IAGA:PHU,"['Phutuy', 'IAGA:PHU']"
spase://SMWG/Observatory/IAGA/Pilar,Pilar,Pilar,IAGA:PIL,"['Pilar', 'IAGA:PIL']"
spase://SMWG/Observatory/IAGA/Pionerskaya,Pionerskaya,Pionerskaya,Pionerskaya,"['Pionerskaya', 'IAGA:PIO']"
spase://SMWG/Observatory/IAGA/Pitlekaya,Pitlekaya,Pitlekaya,Pitlekaya,"['Pitlekaya', 'IAGA:PTL']"
spase://SMWG/Observatory/IAGA/Plaisance,Plaisance,Plaisance,Plaisance,"['Plaisance', 'IAGA:PLS']"
spase://SMWG/Observatory/IAGA/Plateau,Plateau,Plateau,IAGA:PTU,"['Plateau', 'IAGA:PTU']"
spase://SMWG/Observatory/IAGA/Podkamenaya.Tunguska,Podkamenaya Tunguska,Podkamenaya Tunguska,Podkamenaya.Tunguska,"['Podkamenaya.Tunguska', 'IAGA:POD']"
spase://SMWG/Observatory/IAGA/Poker.Flat,POK,Poker Flat,Poker.Flat,"['Poker.Flat', 'IAGA:POK']"
spase://SMWG/Observatory/IAGA/Pola,Pola,Pola,IAGA:POL,"['Pola', 'IAGA:POL']"
spase://SMWG/Observatory/IAGA/Pondicherry,Pondicherry,Pondicherry,Pondicherry,"['Pondicherry', 'IAGA:PND']"
spase://SMWG/Observatory/IAGA/Port.Aux.Francais,Port Aux Francais,Port Aux Francais,Port.Aux.Francais,"['Port.Aux.Francais', 'IAGA:PAF']"
spase://SMWG/Observatory/IAGA/Port.Foulke,Port Foulke,Port Foulke,Port.Foulke,"['Port.Foulke', 'IAGA:PFK']"
spase://SMWG/Observatory/IAGA/Port.Jeanne.DArc,Port Jeanne D'Arc,Port Jeanne D'Arc,Port.Jeanne.D'Arc,"[""Port.Jeanne.D'Arc"", 'IAGA:PJA']"
spase://SMWG/Observatory/IAGA/Port.Moresby,Port Moresby,Port Moresby,Port.Moresby,"['Port.Moresby', 'IAGA:PMG']"
spase://SMWG/Observatory/IAGA/Port.Stanley,Port Stanley,Port Stanley,Port.Stanley,"['Port.Stanley', 'IAGA:PST']"
spase://SMWG/Observatory/IAGA/Poste.De.La.Baleine,Poste De La Baleine,Poste De La Baleine,Poste.De.La.Baleine,"['Poste.De.La.Baleine', 'IAGA:PBQ']"
spase://SMWG/Observatory/IAGA/Potsdam,Potsdam,Potsdam,IAGA:POT,"['Potsdam', 'IAGA:POT']"
spase://SMWG/Observatory/IAGA/Prague,Prague,Prague,IAGA:PRA,"['Prague', 'IAGA:PRA']"
spase://SMWG/Observatory/IAGA/Preobrazhenia,Preobrazhenia,Preobrazhenia,Preobrazhenia,"['Preobrazhenia', 'IAGA:PRE']"
spase://SMWG/Observatory/IAGA/Price,Price,Price,IAGA:PCU,"['Price', 'IAGA:PCU']"
spase://SMWG/Observatory/IAGA/Pruhonice,Pruhonice,Pruhonice,Pruhonice,"['Pruhonice', 'IAGA:PRU']"
spase://SMWG/Observatory/IAGA/Qianling,Qianling,Qianling,Qianling,"['Qianling', 'IAGA:QIX']"
spase://SMWG/Observatory/IAGA/Qiongzhong,Qiongzhong,Qiongzhong,Qiongzhong,"['Qiongzhong', 'IAGA:QGZ']"
spase://SMWG/Observatory/IAGA/Qsaybeh,Qsaybeh,Qsaybeh,IAGA:QSB,"['Qsaybeh', 'IAGA:QSB']"
spase://SMWG/Observatory/IAGA/Quanzhou,Quanzhou,Quanzhou,Quanzhou,"['Quanzhou', 'IAGA:QZH']"
spase://SMWG/Observatory/IAGA/Quetta,Quetta,Quetta,IAGA:QUE,"['Quetta', 'IAGA:QUE']"
spase://SMWG/Observatory/IAGA/Raciborg,Raciborg,Raciborg,Raciborg,"['Raciborg', 'IAGA:RAC']"
spase://SMWG/Observatory/IAGA/Rankin.Inlet,RIT,Rankin Inlet,Rankin.Inlet,"['Rankin.Inlet', 'IAGA:RIT']"
spase://SMWG/Observatory/IAGA/Rapid.City,Rapid City,Rapid City,Rapid.City,"['Rapid.City', 'IAGA:RPC']"
spase://SMWG/Observatory/IAGA/Refuge.Harbour,Refuge Harbour,Refuge Harbour,Refuge.Harbour,"['Refuge.Harbour', 'IAGA:RFH']"
spase://SMWG/Observatory/IAGA/Regensberg,Regensberg,Regensberg,Regensberg,"['Regensberg', 'IAGA:REG']"
spase://SMWG/Observatory/IAGA/Resolute.Bay,Resolute Bay,Resolute Bay,Resolute.Bay,"['Resolute.Bay', 'IAGA:RES']"
spase://SMWG/Observatory/IAGA/Rio.De.Janeiro,Rio De Janeiro,Rio De Janeiro,Rio.De.Janeiro,"['Rio.De.Janeiro', 'IAGA:RDJ']"
spase://SMWG/Observatory/IAGA/Roburent,Roburent,Roburent,Roburent,"['Roburent', 'IAGA:ROB']"
spase://SMWG/Observatory/IAGA/Roi.Baudouin,Roi Baudouin,Roi Baudouin,Roi.Baudouin,"['Roi.Baudouin', 'IAGA:RBD']"
spase://SMWG/Observatory/IAGA/Rostock,Rostock,Rostock,IAGA:ROK,"['Rostock', 'IAGA:ROK']"
spase://SMWG/Observatory/IAGA/Rostov.On.Don,Rostov On Don,Rostov On Don,Rostov.On.Don,"['Rostov.On.Don', 'IAGA:ROD']"
spase://SMWG/Observatory/IAGA/Rude.Skov,Rude Skov,Rude Skov,Rude.Skov,"['Rude.Skov', 'IAGA:RSV']"
spase://SMWG/Observatory/IAGA/Rybachy,Rybachy,Rybachy,IAGA:RYB,"['Rybachy', 'IAGA:RYB']"
spase://SMWG/Observatory/IAGA/S.Cruz.De.Tenerife,S Cruz De Tenerife Las Mesas,S Cruz De Tenerife/Las Mesas,Las.Mesas,"['Las.Mesas', 'IAGA:TEN']"
spase://SMWG/Observatory/IAGA/Sabhawala,Sabhawala,Sabhawala,Sabhawala,"['Sabhawala', 'IAGA:SAB']"
spase://SMWG/Observatory/IAGA/Sable.Island,Sable Island,Sable Island,Sable.Island,"['Sable.Island', 'IAGA:SBL']"
spase://SMWG/Observatory/IAGA/Sachs.Harbour,Sachs Harbour,Sachs Harbour,Sachs.Harbour,"['Sachs.Harbour', 'IAGA:SAH']"
spase://SMWG/Observatory/IAGA/Sagastyr,Sagastyr,Sagastyr,Sagastyr,"['Sagastyr', 'IAGA:SAG']"
spase://SMWG/Observatory/IAGA/Saint.Maur,Saint Maur,Saint Maur,Saint.Maur,"['Saint.Maur', 'IAGA:PSM']"
spase://SMWG/Observatory/IAGA/San.Fernando,San Fernando,San Fernando,San.Fernando,"['San.Fernando', 'IAGA:SFS']"
spase://SMWG/Observatory/IAGA/San.Jose.Dos.Campos,San Jose Dos Campos,San Jose Dos Campos,San.Jose.Dos.Campos,"['San.Jose.Dos.Campos', 'IAGA:SJB']"
spase://SMWG/Observatory/IAGA/San.Jose.Las.Lajas,San Jose Las Lajas,San Jose Las Lajas,San.Jose.Las.Lajas,"['San.Jose.Las.Lajas', 'IAGA:SJL']"
spase://SMWG/Observatory/IAGA/San.Juan.1.2.3,San Juan 1 2 3,San Juan 1-2-3,San.Juan.1-2-3,"['San.Juan.1-2-3', 'IAGA:SJG']"
spase://SMWG/Observatory/IAGA/San.Miguel,San Miguel,San Miguel,San.Miguel,"['San.Miguel', 'IAGA:SMG']"
spase://SMWG/Observatory/IAGA/San.Pablo.De.Los.Montes,San Pablo De Los Montes,San Pablo De Los Montes,San.Pablo.De.Los.Montes,"['San.Pablo.De.Los.Montes', 'IAGA:SPT']"
spase://SMWG/Observatory/IAGA/Sanae,Sanae,Sanae,IAGA:SNA,"['Sanae', 'IAGA:SNA']"
spase://SMWG/Observatory/IAGA/Santiago,Santiago,Santiago,Santiago,"['Santiago', 'IAGA:SNT']"
spase://SMWG/Observatory/IAGA/Sanya,Sanya,Sanya,IAGA:SAN,"['Sanya', 'IAGA:SAN']"
spase://SMWG/Observatory/IAGA/Saskatoon,Saskatoon,Saskatoon,Saskatoon,"['Saskatoon', 'IAGA:SAS']"
spase://SMWG/Observatory/IAGA/Scoresby.Sund,Scoresby Sund,Scoresby Sund,Scoresby.Sund,"['Scoresby.Sund', 'IAGA:SCO']"
spase://SMWG/Observatory/IAGA/Scott.Base,Scott Base,Scott Base,Scott.Base,"['Scott.Base', 'IAGA:SBA']"
spase://SMWG/Observatory/IAGA/Sdr.Stromfjord,Sdr Stromfjord,Sdr Stromfjord,Sdr.Stromfjord,"['Sdr.Stromfjord', 'IAGA:STF']"
spase://SMWG/Observatory/IAGA/Seddin,Seddin,Seddin,IAGA:SED,"['Seddin', 'IAGA:SED']"
spase://SMWG/Observatory/IAGA/Seoul,Seoul,Seoul,IAGA:SEO,"['Seoul', 'IAGA:SEO']"
spase://SMWG/Observatory/IAGA/Seykha,Seykha,Seykha,IAGA:SEY,"['Seykha', 'IAGA:SEY']"
spase://SMWG/Observatory/IAGA/Shatsk,Shatsk,Shatsk,IAGA:SHT,"['Shatsk', 'IAGA:SHT']"
spase://SMWG/Observatory/IAGA/She.Shan,She Shan,She-Shan,She-Shan,"['She-Shan', 'IAGA:SSH']"
spase://SMWG/Observatory/IAGA/Shepherd.Bay,Shepherd Bay,Shepherd Bay,Shepherd.Bay,"['Shepherd.Bay', 'IAGA:SHB']"
spase://SMWG/Observatory/IAGA/Shillong,Shillong,Shillong,Shillong,"['Shillong', 'IAGA:SHL']"
spase://SMWG/Observatory/IAGA/Shumagin,SHU,Shumagin,Shumagin,"['Shumagin', 'IAGA:SHU']"
spase://SMWG/Observatory/IAGA/Sidmouth,Sidmouth,Sidmouth,Sidmouth,"['Sidmouth', 'IAGA:SDH']"
spase://SMWG/Observatory/IAGA/Silchar,Silchar,Silchar,IAGA:SIL,"['Silchar', 'IAGA:SIL']"
spase://SMWG/Observatory/IAGA/Simferopol,Simferopol,Simferopol,Simferopol,"['Simferopol', 'IAGA:SIM']"
spase://SMWG/Observatory/IAGA/Simosato,Simosato,Simosato,Simosato,"['Simosato', 'IAGA:SSO']"
spase://SMWG/Observatory/IAGA/Singapore,Singapore,Singapore,Singapore,"['Singapore', 'IAGA:SIN']"
spase://SMWG/Observatory/IAGA/Siple,Siple,Siple,IAGA:SPL,"['Siple', 'IAGA:SPL']"
spase://SMWG/Observatory/IAGA/Sitka,SIT,Sitka,IAGA:SIT,"['Sitka', 'IAGA:SIT']"
spase://SMWG/Observatory/IAGA/Slutsk,Slutsk,Slutsk,IAGA:SLU,"['Slutsk', 'IAGA:SLU']"
spase://SMWG/Observatory/IAGA/Sodankyla,Sodankyla,Sodankyla,Sodankyla,"['Sodankyla', 'IAGA:SOD']"
spase://SMWG/Observatory/IAGA/Sogra,Sogra,Sogra,IAGA:SOG,"['Sogra', 'IAGA:SOG']"
spase://SMWG/Observatory/IAGA/Sonmiani,Sonmiani,Sonmiani,Sonmiani,"['Sonmiani', 'IAGA:SON']"
spase://SMWG/Observatory/IAGA/Soroa,Soroa,Soroa,IAGA:SOR,"['Soroa', 'IAGA:SOR']"
spase://SMWG/Observatory/IAGA/South.Georgia,South Georgia,South Georgia,South.Georgia,"['South.Georgia', 'IAGA:SGE']"
spase://SMWG/Observatory/IAGA/South.Pole,South Pole,South Pole,South.Pole,"['South.Pole', 'IAGA:SPA']"
spase://SMWG/Observatory/IAGA/South.Uist,South Uist,South Uist,South.Uist,"['South.Uist', 'IAGA:SOU']"
spase://SMWG/Observatory/IAGA/Spitsbergen,Spitsbergen,Spitsbergen,Spitsbergen,"['Spitsbergen', 'IAGA:SPB']"
spase://SMWG/Observatory/IAGA/Srednikan,Srednikan,Srednikan,Srednikan,"['Srednikan', 'IAGA:SRE']"
spase://SMWG/Observatory/IAGA/Srobarova,Srobarova,Srobarova,Srobarova,"['Srobarova', 'IAGA:SRO']"
spase://SMWG/Observatory/IAGA/St.Helier,St Helier,St Helier,St.Helier,"['St.Helier', 'IAGA:STH']"
spase://SMWG/Observatory/IAGA/St.Johns,STJ,St. John's,St.John's,"[""St.John's"", 'IAGA:STJ']"
spase://SMWG/Observatory/IAGA/St.Petersburg,St. Petersburg,St. Petersburg,St..Petersburg,"['St..Petersburg', 'IAGA:SPE']"
spase://SMWG/Observatory/IAGA/Stepanovka,Stepanovka,Stepanovka,Stepanovka,"['Stepanovka', 'IAGA:ODE']"
spase://SMWG/Observatory/IAGA/Stettin.Zabelsdorf,Stettin Zabelsdorf,Stettin-Zabelsdorf,Stettin-Zabelsdorf,"['Stettin-Zabelsdorf', 'IAGA:SZA']"
spase://SMWG/Observatory/IAGA/Stonyhurst,Stonyhurst,Stonyhurst,Stonyhurst,"['Stonyhurst', 'IAGA:STO']"
spase://SMWG/Observatory/IAGA/Sudbury,Sudbury,Sudbury,IAGA:SUB,"['Sudbury', 'IAGA:SUB']"
spase://SMWG/Observatory/IAGA/Sukkertoppen,Sukkertoppen,Sukkertoppen,Sukkertoppen,"['Sukkertoppen', 'IAGA:SKT']"
spase://SMWG/Observatory/IAGA/Surlari,Surlari,Surlari,IAGA:SUA,"['Surlari', 'IAGA:SUA']"
spase://SMWG/Observatory/IAGA/Sveagruva,Sveagruva,Sveagruva,Sveagruva,"['Sveagruva', 'IAGA:SVG']"
spase://SMWG/Observatory/IAGA/Sverdlovsk,Sverdlovsk Yekaterinburg,Sverdlovsk/Yekaterinburg,Yekaterinburg,"['Yekaterinburg', 'IAGA:SVE']"
spase://SMWG/Observatory/IAGA/Swider,Swider,Swider,IAGA:SWI,"['Swider', 'IAGA:SWI']"
spase://SMWG/Observatory/IAGA/Sydney,Sydney,Sydney,IAGA:SYD,"['Sydney', 'IAGA:SYD']"
spase://SMWG/Observatory/IAGA/Syowa.Base,Syowa Base,Syowa Base,Syowa.Base,"['Syowa.Base', 'IAGA:SYO']"
spase://SMWG/Observatory/IAGA/Tacubaya,Tacubaya,Tacubaya,Tacubaya,"['Tacubaya', 'IAGA:TAC']"
spase://SMWG/Observatory/IAGA/Tahiti,Tahiti,Tahiti,IAGA:TAH,"['Tahiti', 'IAGA:TAH']"
spase://SMWG/Observatory/IAGA/Taipei,Taipei Taihoku,Taipei/Taihoku,IAGA:TAP,"['Taihoku', 'IAGA:TAP']"
spase://SMWG/Observatory/IAGA/Talara,Talara,Talara,IAGA:TAL,"['Talara', 'IAGA:TAL']"
spase://SMWG/Observatory/IAGA/Talkeetna,Talkeetna,Talkeetna,Talkeetna,"['Talkeetna', 'IAGA:TLK']"
spase://SMWG/Observatory/IAGA/Tamanrasset,Tamanrasset,Tamanrasset,Tamanrasset,"['Tamanrasset', 'IAGA:TAM']"
spase://SMWG/Observatory/IAGA/Tambey,Tambey,Tambey,IAGA:TMB,"['Tambey', 'IAGA:TMB']"
spase://SMWG/Observatory/IAGA/Tampa,Tampa,Tampa,IAGA:TPA,"['Tampa', 'IAGA:TPA']"
spase://SMWG/Observatory/IAGA/Tangerang,Tangerang,Tangerang,Tangerang,"['Tangerang', 'IAGA:TNG']"
spase://SMWG/Observatory/IAGA/Tashkent.1,Tashkent 1,Tashkent-1,Tashkent-1,"['Tashkent-1', 'IAGA:TAS']"
spase://SMWG/Observatory/IAGA/Tashkent.2,Tashkent 2 Yangi Bazar,Tashkent-2/Yangi-Bazar,Yangi-Bazar,"['Yangi-Bazar', 'IAGA:TKT']"
spase://SMWG/Observatory/IAGA/Tasiusak,Tasiusak,Tasiusak,Tasiusak,"['Tasiusak', 'IAGA:TSK']"
spase://SMWG/Observatory/IAGA/Tates.Cairn,Tate's Cairn,Tate's Cairn,Tate's.Cairn,"[""Tate's.Cairn"", 'IAGA:TCN']"
spase://SMWG/Observatory/IAGA/Tatuoca,Tatuoca,Tatuoca,IAGA:TTB,"['Tatuoca', 'IAGA:TTB']"
spase://SMWG/Observatory/IAGA/Teheran,Teheran,Teheran,IAGA:TEH,"['Teheran', 'IAGA:TEH']"
spase://SMWG/Observatory/IAGA/Tellnitz,Tellnitz,Tellnitz,Tellnitz,"['Tellnitz', 'IAGA:TEL']"
spase://SMWG/Observatory/IAGA/Teoloyucan,Teoloyucan,Teoloyucan,Teoloyucan,"['Teoloyucan', 'IAGA:TEO']"
spase://SMWG/Observatory/IAGA/Teplitz.Bay,Teplitz Bay,Teplitz Bay,Teplitz.Bay,"['Teplitz.Bay', 'IAGA:TPB']"
spase://SMWG/Observatory/IAGA/Terra.Nova.Bay,Terra Nova Bay,Terra Nova Bay,Terra.Nova.Bay,"['Terra.Nova.Bay', 'IAGA:TNB']"
spase://SMWG/Observatory/IAGA/Terre.Adelie,Terre Adelie,Terre Adelie,Terre.Adelie,"['Terre.Adelie', 'IAGA:TAA']"
spase://SMWG/Observatory/IAGA/Tevriz,Tevriz,Tevriz,IAGA:TEV,"['Tevriz', 'IAGA:TEV']"
spase://SMWG/Observatory/IAGA/Thompson,Thompson,Thompson,Thompson,"['Thompson', 'IAGA:TMP']"
spase://SMWG/Observatory/IAGA/Thule.1,Thule 1 Dundas,Thule 1/Dundas,IAGA:THD,"['Dundas', 'IAGA:THD']"
spase://SMWG/Observatory/IAGA/Thule.2,Thule 2 Camp Tuto,Thule-2/Camp Tuto,Camp.Tuto,"['Camp.Tuto', 'IAGA:THU']"
spase://SMWG/Observatory/IAGA/Thule.3,Thule 3 Qanaq,Thule-3/Qanaq,IAGA:THL,"['Qanaq', 'IAGA:THL']"
spase://SMWG/Observatory/IAGA/Tiflis,Tiflis,Tiflis,IAGA:TIF,"['Tiflis', 'IAGA:TIF']"
spase://SMWG/Observatory/IAGA/Tihany,Tihany,Tihany,IAGA:THY,"['Tihany', 'IAGA:THY']"
spase://SMWG/Observatory/IAGA/Tikhaya.Bay,Tikhaya Bay,Tikhaya Bay,Tikhaya.Bay,"['Tikhaya.Bay', 'IAGA:TKH']"
spase://SMWG/Observatory/IAGA/Tiouine,Tiouine,Tiouine,IAGA:TIO,"['Tiouine', 'IAGA:TIO']"
spase://SMWG/Observatory/IAGA/Tiruchirapalli,Tiruchirapalli,Tiruchirapalli,Tiruchirapalli,"['Tiruchirapalli', 'IAGA:TIP']"
spase://SMWG/Observatory/IAGA/Tirunelveli,Tirunelveli,Tirunelveli,Tirunelveli,"['Tirunelveli', 'IAGA:TIR']"
spase://SMWG/Observatory/IAGA/Tixie.Bay,Tixie Bay,Tixie Bay,Tixie.Bay,"['Tixie.Bay', 'IAGA:TIK']"
spase://SMWG/Observatory/IAGA/Tokyo,Tokyo,Tokyo,IAGA:TOK,"['Tokyo', 'IAGA:TOK']"
spase://SMWG/Observatory/IAGA/Toledo,Toledo,Toledo,IAGA:TOL,"['Toledo', 'IAGA:TOL']"
spase://SMWG/Observatory/IAGA/Tomsk,Tomsk,Tomsk,IAGA:TMK,"['Tomsk', 'IAGA:TMK']"
spase://SMWG/Observatory/IAGA/Tondano,Tondano,Tondano,IAGA:TND,"['Tondano', 'IAGA:TND']"
spase://SMWG/Observatory/IAGA/Tonghai,Tonghai,Tonghai,IAGA:THJ,"['Tonghai', 'IAGA:THJ']"
spase://SMWG/Observatory/IAGA/Toolangi,Toolangi,Toolangi,Toolangi,"['Toolangi', 'IAGA:TOO']"
spase://SMWG/Observatory/IAGA/Toronto,Toronto,Toronto,IAGA:TOR,"['Toronto', 'IAGA:TOR']"
spase://SMWG/Observatory/IAGA/Toulouse,Toulouse,Toulouse,Toulouse,"['Toulouse', 'IAGA:TLS']"
spase://SMWG/Observatory/IAGA/Toungoo,Toungoo,Toungoo,IAGA:TGO,"['Toungoo', 'IAGA:TGO']"
spase://SMWG/Observatory/IAGA/Toyoharanew,Toyoharanew,Toyoharanew,Toyoharanew,"['Toyoharanew', 'IAGA:TOH']"
spase://SMWG/Observatory/IAGA/Trelew,Trelew,Trelew,IAGA:TRW,"['Trelew', 'IAGA:TRW']"
spase://SMWG/Observatory/IAGA/Trivandrum,Trivandrum,Trivandrum,Trivandrum,"['Trivandrum', 'IAGA:TRD']"
spase://SMWG/Observatory/IAGA/Tromso,TRO,Tromso,IAGA:TRO,"['Tromso', 'IAGA:TRO']"
spase://SMWG/Observatory/IAGA/Tsingtao,Tsingtao Qingdao,Tsingtao/Qingdao,IAGA:TSI,"['Qingdao', 'IAGA:TSI']"
spase://SMWG/Observatory/IAGA/Tsumeb,Tsumeb,Tsumeb,IAGA:TSU,"['Tsumeb', 'IAGA:TSU']"
spase://SMWG/Observatory/IAGA/Tucson,TUC,Tucson,IAGA:TUC,"['Tucson', 'IAGA:TUC']"
spase://SMWG/Observatory/IAGA/Tulsa,Tulsa,Tulsa,IAGA:TUL,"['Tulsa', 'IAGA:TUL']"
spase://SMWG/Observatory/IAGA/Tungsten,Tungsten,Tungsten,Tungsten,"['Tungsten', 'IAGA:TST']"
spase://SMWG/Observatory/IAGA/Tuntungan,Tuntungan,Tuntungan,Tuntungan,"['Tuntungan', 'IAGA:TUN']"
spase://SMWG/Observatory/IAGA/Uccle,Uccle,Uccle,IAGA:UCC,"['Uccle', 'IAGA:UCC']"
spase://SMWG/Observatory/IAGA/Ugut,Ugut,Ugut,IAGA:UGT,"['Ugut', 'IAGA:UGT']"
spase://SMWG/Observatory/IAGA/Ujjain,Ujjain,Ujjain,IAGA:UJJ,"['Ujjain', 'IAGA:UJJ']"
spase://SMWG/Observatory/IAGA/Ukhta,Ukhta,Ukhta,IAGA:UKH,"['Ukhta', 'IAGA:UKH']"
spase://SMWG/Observatory/IAGA/Ulan.Bator,Ulan Bator,Ulan Bator,Ulan.Bator,"['Ulan.Bator', 'IAGA:UBA']"
spase://SMWG/Observatory/IAGA/Umba,Umba,Umba,IAGA:UMA,"['Umba', 'IAGA:UMA']"
spase://SMWG/Observatory/IAGA/Uppsala.1,Uppsala.1,Uppsala.1,Uppsala.1,"['Uppsala.1', 'IAGA:UPP']"
spase://SMWG/Observatory/IAGA/Uppsala.2,Uppsala.2,Uppsala.2,Uppsala.2,"['Uppsala.2', 'IAGA:UPS']"
spase://SMWG/Observatory/IAGA/Uranium.City,Uranium City,Uranium City,Uranium.City,"['Uranium.City', 'IAGA:URC']"
spase://SMWG/Observatory/IAGA/Urumqi,Urumqi,Urumqi,IAGA:WMQ,"['Urumqi', 'IAGA:WMQ']"
spase://SMWG/Observatory/IAGA/Utrecht,Utrecht,Utrecht,IAGA:UTR,"['Utrecht', 'IAGA:UTR']"
spase://SMWG/Observatory/IAGA/Val.Joyeux,Val Joyeux,Val Joyeux,Val.Joyeux,"['Val.Joyeux', 'IAGA:VLJ']"
spase://SMWG/Observatory/IAGA/Valentia,Valentia,Valentia,Valentia,"['Valentia', 'IAGA:VAL']"
spase://SMWG/Observatory/IAGA/Van.Rensselaer,Van Rensselaer,Van Rensselaer,Van.Rensselaer,"['Van.Rensselaer', 'IAGA:VAN']"
spase://SMWG/Observatory/IAGA/Vassouras,Vassouras,Vassouras,Vassouras,"['Vassouras', 'IAGA:VSS']"
spase://SMWG/Observatory/IAGA/Victoria,VIC,Victoria,Victoria,"['Victoria', 'IAGA:VIC']"
spase://SMWG/Observatory/IAGA/Vieques,Vieques,Vieques,IAGA:VQS,"['Vieques', 'IAGA:VQS']"
spase://SMWG/Observatory/IAGA/Villa.Remedios,Villa Remedios,Villa Remedios,Villa.Remedios,"['Villa.Remedios', 'IAGA:VRE']"
spase://SMWG/Observatory/IAGA/Visakhapatnam,Visakhapatnam,Visakhapatnam,Visakhapatnam,"['Visakhapatnam', 'IAGA:VSK']"
spase://SMWG/Observatory/IAGA/Voeikovo,Voeikovo,Voeikovo,Voeikovo,"['Voeikovo', 'IAGA:LNN']"
spase://SMWG/Observatory/IAGA/Voroshilov,Voroshilov,Voroshilov,Voroshilov,"['Voroshilov', 'IAGA:VOR']"
spase://SMWG/Observatory/IAGA/Vostok,VOS,Vostok,IAGA:VOS,"['Vostok', 'IAGA:VOS']"
spase://SMWG/Observatory/IAGA/Vykhodnoy,Vykhodnoy,Vykhodnoy,Vykhodnoy,"['Vykhodnoy', 'IAGA:VYK']"
spase://SMWG/Observatory/IAGA/Vysokaya.Dubrava,Vysokaya Dubrava,Vysokaya Dubrava,Vysokaya.Dubrava,"['Vysokaya.Dubrava', 'IAGA:SVD']"
spase://SMWG/Observatory/IAGA/Wake.Island,Wake Island,Wake Island,Wake.Island,"['Wake.Island', 'IAGA:WKE']"
spase://SMWG/Observatory/IAGA/Warnkenhagen,Warnkenhagen,Warnkenhagen,Warnkenhagen,"['Warnkenhagen', 'IAGA:WRH']"
spase://SMWG/Observatory/IAGA/Warsaw,Warsaw,Warsaw,IAGA:WSW,"['Warsaw', 'IAGA:WSW']"
spase://SMWG/Observatory/IAGA/Washington,Washington,Washington,Washington,"['Washington', 'IAGA:WDC']"
spase://SMWG/Observatory/IAGA/Watheroo,Watheroo,Watheroo,Watheroo,"['Watheroo', 'IAGA:WAT']"
spase://SMWG/Observatory/IAGA/Weston,Weston,Weston,IAGA:WES,"['Weston', 'IAGA:WES']"
spase://SMWG/Observatory/IAGA/White.Shell,White Shell,White Shell,White.Shell,"['White.Shell', 'IAGA:WHS']"
spase://SMWG/Observatory/IAGA/Wien,Wien,Wien,IAGA:WIK,"['Wien', 'IAGA:WIK']"
spase://SMWG/Observatory/IAGA/Wien.Auhof,Wien Auhof,Wien-Auhof,Wien-Auhof,"['Wien-Auhof', 'IAGA:WIA']"
spase://SMWG/Observatory/IAGA/Wien.Kobenzl,Wien Kobenzl,Wien-Kobenzl,Wien-Kobenzl,"['Wien-Kobenzl', 'IAGA:WIK']"
spase://SMWG/Observatory/IAGA/Wilhelmshaven,Wilhelmshaven,Wilhelmshaven,Wilhelmshaven,"['Wilhelmshaven', 'IAGA:WLH']"
spase://SMWG/Observatory/IAGA/Wilkes,Wilkes,Wilkes,IAGA:WIL,"['Wilkes', 'IAGA:WIL']"
spase://SMWG/Observatory/IAGA/Wingst,Wingst,Wingst,IAGA:WNG,"['Wingst', 'IAGA:WNG']"
spase://SMWG/Observatory/IAGA/Winnipeg,Winnipeg,Winnipeg,Winnipeg,"['Winnipeg', 'IAGA:WNP']"
spase://SMWG/Observatory/IAGA/Witteveen,Witteveen,Witteveen,Witteveen,"['Witteveen', 'IAGA:WIT']"
spase://SMWG/Observatory/IAGA/Wuhan,Wuhan,Wuhan,IAGA:WHN,"['Wuhan', 'IAGA:WHN']"
spase://SMWG/Observatory/IAGA/Wustrow,Wustrow,Wustrow,IAGA:WUS,"['Wustrow', 'IAGA:WUS']"
spase://SMWG/Observatory/IAGA/Yakutsk,Yakutsk,Yakutsk,IAGA:YAK,"['Yakutsk', 'IAGA:YAK']"
spase://SMWG/Observatory/IAGA/Yangi.Bazar,Yangi Bazar,Yangi Bazar,Yangi.Bazar,"['Yangi.Bazar', 'IAGA:TKT']"
spase://SMWG/Observatory/IAGA/Yauca,Yauca,Yauca,IAGA:YAU,"['Yauca', 'IAGA:YAU']"
spase://SMWG/Observatory/IAGA/Yellowknife,YKC,Yellowknife,Yellowknife,"['Yellowknife', 'IAGA:YKC']"
spase://SMWG/Observatory/IAGA/Yuzhno.Sakhalinsk,Yuzhno Sakhalinsk,Yuzhno Sakhalinsk,Yuzhno.Sakhalinsk,"['Yuzhno.Sakhalinsk', 'IAGA:YSS']"
spase://SMWG/Observatory/IAGA/Yuzhny.Shar,Yuzhny Shar,Yuzhny Shar,Yuzhny.Shar,"['Yuzhny.Shar', 'IAGA:YSH']"
spase://SMWG/Observatory/IAGA/Zaimishche,Zaimishche Kazan,Zaimishche/Kazan,IAGA:KZN,"['Kazan', 'IAGA:KZN']"
spase://SMWG/Observatory/IAGA/Zaria,Zaria,Zaria,IAGA:ZAR,"['Zaria', 'IAGA:ZAR']"
spase://SMWG/Observatory/IAGA/Zhong.Shan,Zhong Shan,Zhong Shan,Zhong.Shan,"['Zhong.Shan', 'IAGA:ZHS']"
spase://SMWG/Observatory/IAGA/Zi.Ka.Wei,Zi Ka Wei,Zi Ka Wei,Zi.Ka.Wei,"['Zi.Ka.Wei', 'IAGA:ZKW']"
spase://SMWG/Observatory/IAGA/Zinzen,Zinzen,Zinzen,IAGA:ZIN,"['Zinzen', 'IAGA:ZIN']"
spase://SMWG/Observatory/IAGA/Zo.Se,Zo Se,Zo Se,IAGA:ZSC,"['Zo.Se', 'IAGA:ZSC']"
spase://SMWG/Observatory/IAGA/Zuy,Zuy,Zuy,IAGA:ZUY,"['Zuy', 'IAGA:ZUY']"
spase://SMWG/Observatory/IBEX,IBEX,IBEX,Interstellar Boundary Explorer,['']
spase://SMWG/Observatory/ICESTAR,ICESTAR Observatory Group,ICESTAR Observatory Group,ICESTAR Ground Observatory Group,['ICESTAR Ground Observatory Group']
spase://SMWG/Observatory/ICESTAR/AGO.P1,AGO P1,AGO P1,AGO P1,['']
spase://SMWG/Observatory/ICESTAR/AGO.P2,AGO P2,AGO P2,AGO P2,['']
spase://SMWG/Observatory/ICESTAR/AGO.P3,AGO P3,AGO P3,AGO P3,['']
spase://SMWG/Observatory/ICESTAR/AGO.P4,AGO P4,AGO P4,AGO P4,['']
spase://SMWG/Observatory/ICESTAR/AGO.P5,AGO P5,AGO P5,AGO P5,['']
spase://SMWG/Observatory/ICESTAR/AGO.P6,AGO P6,AGO P6,AGO P6,['']
spase://SMWG/Observatory/ICESTAR/Gakona,Gakona,Gakona,Gakona,['']
spase://SMWG/Observatory/ICESTAR/Iqaluit,Iqaluit,Iqaluit,Iqaluit,['']
spase://SMWG/Observatory/ICESTAR/McMurdo,McMurdo,McMurdo,McMurdo,['']
spase://SMWG/Observatory/ICESTAR/South.Pole,South Pole,South Pole,South Pole,['']
spase://SMWG/Observatory/ICON,ICON,Ionospheric Connection Explorer,Ionospheric Connection,"['ICON', '44628']"
spase://SMWG/Observatory/IGPPLANL,IGPP LANL Observatory Group,IGPP LANL Observatory Group,IGPP LANL magnetometer chain,['IGPP LANL magnetometer chain']
spase://SMWG/Observatory/IGPPLANL/Air.Force.Academy,IGPP LANL Air Force Academy Magnetometer,IGPP-LANL Air Force Academy Magnetometer,IGPP-LANL Air Force Academy Magnetometer,['']
spase://SMWG/Observatory/IGPPLANL/Boulder,IGPP LANL Boulder Magnetometer,IGPP-LANL Boulder Magnetometer,IGPP-LANL Boulder Magnetometer,['']
spase://SMWG/Observatory/IGPPLANL/Cambridge,IGPP LANL Cambridge Magnetometer,IGPP-LANL Cambridge Magnetometer,IGPP-LANL Cambridge Magnetometer,['']
spase://SMWG/Observatory/IGPPLANL/Crete,IGPP LANL Crete Magnetometer,IGPP-LANL Crete Magnetometer,IGPP-LANL Crete Magnetometer,['']
spase://SMWG/Observatory/IGPPLANL/Jicamarca,IGPP LANL Jicamarca Magnetometer,IGPP-LANL Jicamarca Magnetometer,IGPP-LANL Jicamarca Magnetometer,['']
spase://SMWG/Observatory/IGPPLANL/Los.Alamos.National.Laboratory,IGPP LANL Los Alamos National Laboratory Magnetometer,IGPP-LANL Los Alamos National Laboratory Magnetometer,IGPP-LANL Los Alamos National Laboratory Magnetometer,['']
spase://SMWG/Observatory/IGPPLANL/Rapid.City,IGPP LANL Rapid City Magnetometer,IGPP-LANL Rapid City Magnetometer,IGPP-LANL Rapid City Magnetometer,['']
spase://SMWG/Observatory/IGPPLANL/San.Gabriel.Dam,IGPP LANL San Gabriel Dam Magnetometer,IGPP-LANL San Gabriel Dam Magnetometer,IGPP-LANL San Gabriel Dam Magnetometer,['']
spase://SMWG/Observatory/IGPPLANL/Southeast.Louisiana.University,IGPP LANL SE Louisiana University Magnetometer,IGPP-LANL SE Louisiana University Magnetometer,IGPP-LANL SE Louisiana University Magnetometer,['']
spase://SMWG/Observatory/IGPPLANL/Table.Mountain,IGPP LANL Table Mountain Magnetometer,IGPP-LANL Table Mountain Magnetometer,IGPP-LANL Table Mountain Magnetometer,['']
spase://SMWG/Observatory/IGPPLANL/Teoloyucan,IGPP LANL Teoloyucan Magnetometer,IGPP-LANL Teoloyucan Magnetometer,IGPP-LANL Teoloyucan Magnetometer,['']
spase://SMWG/Observatory/IGS,IGS,International GNSS Service (IGS),International GNSS Service,['International GPS Service']
spase://SMWG/Observatory/IIG,Indian Institute of Geomagnetism,Indian Institute of Geomagnetism,IIG,['IIG']
spase://SMWG/Observatory/IMAGE,IMAGE,IMAGE,Imager for Magnetopause-to-Aurora Global Exploration,"['2000-017A', 'MIDEX/IMAGE', 'Imager for Magnetopause-to-Aurora Global Exploration', 'Explorer 78']"
spase://SMWG/Observatory/IMP,IMP,IMP Spacecraft Series,IMP Spacecraft Series,['']
spase://SMWG/Observatory/IMP4,IMP 4,IMP 4,Explorer 34,"['1967-051A', 'IMP-F', 'Explorer 34']"
spase://SMWG/Observatory/IMP5,IMP 5,IMP 5,Explorer 41,"['1969-053A', 'IMP-G', 'Explorer 41']"
spase://SMWG/Observatory/IMP6,IMP 6,IMP 6,Explorer 43,"['1971-019A', 'Explorer 43', 'IMP-I']"
spase://SMWG/Observatory/IMP7,IMP 7,IMP 7,Explorer 47,"['1972-073A', 'Explorer 47', 'IMP-H']"
spase://SMWG/Observatory/IMP8,IMP 8,IMP 8,Explorer 50,"['IMP-J', 'Explorer 50', '1973-078A']"
spase://SMWG/Observatory/Injun5,Injun,Injun 5,Explorer 40,"['Explorer 40', 'Injun-C']"
spase://SMWG/Observatory/Interball-1,Interball 1,Interball-1,Interball Tail Probe,"['1995-039A', 'Interball Tail Probe', 'Prognoz 11']"
spase://SMWG/Observatory/Interball-2,Interball 2,Interball-2,Interball Auroral Probe,"['1996-050C', 'Auroral Probe', 'Prognoz 2M', 'Interball Auroral Probe', 'Prognoz 12']"
spase://SMWG/Observatory/Interball-Auroral,Interball Auroral,Interball Auroral,Interball Auroral,['']
spase://SMWG/Observatory/Interball-Tail,Interball Tail,Interball Tail,Interball Tail,['']
spase://SMWG/Observatory/IRIDIUM,IRIDIUM,IRIDIUM,IRIDIUM,['']
spase://SMWG/Observatory/IRIDIUM_1_70,IRIDIUM_1_70,IRIDIUM_1_70,IRIDIUM_1_70,['']
spase://SMWG/Observatory/IRIS,IRIS,Interface Region Imaging Spectrograph (IRIS),Interface Region Imaging Spectrograph,['2013-033A']
spase://SMWG/Observatory/ISEE,ISEE,ISEE Mission,International Sun-Earth Explorer,['']
spase://SMWG/Observatory/ISEE1,ISEE 1,ISEE 1,International Sun-Earth Explorer-A,"['1977-102A', 'International Sun-Earth Explorer-A', 'Explorer 56', 'ISEE-A']"
spase://SMWG/Observatory/ISEE2,ISEE 2,ISEE 2,International Sun-Earth Explorer-B,"['1977-102B', 'International Sun-Earth Explorer-B', 'ISEE-B']"
spase://SMWG/Observatory/ISEE3,ISEE 3,ISEE 3,International Sun-Earth Explorer-C,"['1978-079A', 'International Sun-Earth Explorer-C', 'ISEE-C', 'International Cometary Explorer', 'ICE', 'Explorer 59']"
spase://SMWG/Observatory/ISIS,ISIS,ISIS Satellites,International Sats for Ionosph Studies,['International Sats for Ionosph Studies']
spase://SMWG/Observatory/ISIS1,ISIS 1,ISIS 1,International Sats for Ionosph Studies,"['1969-009A', 'International Sats for Ionosph Studies', 'ISIS-A']"
spase://SMWG/Observatory/ISIS2,ISIS 2,ISIS 2,International Sats for Ionosph Studies,"['1971-024A', 'International Sats for Ionosph Studies', 'ISIS-B']"
spase://SMWG/Observatory/IslandLake,ISLL,ISLL,ISLL,['']
spase://SMWG/Observatory/ISS,ISS,International Space Station,International Space Station,['']
spase://SMWG/Observatory/JSPO,JSPO,JSPO,JSPO,['']
spase://SMWG/Observatory/Juno,Juno,Juno,Juno Orbiter,['Juno Orbiter']
spase://SMWG/Observatory/KAGUYA,Kaguya (SELENE),Kaguya (SELENE),Kaguya (SELENE),['']
spase://SMWG/Observatory/KittPeak,Kitt Peak,Kitt Peak,KP,['KP']
spase://SMWG/Observatory/KOMPSAT1,Korean Multi Purpose Satellite (KOMPSAT 1),Korean Multi-Purpose Satellite (KOMPSAT-1),Korean Multi-Purpose Satellite (KOMPSAT-1),['']
spase://SMWG/Observatory/KSO,KSO,KSO,KSO,['']
spase://SMWG/Observatory/LANL,LANL,LANL Spacecraft Series,LANL Spacecraft Series,['']
spase://SMWG/Observatory/LANL/01A,LANL01A,LANL01A,LANL01A,['']
spase://SMWG/Observatory/LANL/02A,LANL02A,LANL02A,LANL02A,['']
spase://SMWG/Observatory/LANL/1989,LANL1989,LANL1989,1989-046,['1989-046']
spase://SMWG/Observatory/LANL/1990,LANL1990,LANL1990,1990-095,['1990-095']
spase://SMWG/Observatory/LANL/1991,LANL1991,LANL1991,1991-080,['1991-080']
spase://SMWG/Observatory/LANL/1994,LANL1994,LANL1994,1994-084,['1994-084']
spase://SMWG/Observatory/LANL/1997,LANL-97A,LANL1997,LANL-97A,['LANL-97A']
spase://SMWG/Observatory/LANL/2001,LANL-01A,LANL2001,LANL-01A,['LANL-01A']
spase://SMWG/Observatory/LANL/2002,LANL-02sA,LANL2002,LANL-02sA,['LANL-02sA']
spase://SMWG/Observatory/LANL/97A,LANL-97,LANL97A,LANL-97,['LANL-97']
spase://SMWG/Observatory/LOFAR,LOFAR,LOFAR,LOFAR,['']
spase://SMWG/Observatory/Magion-4,Magion 4,Magion-4,Tail Subsatellite S2-X,"['1995-039F', 'S2-X', 'Tail Subsatellite S2-X', 'Interball S2-X']"
spase://SMWG/Observatory/Magsat,Magsat,Magsat,Explorer 61,"['1979-094A', 'Explorer 61']"
spase://SMWG/Observatory/Mariner10,Mariner,Mariner 10,Mariner 10,['']
spase://SMWG/Observatory/MarsExpress,Mars Express,Mars Express,Mars Express,['']
spase://SMWG/Observatory/MarsScienceLaboratory,MSL,"Mars Science Laboratory, MSL",Mars Science Laboratory,['Curiosity']
spase://SMWG/Observatory/MAVEN,MAVEN,Mars Atmosphere and Volatile Evolution,Mars Atmosphere and Volatile EvolutioN,['MAVEN']
spase://SMWG/Observatory/McMAC/Americus,Mid continent Magnetoseismic Chain (McMAC) Americus Station,Mid-continent Magnetoseismic Chain (McMAC) Americus Station,Mid-continent Magnetoseismic Chain (McMAC) Americus Station,['']
spase://SMWG/Observatory/McMAC/Bennington,Mid continent Magnetoseismic Chain (McMAC) Bennington Station,Mid-continent Magnetoseismic Chain (McMAC) Bennington Station,Mid-continent Magnetoseismic Chain (McMAC) Bennington Station,['']
spase://SMWG/Observatory/McMAC/Glyndon,Mid continent Magnetoseismic Chain (McMAC) Glyndon Station,Mid-continent Magnetoseismic Chain (McMAC) Glyndon Station,Mid-continent Magnetoseismic Chain (McMAC) Glyndon Station,['']
spase://SMWG/Observatory/McMAC/Linares,Mid continent Magnetoseismic Chain (McMAC) Linares Station,Mid-continent Magnetoseismic Chain (McMAC) Linares Station,Mid-continent Magnetoseismic Chain (McMAC) Linares Station,['']
spase://SMWG/Observatory/McMAC/Lyford,Mid continent Magnetoseismic Chain (McMAC) Lyford Station,Mid-continent Magnetoseismic Chain (McMAC) Lyford Station,Mid-continent Magnetoseismic Chain (McMAC) Lyford Station,['']
spase://SMWG/Observatory/McMAC/Purcell,Mid continent Magnetoseismic Chain (McMAC) Purcell Station,Mid-continent Magnetoseismic Chain (McMAC) Purcell Station,Mid-continent Magnetoseismic Chain (McMAC) Purcell Station,['']
spase://SMWG/Observatory/McMAC/Richardson,Mid continent Magnetoseismic Chain (McMAC) Richardson Station,Mid-continent Magnetoseismic Chain (McMAC) Richardson Station,Mid-continent Magnetoseismic Chain (McMAC) Richardson Station,['']
spase://SMWG/Observatory/McMAC/San.Antonio,Mid continent Magnetoseismic Chain (McMAC) San Antonio Station,Mid-continent Magnetoseismic Chain (McMAC) San Antonio Station,Mid-continent Magnetoseismic Chain (McMAC) San Antonio Station,['']
spase://SMWG/Observatory/McMAC/Worthington,Mid continent Magnetoseismic Chain (McMAC) Worthington Station,Mid-continent Magnetoseismic Chain (McMAC) Worthington Station,Mid-continent Magnetoseismic Chain (McMAC) Worthington Station,['']
spase://SMWG/Observatory/MEASURE,MEASURE,MEASURE,The observatory group created to represent the chain of stations in the MEASURE Array.,"['MEASURE Observatory Chain', 'The observatory group created to represent the chain of stations in the MEASURE Array.']"
spase://SMWG/Observatory/MEASURE/Applied.Physics.Lab,Applied Physics Lab Geomagnetic Observatory,Applied Physics Lab Geomagnetic Observatory,Applied Physics Lab Geomagnetic Observatory,['']
spase://SMWG/Observatory/MEASURE/Bullcreek.Observatory,Bullcreek Observatory Geomagnetic Observatory,Bullcreek Observatory Geomagnetic Observatory,Bullcreek Observatory Geomagnetic Observatory,['']
spase://SMWG/Observatory/MEASURE/Clarkson.University,Clarkson University Geomagnetic Observatory,Clarkson University Geomagnetic Observatory,Clarkson University Geomagnetic Observatory,['']
spase://SMWG/Observatory/MEASURE/Darksky.Observatory,Darksky Observatory Geomagnetic Observatory,Darksky Observatory Geomagnetic Observatory,Darksky Observatory Geomagnetic Observatory,['']
spase://SMWG/Observatory/MEASURE/Grafton.Test.Facility,Grafton Test Facility Geomagnetic Observatory,Grafton Test Facility Geomagnetic Observatory,Grafton Test Facility Geomagnetic Observatory,['']
spase://SMWG/Observatory/MEASURE/Jacksonville.University,The Jacksonville University Geomagnetic Observatory.,The Jacksonville University Geomagnetic Observatory.,The Jacksonville University Geomagnetic Observatory.,['']
spase://SMWG/Observatory/MEASURE/Millstone.Hill,The Millstone Hill Geomagnetic Observatory.,The Millstone Hill Geomagnetic Observatory.,The Millstone Hill Geomagnetic Observatory.,['']
spase://SMWG/Observatory/MEASURE/University.of.South.Carolina,The University of South Carolina Geomagnetic Observatory.,The University of South Carolina Geomagnetic Observatory.,The University of South Carolina Geomagnetic Observatory.,['']
spase://SMWG/Observatory/MESSENGER,MESSENGER,MESSENGER,"Mercury Surface, Space Environment, Geochemistry and Ranging","['Mercury Surface, Space Environment, Geochemistry and Ranging']"
spase://SMWG/Observatory/MetOp/A,MetOp A,MetOp-A,MetOp-A,['']
spase://SMWG/Observatory/MetOp/B,MetOp A,MetOp-A,MetOp-A,['']
spase://SMWG/Observatory/Meudon,Observatoire de Paris (Meudon site),Observatoire de Paris (Meudon site),Observatoire de Paris (Meudon site),['']
spase://SMWG/Observatory/MGS,MGS,Mars Global Surveyor,Mars Global Surveyor,"['1996-062A', 'MGS', '1996-062A']"
spase://SMWG/Observatory/MICA,Magnetosphere Ionosphere Coupling in the Alfvén resonator (MICA),Magnetosphere-Ionosphere Coupling in the Alfvén resonator (MICA),Magnetosphere-Ionosphere Coupling in the Alfvén resonator (MICA),['']
spase://SMWG/Observatory/MMS,MMS,MMS,Magnetospheric Multiscale,['']
spase://SMWG/Observatory/MMS/1,MMS 1,MMS-1,MMS-1,['']
spase://SMWG/Observatory/MMS/2,MMS 2,MMS-2,MMS-2,['']
spase://SMWG/Observatory/MMS/3,MMS 3,MMS-3,MMS-3,['']
spase://SMWG/Observatory/MMS/4,MMS 4,MMS-4,MMS-4,['']
spase://SMWG/Observatory/Munin,Munin Spacecraft,Munin Spacecraft,Munin Spacecraft,['']
spase://SMWG/Observatory/NeutronMonitor,Neutron Monitor Stations,Neutron Monitor Stations,Neutron Monitor Stations,['']
spase://SMWG/Observatory/NeutronMonitor/Bartol/FortSmith,Fort Smith,Fort Smith,Fort Smith,['']
spase://SMWG/Observatory/NeutronMonitor/Bartol/Inuvik,Inuvik,Inuvik,Inuvik,['']
spase://SMWG/Observatory/NeutronMonitor/Bartol/McMurdo,McMurdo,McMurdo,McMurdo,['']
spase://SMWG/Observatory/NeutronMonitor/Bartol/Nain,Nain,Nain,Nain,['']
spase://SMWG/Observatory/NeutronMonitor/Bartol/Peawanuck,Peawanuck,Peawanuck,Peawanuck,['']
spase://SMWG/Observatory/NeutronMonitor/Bartol/SouthPole,South Pole,South Pole,South Pole,['']
spase://SMWG/Observatory/NeutronMonitor/Bartol/SwarthmoreNewark,SwarthmoreNewark,SwarthmoreNewark,SwarthmoreNewark,['']
spase://SMWG/Observatory/NeutronMonitor/Bartol/Thule,Thule,Thule,Thule,['']
spase://SMWG/Observatory/NeutronMonitor/Climax,Climax,Climax,Climax,['']
spase://SMWG/Observatory/NeutronMonitor/Haleakala,Haleakala,Haleakala,Haleakala,['']
spase://SMWG/Observatory/NeutronMonitor/Huancayo,Huancayo,Huancayo,Huancayo,['']
spase://SMWG/Observatory/NewHorizons,New Horizons,New Horizons,New Horizons Pluto Kuiper Belt Flyby,['New Horizons Pluto Kuiper Belt Flyby']
spase://SMWG/Observatory/Nimbus7,Nimbus,Nimbus 7,Nimbus 7,['']
spase://SMWG/Observatory/NOAA/10,NOAA 10,NOAA 10,1986-073A,['1986-073A']
spase://SMWG/Observatory/NOAA/11,NOAA 11,NOAA 11,NOAA 11,['']
spase://SMWG/Observatory/NOAA/12,NOAA 12,NOAA 12,1991-032A,"['1991-032A', 'NOAA-D']"
spase://SMWG/Observatory/NOAA/13,NOAA 13,NOAA 13,Advanced TIROS-N (ATN),"['1993-050A', 'NOAA-I', 'Advanced TIROS-N (ATN)', 'POES']"
spase://SMWG/Observatory/NOAA/14,NOAA 14,NOAA 14,Advanced TIROS-N (ATN),"['1994-089A', 'Advanced TIROS-N (ATN)', 'POES', 'NOAA-J']"
spase://SMWG/Observatory/NOAA/15,NOAA 15,NOAA 15,Polar Operational Environmental Satellite,"['1998-030A', 'Polar Operational Environmental Satellite', 'POES 15', 'Advanced TIROS-N (ATN)']"
spase://SMWG/Observatory/NOAA/16,NOAA 16,NOAA 16,Advanced TIROS-N (ATN),"['2000-055A', 'Advanced TIROS-N (ATN)', 'POES 16']"
spase://SMWG/Observatory/NOAA/17,NOAA 17,NOAA 17,Advanced TIROS-N (ATN),"['2002-032A', 'Advanced TIROS-N (ATN)']"
spase://SMWG/Observatory/NOAA/18,NOAA 18,NOAA 18,Advanced TIROS-N (ATN),"['2005-018A', 'Advanced TIROS-N (ATN)']"
spase://SMWG/Observatory/NOAA/19,NOAA 19,NOAA 19,NOAA-N Prime,"['2009-005A', 'NOAA-N Prime']"
spase://SMWG/Observatory/NOAA/5,NOAA 5,NOAA 5,1976-077A,"['1976-077A', 'ITOS-H']"
spase://SMWG/Observatory/NOAA/6,NOAA 6,NOAA 6,1979-057A,"['1979-057A', 'NOAA-A']"
spase://SMWG/Observatory/NOAA/7,NOAA 7,NOAA 7,1981-059A,"['1981-059A', 'NOAA-C']"
spase://SMWG/Observatory/NOAA/8,NOAA 8,NOAA 8,1983-022A,"['1983-022A', 'NOAA-E']"
spase://SMWG/Observatory/NOAA/9,NOAA,NOAA 9,NOAA 9,['']
spase://SMWG/Observatory/NOB_RH,NOB_RH,NOB_RH,NOB_RH,['']
spase://SMWG/Observatory/NSO,NSO Observatory Group,NSO Observatory Group,NSO Observatory Group,['']
spase://SMWG/Observatory/OAC,OAC,OAC,OAC,['']
spase://SMWG/Observatory/ObsParis,ObsParis,ObsParis,ObsParis,['']
spase://SMWG/Observatory/Oersted,Oersted,Oersted,NSSDC ID: 1999-008B,"['Orsted', 'NSSDC ID: 1999-008B']"
spase://SMWG/Observatory/OGO,OGO,OGO Satellites,OGO Satellites,['']
spase://SMWG/Observatory/OGO2,OGO 2,OGO 2,1965-081A,"['OGO-C', 'POGO 1', '01620', '1965-081A']"
spase://SMWG/Observatory/OGO4,OGO 4,OGO 4,1967-073A,"['1967-073A', 'OGO-D', 'POGO 2']"
spase://SMWG/Observatory/OGO6,OGO 6,OGO 6,1969-051A,"['1969-051A', 'OGO-F', 'PL-691D', 'S 60', 'POGO 3']"
spase://SMWG/Observatory/Ohzora,Ohzora,Ohzora,Exospheric Sat. C,"['1984-015A', 'Exospheric Sat. C', 'EXOS-C']"
spase://SMWG/Observatory/OMNI,OMNI,OMNI,OMNI,['']
spase://SMWG/Observatory/OV1-19,OV1 19,OV1-19,1969-025C,"['LANL97A', '1969-025C', '03825']"
spase://SMWG/Observatory/OV3-3,OV3 3,OV3-3,1966-070A,"['1966-070A', '02389']"
spase://SMWG/Observatory/PADRE,PADRE,PADRE,Solar Polarization and Directivity X-Ray Experiment,['Solar Polarization and Directivity X-Ray Experiment']
spase://SMWG/Observatory/ParkerSolarProbe,PSP,Parker Solar Probe Spacecraft,Parker Solar Probe,"['PSP', 'Solar Probe Plus Spacecraft', 'SPP']"
spase://SMWG/Observatory/Phobos2,Phobos,Phobos 2,Fobos 2,['Fobos 2']
spase://SMWG/Observatory/PICARD,PICARD,PICARD,PICARD,['']
spase://SMWG/Observatory/PicduMidi,Pic du Midi,Pic du Midi,Pic du Midi,['']
spase://SMWG/Observatory/Pinawa,PINA,PINA,PINA,['']
spase://SMWG/Observatory/Pioneer,Pioneer,Pioneer Spacecraft Series,Pioneer Spacecraft Series,['']
spase://SMWG/Observatory/Pioneer10,Pioneer 10,Pioneer 10,1972-012A,"['1972-012A', 'Pioneer-F']"
spase://SMWG/Observatory/Pioneer11,Pioneer 11,Pioneer 11,1973-019A,"['1973-019A', 'Pioneer-G']"
spase://SMWG/Observatory/PioneerVenusOrbiter,Pioneer Venus Orbiter,Pioneer Venus Orbiter,Pioneer Venus 1978 Orbiter,"['1978-051A', 'Pioneer Venus 1', 'PVO', 'Pioneer 12', 'Pioneer Venus 1978 Orbiter']"
spase://SMWG/Observatory/POES,Polar orbiting Operational Environmental Satellite (POES),Polar-orbiting Operational Environmental Satellite (POES),Polar-orbiting Operational Environmental Satellite (POES),['']
spase://SMWG/Observatory/POLAR,Polar,POLAR,Polar,"['Polar Plasma Laboratory', 'GGS/Polar', 'ISTP/Polar']"
spase://SMWG/Observatory/PROBA2,PROBA 2,PROBA2,PROBA2,['']
spase://SMWG/Observatory/Prognoz,Prognoz,Prognoz Spacecraft Series,Prognoz Spacecraft Series,['']
spase://SMWG/Observatory/Prognoz6,Prognoz 6,Prognoz 6,1977-093A,['1977-093A']
spase://SMWG/Observatory/Prognoz7,Prognoz 7,Prognoz 7,1978-101A,['1978-101A']
spase://SMWG/Observatory/Prognoz9,Prognoz 9,Prognoz 9,1983-067A,"['1983-067A', 'Relict']"
spase://SMWG/Observatory/RabbitLake,RABB,RABB,RABB,['']
spase://SMWG/Observatory/RadioJOVE,Radio JOVE Observatory Network,Radio JOVE Observatory Network,Radio JOVE Observatory Network,['']
spase://SMWG/Observatory/RadioJOVE/AJ4CO,AJ4CO Radio Observatory,AJ4CO Radio Observatory,AJ4CO,['AJ4CO']
spase://SMWG/Observatory/RadioJOVE/HNRAO,Hawk's Nest Radio Astronomy Observatory,Hawk's Nest Radio Astronomy Observatory,HNRAO,['HNRAO']
spase://SMWG/Observatory/RadioJOVE/MTSU,Middle Tennessee State University,Middle Tennessee State University,MTSU,['MTSU']
spase://SMWG/Observatory/RankinInlet,RANK,RANK,RANK,['']
spase://SMWG/Observatory/RBSP,RBSP,Radiation Belt Storm Probe Satellite,Van Allen Probes,"['Radiation Belt Storm Probe', 'Van Allen Probes']"
spase://SMWG/Observatory/RBSP/A,Van Allen Probe A,Van Allen Probe A,Radiation Belt Storm Probe A,['Radiation Belt Storm Probe A']
spase://SMWG/Observatory/RBSP/B,Van Allen Probe B,Van Allen Probe B,Radiation Belt Storm Probe B,['Radiation Belt Storm Probe B']
spase://SMWG/Observatory/REGO,Redline Emission Geospace Observatory (rEGO),Redline Emission Geospace Observatory (rEGO),Redline Emission Geospace Observatory (rEGO),['']
spase://SMWG/Observatory/RENU2,RENU 2,"Rocket Experiment for Neutral Upwelling 2, RENU 2, Sounding Rocket Payload",Rocket Experiment for Neutral Upwelling 2,['']
spase://SMWG/Observatory/RHESSI,RHESSI,RHESSI,Reuven Ramaty High Energy Solar Spectroscope Imager,"['2002-004A', 'SMEX/RHESSI', 'Small Explorer/RHESSI', 'HESSI', 'Reuven Ramaty High Energy Solar Spectroscopic Imager']"
spase://SMWG/Observatory/ROCSAT-1,ROCSAT-1,ROCSAT-1,Republic of China Satellite-1,"['Formosat-1', 'Republic of China Satellite-1']"
spase://SMWG/Observatory/Rosetta,Rosetta,Rosetta,Rosetta Comet Rendezvous,['Rosetta Comet Rendezvous']
spase://SMWG/Observatory/S-Cubed_A,S-Cubed_A,S-Cubed A,S-Cubed A,"['Explorer 45', 'SSS-A']"
spase://SMWG/Observatory/S3-3,S3 3,S3-3,SESP S74-2A,"['SESP S74-2A', 'SS74-2A', 'S74-2', '09007']"
spase://SMWG/Observatory/SAC-C,SAC-C,SAC-C Project,SAC-C Project,"['Satélite de Aplicaciones Científicas-C', 'Scientific Application Satellite-C', 'Oersted-2', 'NSSDC ID: 2000-075B']"
spase://SMWG/Observatory/Sakigake,Sakigake,Sakigake,Pioneer,['Pioneer']
spase://SMWG/Observatory/SAMPEX,SAMPEX,SAMPEX,Solar Anomalous and Magnetospheric Particle Explorer,"['1992-038A', 'Small Explorer/SAMPEX', 'Explorer 68', 'SMEX/SAMPEX', 'Solar Anomalous and Magnetospheric Particle Explorer']"
spase://SMWG/Observatory/San.Fernando,San Fernando Observatory,San Fernando Observatory,San Fernando Observatory,['']
spase://SMWG/Observatory/SanMarco-DL,San Marco DL,San Marco-DL,San Marco-DL,['']
spase://SMWG/Observatory/SCATHA,SCATHA,SCATHA,Spacecraft Charging AT High Altitude,"['Spacecraft Charging AT High Altitudes', 'STP P78-2']"
spase://SMWG/Observatory/SDIC,SDIC,SDIC,SDIC,['']
spase://SMWG/Observatory/SDO,SDO,SDO,Solar Dynamics Observatory,['Solar Dynamics Observatory']
spase://SMWG/Observatory/SECS,Spherical Elementary Current Systems,Spherical Elementary Current Systems,Spherical Elementary Current Systems,['']
spase://SMWG/Observatory/SESAME,SESAME,SESAME,Satellite Experiments Simultaneous with Antarctic MEasurements,['Satellite Experiments Simultaneous with Antarctic MEasurements']
spase://SMWG/Observatory/SGO,Sodankylä Geophysical Observatory,Sodankylä Geophysical Observatory,Sodankylä Geophysical Observatory,['']
spase://SMWG/Observatory/SipleExperiment,Siple Experiment,Siple Experiment,Siple Experiment,['']
spase://SMWG/Observatory/Skylab,Skylab,Skylab,1973-027A,['1973-027A']
spase://SMWG/Observatory/SME,SME,SME,SME,['']
spase://SMWG/Observatory/SMILE,Solar wind Magnetosphere Ionosphere Link Explorer (SMILE),Solar wind-Magnetosphere-Ionosphere Link Explorer (SMILE),Solar wind-Magnetosphere-Ionosphere Link Explorer (SMILE),['']
spase://SMWG/Observatory/SNOE,SNOE,Student Nitric Oxide Explorer (SNOE),Student Nitric Oxide Explorer,['']
spase://SMWG/Observatory/SOHO,SOHO,SOHO,Solar and Heliospheric Observatory,"['1995-065A', 'Solar and Heliospheric Observatory']"
spase://SMWG/Observatory/SOLIS,SOLIS,SOLIS,SOLIS,['']
spase://SMWG/Observatory/SORCE,SORCE,SORCE,Solar Radiation and Climate Experiment,"['2003-004A', 'SOlar Radiation and Climate Experiment']"
spase://SMWG/Observatory/SRN,SRN,SRN,Station de Radioastronomie de Nançay,"['Nançay Radioastronomy Observatory', 'Station de Radioastronomie de Nançay', 'Unité Scientifique de Nançay']"
spase://SMWG/Observatory/SRN/FR606/HBA,LOFAR FR606 High Band Array,LOFAR FR606 High Band Array,LOFAR FR606 High Band Array,['']
spase://SMWG/Observatory/SRN/FR606/LBA,LOFAR FR606 Low Band Array,LOFAR FR606 Low Band Array,LOFAR FR606 Low Band Array,['']
spase://SMWG/Observatory/SRN/NDA,Nancay Decameter Array,Nancay Decameter Array,Nancay Decameter Array,['']
spase://SMWG/Observatory/SRN/NenuFAR,NenuFAR,NenuFAR,NenuFAR,['']
spase://SMWG/Observatory/SRN/NRH,Nancay Radioheliograph,Nancay Radioheliograph,Nancay Radioheliograph,['']
spase://SMWG/Observatory/SRN/NRT,Nancay Radioheliograph,Nancay Radioheliograph,Nancay Radioheliograph,['']
spase://SMWG/Observatory/SRN/ORFEES,ORFEES,ORFEES,ORFEES,['']
spase://SMWG/Observatory/ST5,ST5,ST5 Mission,ST5 Mission,['']
spase://SMWG/Observatory/ST5-094,ST5 094,ST5-094,2006-008B,"['ST5-B', '2006-008B']"
spase://SMWG/Observatory/ST5-155,ST5 155,ST5-155,2006-008A,"['ST5-A', '2006-008A']"
spase://SMWG/Observatory/ST5-224,ST5 224,ST5-224,2006-008C,"['ST5-C', '2006-008C']"
spase://SMWG/Observatory/STEP,Solar Terrestrial Energy Program,Solar-Terrestrial Energy Program,STEP,['STEP']
spase://SMWG/Observatory/STEREO,STEREO,STEREO Mission,Solar-Terrestrial Relations Observatory,['']
spase://SMWG/Observatory/STEREO-A,STEREO A,STEREO A,Solar Terrestrial Relations Observatory A,"['STEREO Ahead', 'STEREO East', 'Solar Terrestrial Relations Observatory A']"
spase://SMWG/Observatory/STEREO-B,STEREO B,STEREO B,Solar Terrestrial Relations Observatory B,"['STEREO Behind', 'STEREO West', 'Solar Terrestrial Relations Observatory B']"
spase://SMWG/Observatory/STPSat1,STPSat 1,STPSat-1,STPSat-1,['']
spase://SMWG/Observatory/Suisei,Suisei,Suisei,Planet A,['Planet A']
spase://SMWG/Observatory/SuperDARN,SuperDARN,SuperDARN,SuperDARN,['']
spase://SMWG/Observatory/SuperMAG,SuperMAG,SuperMAG,SuperMAG,['']
spase://SMWG/Observatory/SYO,Syowa Upper Atmosphere Physics Monitoring Data,Syowa Upper Atmosphere Physics Monitoring Data,SYO,['SYO']
spase://SMWG/Observatory/Taloyoak,TALO,TALO,TALO,['']
spase://SMWG/Observatory/THEMIS,THEMIS,THEMIS,Time History of Events and Macroscale Interactions during Substorms,['MIDEX/THEMIS']
spase://SMWG/Observatory/THEMIS/A,THEMIS-A,THEMIS-A,Time History of Events and Macroscale Interactions during Substorms A,"['Explorer 85', '2007-004A', 'MIDEX/THEMIS', 'THEMIS-P5', '30580']"
spase://SMWG/Observatory/THEMIS/B,THEMIS-B,THEMIS-B,Time History of Events and Macroscale Interactions during Substorms B,"['Explorer 86', '2007-004B', 'MIDEX/THEMIS', 'THEMIS-P1', 'ARTEMIS-P1', '30581']"
spase://SMWG/Observatory/THEMIS/C,THEMIS-C,THEMIS-C,Time History of Events and Macroscale Interactions during Substorms C,"['Explorer 87', '2007-004C', 'MIDEX/THEMIS', 'THEMIS-P2', 'ARTEMIS-P2', '30582']"
spase://SMWG/Observatory/THEMIS/D,THEMIS-D,THEMIS-D,Time History of Events and Macroscale Interactions during Substorms D,"['Explorer 88', '2007-004D', 'MIDEX/THEMIS', 'THEMIS-P3', '30797']"
spase://SMWG/Observatory/THEMIS/E,THEMIS-E,THEMIS-E,Time History of Events and Macroscale Interactions during Substorms E,"['Explorer 89', '2007-004E', 'MIDEX/THEMIS', 'THEMIS-P4', '30798']"
spase://SMWG/Observatory/THEMIS/Ground,THEMIS Ground,THEMIS-Associated Ground Magnetometer Stations,THEMIS-Associated Ground Magnetometer Stations,['']
spase://SMWG/Observatory/THEMIS/Ground/CANMAG,CANMAG,CANMAG,Canadian Magnetometer Array,['NASA THEMIS CANMAG Ground Stations']
spase://SMWG/Observatory/THEMIS/Ground/CANMAG/ATHA,NASA THEMIS GBO Athabasca Station,NASA THEMIS GBO Athabasca Station,ATHA,['ATHA']
spase://SMWG/Observatory/THEMIS/Ground/CANMAG/FSIM,NASA THEMIS GBO Fort Simpson Station,NASA THEMIS GBO Fort Simpson Station,FSIM,['FSIM']
spase://SMWG/Observatory/THEMIS/Ground/CANMAG/FSMI,NASA THEMIS GBO Fort Smith Station,NASA THEMIS GBO Fort Smith Station,FSMI,['FSMI']
spase://SMWG/Observatory/THEMIS/Ground/CANMAG/FYKN,NASA THEMIS GBO Fort Yukon Station,NASA THEMIS GBO Fort Yukon Station,FYKN,['FYKN']
spase://SMWG/Observatory/THEMIS/Ground/CANMAG/GAKO,NASA THEMIS GBO Gakona Station,NASA THEMIS GBO Gakona Station,GAKO,['GAKO']
spase://SMWG/Observatory/THEMIS/Ground/CANMAG/GILL,NASA THEMIS GBO Gillam Station,NASA THEMIS GBO Gillam Station,GILL,['GILL']
spase://SMWG/Observatory/THEMIS/Ground/CANMAG/PINA,NASA THEMIS GBO Pinawa Station,NASA THEMIS GBO Pinawa Station,PINA,['PINA']
spase://SMWG/Observatory/THEMIS/Ground/CANMAG/RANK,NASA THEMIS GBO Rankin Station,NASA THEMIS GBO Rankin Station,RANK,['RANK']
spase://SMWG/Observatory/THEMIS/Ground/CANMAG/SNKQ,NASA THEMIS GBO Sanikiluaq Station,NASA THEMIS GBO Sanikiluaq Station,SNKQ,"['SNKQ', 'SNK']"
spase://SMWG/Observatory/THEMIS/Ground/GIMA,THEMIS GIMA,THEMIS-GIMA,NASA THEMIS Ground Stations in Alaska,['NASA THEMIS Ground Stations in Alaska']
spase://SMWG/Observatory/THEMIS/Ground/UCLA-EPO,EPO,THEMIS-EPO,NASA THEMIS EPO Ground Stations,['NASA THEMIS EPO Ground Stations']
spase://SMWG/Observatory/THEMIS/Ground/UCLA-EPO/BMLS,NASA THEMIS EPO Bay Mills Station,NASA THEMIS EPO Bay Mills Station,BMLS,['BMLS']
spase://SMWG/Observatory/THEMIS/Ground/UCLA-EPO/CCNV,NASA THEMIS EPO Carson City Station,NASA THEMIS EPO Carson City Station,CCNV,['CCNV']
spase://SMWG/Observatory/THEMIS/Ground/UCLA-EPO/DRBY,NASA THEMIS EPO Derby Station,NASA THEMIS EPO Derby Station,DRBY,['DRBY']
spase://SMWG/Observatory/THEMIS/Ground/UCLA-EPO/FYTS,NASA THEMIS EPO Fort Yates Station,NASA THEMIS EPO Fort Yates Station,FYTS,['FYTS']
spase://SMWG/Observatory/THEMIS/Ground/UCLA-EPO/HOTS,NASA THEMIS EPO Hot Springs Station,NASA THEMIS EPO Hot Springs Station,HOTS,['HOTS']
spase://SMWG/Observatory/THEMIS/Ground/UCLA-EPO/LOYS,NASA THEMIS EPO Loysburg Station,NASA THEMIS EPO Loysburg Station,LOYS,['LOYS']
spase://SMWG/Observatory/THEMIS/Ground/UCLA-EPO/PINE,NASA THEMIS EPO Pine Ridge Station,NASA THEMIS EPO Pine Ridge Station,PINE,['PINE']
spase://SMWG/Observatory/THEMIS/Ground/UCLA-EPO/PTRS,NASA THEMIS EPO Petersburg Station,NASA THEMIS EPO Petersburg Station,PTRS,['PTRS']
spase://SMWG/Observatory/THEMIS/Ground/UCLA-EPO/RMUS,NASA THEMIS EPO Remus Station,NASA THEMIS EPO Remus Station,RMUS,"['RMUS', 'RUMS']"
spase://SMWG/Observatory/THEMIS/Ground/UCLA-EPO/SWNO,NASA THEMIS EPO Shawano Station,NASA THEMIS EPO Shawano Station,SWNO,['SWNO']
spase://SMWG/Observatory/THEMIS/Ground/UCLA-EPO/UKIA,NASA THEMIS EPO Ukiah Station,NASA THEMIS EPO Ukiah Station,UKIA,['UKIA']
spase://SMWG/Observatory/THEMIS/Ground/UCLA-GBO,THEMIS GBO,THEMIS-GBO,NASA THEMIS GBO Ground Stations,['NASA THEMIS GBO Ground Stations']
spase://SMWG/Observatory/THEMIS/Ground/UCLA-GBO/CHBG,NASA THEMIS GBO Chibougamau Station,NASA THEMIS GBO Chibougamau Station,CHBG,['CHBG']
spase://SMWG/Observatory/THEMIS/Ground/UCLA-GBO/EKAT,NASA THEMIS GBO Lac de Gras Station,NASA THEMIS GBO Lac de Gras Station,EKAT,['EKAT']
spase://SMWG/Observatory/THEMIS/Ground/UCLA-GBO/GBAY,NASA THEMIS GBO Goose Bay Station,NASA THEMIS GBO Goose Bay Station,GBAY,['GBAY']
spase://SMWG/Observatory/THEMIS/Ground/UCLA-GBO/INUV,NASA THEMIS GBO Inuvik Station,NASA THEMIS GBO Inuvik Station,INUV,['INUV']
spase://SMWG/Observatory/THEMIS/Ground/UCLA-GBO/KAPU,NASA THEMIS GBO Kapuskasing Station,NASA THEMIS GBO Kapuskasing Station,KAPU,['KAPU']
spase://SMWG/Observatory/THEMIS/Ground/UCLA-GBO/KIAN,NASA THEMIS GBO Kiana Station,NASA THEMIS GBO Kiana Station,KIAN,['KIAN']
spase://SMWG/Observatory/THEMIS/Ground/UCLA-GBO/KUUJ,NASA THEMIS GBO Kuujjuarapik Station,NASA THEMIS GBO Kuujjuarapik Station,KUUJ,['KUUJ']
spase://SMWG/Observatory/THEMIS/Ground/UCLA-GBO/MCGR,NASA THEMIS GBO McGrath Station,NASA THEMIS GBO McGrath Station,MCGR,['MCGR']
spase://SMWG/Observatory/THEMIS/Ground/UCLA-GBO/NRSQ,NASA THEMIS GBO Narsarsuaq Station,NASA THEMIS GBO Narsarsuaq Station,NRSQ,['NRSQ']
spase://SMWG/Observatory/THEMIS/Ground/UCLA-GBO/PGEO,NASA THEMIS GBO Prince George Station,NASA THEMIS GBO Prince George Station,PGEO,['PGEO']
spase://SMWG/Observatory/THEMIS/Ground/UCLA-GBO/SNAP,NASA THEMIS GBO Snap Lake Station,NASA THEMIS GBO Snap Lake Station,SNAP,['SNAP']
spase://SMWG/Observatory/THEMIS/Ground/UCLA-GBO/TALO,NASA THEMIS GBO Taloyoak Station,NASA THEMIS GBO Taloyoak Station,TALO,['TALO']
spase://SMWG/Observatory/THEMIS/Ground/UCLA-GBO/TPAS,NASA THEMIS GBO The Pas Station,NASA THEMIS GBO The Pas Station,TPAS,['TPAS']
spase://SMWG/Observatory/THEMIS/Ground/UCLA-GBO/WHIT,NASA THEMIS GBO White Horse Station,NASA THEMIS GBO White Horse Station,WHIT,['WHIT']
spase://SMWG/Observatory/THEMIS/Ground/UCLA-GBO/YKNF,NASA THEMIS GBO Yellow Knife Station,NASA THEMIS GBO Yellow Knife Station,YKNF,['YKNF']
spase://SMWG/Observatory/Thule,THULE,THULE,THULE,['']
spase://SMWG/Observatory/TIMED,TIMED,TIMED,Thermosphere-Ionosphere-Mesosphere Energetics and Dynamics,"['2001-055B', 'Thermosphere Ionosphere Mesosphere Energetics and Dynamics']"
spase://SMWG/Observatory/TIROSN,TIROSN,TIROSN,TIROSN,['']
spase://SMWG/Observatory/TRACE,TRACE,TRACE,Transition Region and Coronal Explorer,"['1998-020A', 'SMEX/TRACE', 'Small Explorer/TRACE', 'Transition Region and Coronal Explorer', 'Explorer 73']"
spase://SMWG/Observatory/TRACERS,Tandem Reconnection and Cusp Electrodynamics Reconnaissance Satellites,Tandem Reconnection and Cusp Electrodynamics Reconnaissance Satellites,Tandem Reconnection and Cusp Electrodynamics Reconnaissance Satellites,['Tandem Reconnection and Cusp Electrodynamics Reconnaissance Satellites']
spase://SMWG/Observatory/TRACERS/TRACERS1,TRACERS 1,TRACERS 1,TRACERS Mission TRACERS 1 spacecraft,['TRACERS Mission TRACERS 1 spacecraft']
spase://SMWG/Observatory/TRACERS/TRACERS2,TRACERS 2,TRACERS 2,TRACERS Mission TRACERS 2 spacecraft,['TRACERS Mission TRACERS 2 spacecraft']
spase://SMWG/Observatory/TREX,Transition Region Explorer (TREx),Transition Region Explorer (TREx),Transition Region Explorer (TREx),['']
spase://SMWG/Observatory/TWINS,TWINS,TWINS Mission,Two Wide-angle Imaging Neutral Atom Spectrometers,['']
spase://SMWG/Observatory/TWINS1,TWINS 1,TWINS 1,TWINS 1,['']
spase://SMWG/Observatory/TWINS2,TWINS 2,TWINS 2,TWINS 2,['']
spase://SMWG/Observatory/UARS,UARS,UARS,Upper Atmosphere Research Satellite,['']
spase://SMWG/Observatory/UCLA/SPSG,SPSG,Space Plasma Simulation Group,UCLA Space Plasma Simulation Group,"['UCLA Space Plasma Simulation Group', 'SPSG']"
spase://SMWG/Observatory/Ulysses,Ulysses,Ulysses,International Solar Polar Mission,"['1990-090B', 'Solar Polar', 'International Solar Polar Mission', 'ULY']"
spase://SMWG/Observatory/UNH,University of New Hampshire Observatory,University of New Hampshire Observatory,University of New Hampshire Observatory,['']
spase://SMWG/Observatory/Vega,Vega,Vega Mission,Vega Mission,['Venera-Halley']
spase://SMWG/Observatory/Vega1,Vega 1,Vega 1,Venera-Halley 1,"['Venera-Halley 1', '1984-125A']"
spase://SMWG/Observatory/Vega2,Vega 2,Vega 2,Venera-Halley 2,"['Venera-Halley 2', '1984-128A']"
spase://SMWG/Observatory/VenusExpress,Venus Express,Venus Express,Venus Express,['']
spase://SMWG/Observatory/Voyager,Voyager,Voyager Spacecraft,Voyager 1 & 2,['']
spase://SMWG/Observatory/Voyager1,Voyager 1,Voyager 1,Mariner Jupiter/Saturn A,"['1977-084A', 'Mariner Jupiter/Saturn A']"
spase://SMWG/Observatory/Voyager2,Voyager 2,Voyager 2,Mariner Jupiter/Saturn B,"['1977-076A', 'Mariner Jupiter/Saturn B']"
spase://SMWG/Observatory/WDC,WDC,WDC,World Data Center Ground Observatories,"['WDC Ground Observatories', 'World Data Center Ground Observatories']"
spase://SMWG/Observatory/WDC/Abinger,Abinger Ground Observatory,Abinger Ground Observatory,Abinger Ground Observatory,['']
spase://SMWG/Observatory/WDC/Abisko,Abisko Ground Observatory,Abisko Ground Observatory,Abisko Ground Observatory,['']
spase://SMWG/Observatory/WDC/Addis.Ababa,Addis Ababa Ground Observatory,Addis Ababa Ground Observatory,Addis Ababa Ground Observatory,['']
spase://SMWG/Observatory/WDC/Agincourt,Agincourt Ground Observatory,Agincourt Ground Observatory,Agincourt Ground Observatory,['']
spase://SMWG/Observatory/WDC/Alert,Alert Ground Observatory,Alert Ground Observatory,Alert Ground Observatory,['']
spase://SMWG/Observatory/WDC/Alibag,Alibag Ground Observatory,Alibag Ground Observatory,Alibag Ground Observatory,['']
spase://SMWG/Observatory/WDC/Alice.Springs,Alice Springs Ground Observatory,Alice Springs Ground Observatory,Alice Springs Ground Observatory,['']
spase://SMWG/Observatory/WDC/Alma.Ata,Alma Ata Ground Observatory,Alma Ata Ground Observatory,Alma Ata Ground Observatory,['']
spase://SMWG/Observatory/WDC/Almeria,Almeria Ground Observatory,Almeria Ground Observatory,Almeria Ground Observatory,['']
spase://SMWG/Observatory/WDC/Amatsia,Amatsia Ground Observatory,Amatsia Ground Observatory,Amatsia Ground Observatory,['']
spase://SMWG/Observatory/WDC/Amberley,Amberley Ground Observatory,Amberley Ground Observatory,Amberley Ground Observatory,['']
spase://SMWG/Observatory/WDC/Anchorage,Anchorage Ground Observatory,Anchorage Ground Observatory,Anchorage Ground Observatory,['']
spase://SMWG/Observatory/WDC/Annamalainagar,Annamalainagar Ground Observatory,Annamalainagar Ground Observatory,Annamalainagar Ground Observatory,['']
spase://SMWG/Observatory/WDC/Antananarivo,Antananarivo Ground Observatory,Antananarivo Ground Observatory,Antananarivo Ground Observatory,['']
spase://SMWG/Observatory/WDC/Apia,Apia Ground Observatory,Apia Ground Observatory,Apia Ground Observatory,['']
spase://SMWG/Observatory/WDC/Arctowski,Arctowski Ground Observatory,Arctowski Ground Observatory,Arctowski Ground Observatory,['']
spase://SMWG/Observatory/WDC/Arkhangelsk,Arkhangelsk Ground Observatory,Arkhangelsk Ground Observatory,Arkhangelsk Ground Observatory,['']
spase://SMWG/Observatory/WDC/Arti,Arti Ground Observatory,Arti Ground Observatory,Arti Ground Observatory,['']
spase://SMWG/Observatory/WDC/Ascension,Ascension Ground Observatory,Ascension Ground Observatory,Ascension Ground Observatory,['']
spase://SMWG/Observatory/WDC/Aso,Aso Ground Observatory,Aso Ground Observatory,Aso Ground Observatory,['']
spase://SMWG/Observatory/WDC/Baguio,Baguio Ground Observatory,Baguio Ground Observatory,Baguio Ground Observatory,['']
spase://SMWG/Observatory/WDC/Baker.Lake,Baker Lake Ground Observatory,Baker Lake Ground Observatory,Baker Lake Ground Observatory,['']
spase://SMWG/Observatory/WDC/Bangui,Bangui Ground Observatory,Bangui Ground Observatory,Bangui Ground Observatory,['']
spase://SMWG/Observatory/WDC/Bar.Gyora,Bar Gyora Ground Observatory,Bar Gyora Ground Observatory,Bar Gyora Ground Observatory,['']
spase://SMWG/Observatory/WDC/Barrow,Barrow Ground Observatory,Barrow Ground Observatory,Barrow Ground Observatory,['']
spase://SMWG/Observatory/WDC/Bay.St.Louis,Bay St. Louis Ground Observatory,Bay St. Louis Ground Observatory,Bay St. Louis Ground Observatory,['']
spase://SMWG/Observatory/WDC/Bear.Island,Bear Island Ground Observatory,Bear Island Ground Observatory,Bear Island Ground Observatory,['']
spase://SMWG/Observatory/WDC/Beijing,Beijing Ground Observatory,Beijing Ground Observatory,Beijing Ground Observatory,['']
spase://SMWG/Observatory/WDC/Beijing.Ming.Tombs,Beijing Ming Tombs Ground Observatory,Beijing Ming Tombs Ground Observatory,Beijing Ming Tombs Ground Observatory,['']
spase://SMWG/Observatory/WDC/Beloit,Beloit Ground Observatory,Beloit Ground Observatory,Beloit Ground Observatory,['']
spase://SMWG/Observatory/WDC/Belsk,Belsk Ground Observatory,Belsk Ground Observatory,Belsk Ground Observatory,['']
spase://SMWG/Observatory/WDC/Bereznyaki,Bereznyaki Ground Observatory,Bereznyaki Ground Observatory,Bereznyaki Ground Observatory,['']
spase://SMWG/Observatory/WDC/Big.Delta,Big Delta Ground Observatory,Big Delta Ground Observatory,Big Delta Ground Observatory,['']
spase://SMWG/Observatory/WDC/Borok,Borok Ground Observatory,Borok Ground Observatory,Borok Ground Observatory,['']
spase://SMWG/Observatory/WDC/Boulder,Boulder Ground Observatory,Boulder Ground Observatory,Boulder Ground Observatory,['']
spase://SMWG/Observatory/WDC/Brorfelde,Brorfelde Ground Observatory,Brorfelde Ground Observatory,Brorfelde Ground Observatory,['']
spase://SMWG/Observatory/WDC/Budkov,Budkov Ground Observatory,Budkov Ground Observatory,Budkov Ground Observatory,['']
spase://SMWG/Observatory/WDC/Burlington,Burlington Ground Observatory,Burlington Ground Observatory,Burlington Ground Observatory,['']
spase://SMWG/Observatory/WDC/Byrd.Station,Byrd Station Ground Observatory,Byrd Station Ground Observatory,Byrd Station Ground Observatory,['']
spase://SMWG/Observatory/WDC/Cambridge.Bay,Cambridge Bay Ground Observatory,Cambridge Bay Ground Observatory,Cambridge Bay Ground Observatory,['']
spase://SMWG/Observatory/WDC/Canberra,Canberra Ground Observatory,Canberra Ground Observatory,Canberra Ground Observatory,['']
spase://SMWG/Observatory/WDC/Cape.Chelyuskin,Cape Chelyuskin Ground Observatory,Cape Chelyuskin Ground Observatory,Cape Chelyuskin Ground Observatory,['']
spase://SMWG/Observatory/WDC/Cape.Town,Cape Town Ground Observatory,Cape Town Ground Observatory,Cape Town Ground Observatory,['']
spase://SMWG/Observatory/WDC/Cape.Wellen,Cape Wellen Ground Observatory,Cape Wellen Ground Observatory,Cape Wellen Ground Observatory,['']
spase://SMWG/Observatory/WDC/Carrollton,Carrollton Ground Observatory,Carrollton Ground Observatory,Carrollton Ground Observatory,['']
spase://SMWG/Observatory/WDC/Casey,Casey Ground Observatory,Casey Ground Observatory,Casey Ground Observatory,['']
spase://SMWG/Observatory/WDC/Castellaccio,Castellaccio Ground Observatory,Castellaccio Ground Observatory,Castellaccio Ground Observatory,['']
spase://SMWG/Observatory/WDC/Chambon.la.Foret,Chambon la Foret Ground Observatory,Chambon-la-Foret Ground Observatory,Chambon-la-Foret Ground Observatory,['']
spase://SMWG/Observatory/WDC/Changchun,Changchun Ground Observatory,Changchun Ground Observatory,Changchun Ground Observatory,['']
spase://SMWG/Observatory/WDC/Characato,Characato Ground Observatory,Characato Ground Observatory,Characato Ground Observatory,['']
spase://SMWG/Observatory/WDC/Charcot,Charcot Ground Observatory,Charcot Ground Observatory,Charcot Ground Observatory,['']
spase://SMWG/Observatory/WDC/Charters.Towers,Charters Towers Ground Observatory,Charters Towers Ground Observatory,Charters Towers Ground Observatory,['']
spase://SMWG/Observatory/WDC/Cheltenham,Cheltenham Ground Observatory,Cheltenham Ground Observatory,Cheltenham Ground Observatory,['']
spase://SMWG/Observatory/WDC/Chengdu,Chengdu Ground Observatory,Chengdu Ground Observatory,Chengdu Ground Observatory,['']
spase://SMWG/Observatory/WDC/Chichijima,Chichijima Ground Observatory,Chichijima Ground Observatory,Chichijima Ground Observatory,['']
spase://SMWG/Observatory/WDC/Coimbra,Coimbra Ground Observatory,Coimbra Ground Observatory,Coimbra Ground Observatory,['']
spase://SMWG/Observatory/WDC/College,College Ground Observatory,College Ground Observatory,College Ground Observatory,['']
spase://SMWG/Observatory/WDC/Dallas,Dallas Ground Observatory,Dallas Ground Observatory,Dallas Ground Observatory,['']
spase://SMWG/Observatory/WDC/Davao,Davao Ground Observatory,Davao Ground Observatory,Davao Ground Observatory,['']
spase://SMWG/Observatory/WDC/Davis,Davis Ground Observatory,Davis Ground Observatory,Davis Ground Observatory,['']
spase://SMWG/Observatory/WDC/De.Bilt,De Bilt Ground Observatory,De Bilt Ground Observatory,De Bilt Ground Observatory,['']
spase://SMWG/Observatory/WDC/Del.Rio,Del Rio Ground Observatory,Del Rio Ground Observatory,Del Rio Ground Observatory,['']
spase://SMWG/Observatory/WDC/Dixon,Dixon Ground Observatory,Dixon Ground Observatory,Dixon Ground Observatory,['']
spase://SMWG/Observatory/WDC/Dombas,Dombas Ground Observatory,Dombas Ground Observatory,Dombas Ground Observatory,['']
spase://SMWG/Observatory/WDC/Dourbes,Dourbes Ground Observatory,Dourbes Ground Observatory,Dourbes Ground Observatory,['']
spase://SMWG/Observatory/WDC/Dumont.dUrville,Dumont d'Urville Ground Observatory,Dumont d'Urville Ground Observatory,Dumont d'Urville Ground Observatory,['']
spase://SMWG/Observatory/WDC/Dusheti,Dusheti Ground Observatory,Dusheti Ground Observatory,Dusheti Ground Observatory,['']
spase://SMWG/Observatory/WDC/Easter.Island,Easter Island Ground Observatory,Easter Island Ground Observatory,Easter Island Ground Observatory,['']
spase://SMWG/Observatory/WDC/Ebro,Ebro Ground Observatory,Ebro Ground Observatory,Ebro Ground Observatory,['']
spase://SMWG/Observatory/WDC/Eights,Eights Ground Observatory,Eights Ground Observatory,Eights Ground Observatory,['']
spase://SMWG/Observatory/WDC/Eilat,Eilat Ground Observatory,Eilat Ground Observatory,Eilat Ground Observatory,['']
spase://SMWG/Observatory/WDC/Esashi,Esashi Ground Observatory,Esashi Ground Observatory,Esashi Ground Observatory,['']
spase://SMWG/Observatory/WDC/Eskdalemuir,Eskdalemuir Ground Observatory,Eskdalemuir Ground Observatory,Eskdalemuir Ground Observatory,['']
spase://SMWG/Observatory/WDC/Etaiyapuram,Etaiyapuram Ground Observatory,Etaiyapuram Ground Observatory,Etaiyapuram Ground Observatory,['']
spase://SMWG/Observatory/WDC/Eyrewell,Eyrewell Ground Observatory,Eyrewell Ground Observatory,Eyrewell Ground Observatory,['']
spase://SMWG/Observatory/WDC/Fanning,Fanning Ground Observatory,Fanning Ground Observatory,Fanning Ground Observatory,['']
spase://SMWG/Observatory/WDC/Faraday.Islands,Faraday Islands Ground Observatory,Faraday Islands Ground Observatory,Faraday Islands Ground Observatory,['']
spase://SMWG/Observatory/WDC/Fort.Churchill,Fort Churchill Ground Observatory,Fort Churchill Ground Observatory,Fort Churchill Ground Observatory,['']
spase://SMWG/Observatory/WDC/Fredericksburg,Fredericksburg Ground Observatory,Fredericksburg Ground Observatory,Fredericksburg Ground Observatory,['']
spase://SMWG/Observatory/WDC/Freetown,Freetown Ground Observatory,Freetown Ground Observatory,Freetown Ground Observatory,['']
spase://SMWG/Observatory/WDC/Fresno,Fresno Ground Observatory,Fresno Ground Observatory,Fresno Ground Observatory,['']
spase://SMWG/Observatory/WDC/Fuquene,Fuquene Ground Observatory,Fuquene Ground Observatory,Fuquene Ground Observatory,['']
spase://SMWG/Observatory/WDC/Furstenfeldbruck,Furstenfeldbruck Ground Observatory,Furstenfeldbruck Ground Observatory,Furstenfeldbruck Ground Observatory,['']
spase://SMWG/Observatory/WDC/Glenlea,Glenlea Ground Observatory,Glenlea Ground Observatory,Glenlea Ground Observatory,['']
spase://SMWG/Observatory/WDC/Gnangara,Gnangara Ground Observatory,Gnangara Ground Observatory,Gnangara Ground Observatory,['']
spase://SMWG/Observatory/WDC/Godhavn,Godhavn Ground Observatory,Godhavn Ground Observatory,Godhavn Ground Observatory,['']
spase://SMWG/Observatory/WDC/Golmud,Golmud Ground Observatory,Golmud Ground Observatory,Golmud Ground Observatory,['']
spase://SMWG/Observatory/WDC/Gornotayezhnaya,Gornotayezhnaya Ground Observatory,Gornotayezhnaya Ground Observatory,Gornotayezhnaya Ground Observatory,['']
spase://SMWG/Observatory/WDC/Grahamstown,Grahamstown Ground Observatory,Grahamstown Ground Observatory,Grahamstown Ground Observatory,['']
spase://SMWG/Observatory/WDC/Great.Whale.River,Great Whale River Ground Observatory,Great Whale River Ground Observatory,Great Whale River Ground Observatory,['']
spase://SMWG/Observatory/WDC/Grocka,Grocka Ground Observatory,Grocka Ground Observatory,Grocka Ground Observatory,['']
spase://SMWG/Observatory/WDC/Guam,Guam Ground Observatory,Guam Ground Observatory,Guam Ground Observatory,['']
spase://SMWG/Observatory/WDC/Guangzhou,Guangzhou Ground Observatory,Guangzhou Ground Observatory,Guangzhou Ground Observatory,['']
spase://SMWG/Observatory/WDC/Guimar,Guimar Ground Observatory,Guimar Ground Observatory,Guimar Ground Observatory,['']
spase://SMWG/Observatory/WDC/Halley.Bay,Halley Bay Ground Observatory,Halley Bay Ground Observatory,Halley Bay Ground Observatory,['']
spase://SMWG/Observatory/WDC/Hartebeesthoek,Hartebeesthoek Ground Observatory,Hartebeesthoek Ground Observatory,Hartebeesthoek Ground Observatory,['']
spase://SMWG/Observatory/WDC/Hartland,Hartland Ground Observatory,Hartland Ground Observatory,Hartland Ground Observatory,['']
spase://SMWG/Observatory/WDC/Hatizyo,Hatizyo Ground Observatory,Hatizyo Ground Observatory,Hatizyo Ground Observatory,['']
spase://SMWG/Observatory/WDC/Havana,Havana Ground Observatory,Havana Ground Observatory,Havana Ground Observatory,['']
spase://SMWG/Observatory/WDC/Heiss.Island,Heiss Island Ground Observatory,Heiss Island Ground Observatory,Heiss Island Ground Observatory,['']
spase://SMWG/Observatory/WDC/Hel,Hel Ground Observatory,Hel Ground Observatory,Hel Ground Observatory,['']
spase://SMWG/Observatory/WDC/Helwan,Helwan Ground Observatory,Helwan Ground Observatory,Helwan Ground Observatory,['']
spase://SMWG/Observatory/WDC/Hermanus,Hermanus,Hermanus,Hermanus,['']
spase://SMWG/Observatory/WDC/Hollandia,Hollandia Ground Observatory,Hollandia Ground Observatory,Hollandia Ground Observatory,['']
spase://SMWG/Observatory/WDC/Honolulu,Honolulu,Honolulu,Honolulu,['']
spase://SMWG/Observatory/WDC/Hornsund,Hornsund Ground Observatory,Hornsund Ground Observatory,Hornsund Ground Observatory,['']
spase://SMWG/Observatory/WDC/Huancayo,Huancayo Ground Observatory,Huancayo Ground Observatory,Huancayo Ground Observatory,['']
spase://SMWG/Observatory/WDC/Hurbanovo,Hurbanovo Ground Observatory,Hurbanovo Ground Observatory,Hurbanovo Ground Observatory,['']
spase://SMWG/Observatory/WDC/Hyderabad,Hyderabad Ground Observatory,Hyderabad Ground Observatory,Hyderabad Ground Observatory,['']
spase://SMWG/Observatory/WDC/Ibadan,Ibadan Ground Observatory,Ibadan Ground Observatory,Ibadan Ground Observatory,['']
spase://SMWG/Observatory/WDC/Iqaluit,Iqaluit Ground Observatory,Iqaluit Ground Observatory,Iqaluit Ground Observatory,['']
spase://SMWG/Observatory/WDC/Istanbul.Kandilli,Istanbul Kandilli Ground Observatory,Istanbul Kandilli Ground Observatory,Istanbul Kandilli Ground Observatory,['']
spase://SMWG/Observatory/WDC/Jaipur,Jaipur Ground Observatory,Jaipur Ground Observatory,Jaipur Ground Observatory,['']
spase://SMWG/Observatory/WDC/Jarvis.Island,Jarvis Island Ground Observatory,Jarvis Island Ground Observatory,Jarvis Island Ground Observatory,['']
spase://SMWG/Observatory/WDC/Kakadu,Kakadu Ground Observatory,Kakadu Ground Observatory,Kakadu Ground Observatory,['']
spase://SMWG/Observatory/WDC/Kakioka,Kakioka,Kakioka,Kakioka,['']
spase://SMWG/Observatory/WDC/Kanoya,Kanoya Ground Observatory,Kanoya Ground Observatory,Kanoya Ground Observatory,['']
spase://SMWG/Observatory/WDC/Kanozan,Kanozan Ground Observatory,Kanozan Ground Observatory,Kanozan Ground Observatory,['']
spase://SMWG/Observatory/WDC/Karachi,Karachi Ground Observatory,Karachi Ground Observatory,Karachi Ground Observatory,['']
spase://SMWG/Observatory/WDC/Kashi,Kashi Ground Observatory,Kashi Ground Observatory,Kashi Ground Observatory,['']
spase://SMWG/Observatory/WDC/Kiev,Kiev Ground Observatory,Kiev Ground Observatory,Kiev Ground Observatory,['']
spase://SMWG/Observatory/WDC/Kiruna,Kiruna Ground Observatory,Kiruna Ground Observatory,Kiruna Ground Observatory,['']
spase://SMWG/Observatory/WDC/Kodaikanal,Kodaikanal Ground Observatory,Kodaikanal Ground Observatory,Kodaikanal Ground Observatory,['']
spase://SMWG/Observatory/WDC/Koror,Koror Ground Observatory,Koror Ground Observatory,Koror Ground Observatory,['']
spase://SMWG/Observatory/WDC/Kourou,Kourou Ground Observatory,Kourou Ground Observatory,Kourou Ground Observatory,['']
spase://SMWG/Observatory/WDC/Kr.Pakhra,Kr. Pakhra Ground Observatory,Kr. Pakhra Ground Observatory,Kr. Pakhra Ground Observatory,['']
spase://SMWG/Observatory/WDC/La.Quiaca,La Quiaca Ground Observatory,La Quiaca Ground Observatory,La Quiaca Ground Observatory,['']
spase://SMWG/Observatory/WDC/Lanzhou,Lanzhou Ground Observatory,Lanzhou Ground Observatory,Lanzhou Ground Observatory,['']
spase://SMWG/Observatory/WDC/LAquila,L'Aquila Ground Observatory,L'Aquila Ground Observatory,L'Aquila Ground Observatory,['']
spase://SMWG/Observatory/WDC/Las.Mesas,Las Mesas Ground Observatory,Las Mesas Ground Observatory,Las Mesas Ground Observatory,['']
spase://SMWG/Observatory/WDC/Leadville,Leadville Ground Observatory,Leadville Ground Observatory,Leadville Ground Observatory,['']
spase://SMWG/Observatory/WDC/Learmonth,Learmonth Ground Observatory,Learmonth Ground Observatory,Learmonth Ground Observatory,['']
spase://SMWG/Observatory/WDC/Leirvogur,Leirvogur Ground Observatory,Leirvogur Ground Observatory,Leirvogur Ground Observatory,['']
spase://SMWG/Observatory/WDC/Leningradskaya,Leningradskaya Ground Observatory,Leningradskaya Ground Observatory,Leningradskaya Ground Observatory,['']
spase://SMWG/Observatory/WDC/Lerwick,Lerwick Ground Observatory,Lerwick Ground Observatory,Lerwick Ground Observatory,['']
spase://SMWG/Observatory/WDC/Little.America,Little America Ground Observatory,Little America Ground Observatory,Little America Ground Observatory,['']
spase://SMWG/Observatory/WDC/Livingston.Island,Livingston Island Ground Observatory,Livingston Island Ground Observatory,Livingston Island Ground Observatory,['']
spase://SMWG/Observatory/WDC/Logrono,Logrono Ground Observatory,Logrono Ground Observatory,Logrono Ground Observatory,['']
spase://SMWG/Observatory/WDC/Loparskoe,Loparskoe Ground Observatory,Loparskoe Ground Observatory,Loparskoe Ground Observatory,['']
spase://SMWG/Observatory/WDC/Lovo,Lovo Ground Observatory,Lovo Ground Observatory,Lovo Ground Observatory,['']
spase://SMWG/Observatory/WDC/Luanda.Capelo,Luanda Capelo Ground Observatory,Luanda Capelo Ground Observatory,Luanda Capelo Ground Observatory,['']
spase://SMWG/Observatory/WDC/Lunping,Lunping Ground Observatory,Lunping Ground Observatory,Lunping Ground Observatory,['']
spase://SMWG/Observatory/WDC/Lviv,Lviv Ground Observatory,Lviv Ground Observatory,Lviv Ground Observatory,['']
spase://SMWG/Observatory/WDC/Lwiro,Lwiro Ground Observatory,Lwiro Ground Observatory,Lwiro Ground Observatory,['']
spase://SMWG/Observatory/WDC/Macquarie.Island,Macquarie Island Ground Observatory,Macquarie Island Ground Observatory,Macquarie Island Ground Observatory,['']
spase://SMWG/Observatory/WDC/Magadan,Magadan Ground Observatory,Magadan Ground Observatory,Magadan Ground Observatory,['']
spase://SMWG/Observatory/WDC/Manhay,Manhay Ground Observatory,Manhay Ground Observatory,Manhay Ground Observatory,['']
spase://SMWG/Observatory/WDC/Manzhouli,Manzhouli Ground Observatory,Manzhouli Ground Observatory,Manzhouli Ground Observatory,['']
spase://SMWG/Observatory/WDC/Maputo,Maputo Ground Observatory,Maputo Ground Observatory,Maputo Ground Observatory,['']
spase://SMWG/Observatory/WDC/Martin.de.Vivies,Martin de Vivies Ground Observatory,Martin de Vivies Ground Observatory,Martin de Vivies Ground Observatory,['']
spase://SMWG/Observatory/WDC/Mawson,Mawson Ground Observatory,Mawson Ground Observatory,Mawson Ground Observatory,['']
spase://SMWG/Observatory/WDC/MBour,MBour Ground Observatory,MBour Ground Observatory,MBour Ground Observatory,['']
spase://SMWG/Observatory/WDC/Meanook,Meanook Ground Observatory,Meanook Ground Observatory,Meanook Ground Observatory,['']
spase://SMWG/Observatory/WDC/Memambetsu,Memambetsu Ground Observatory,Memambetsu Ground Observatory,Memambetsu Ground Observatory,['']
spase://SMWG/Observatory/WDC/Midway,Midway Ground Observatory,Midway Ground Observatory,Midway Ground Observatory,['']
spase://SMWG/Observatory/WDC/Minck,Minck Ground Observatory,Minck Ground Observatory,Minck Ground Observatory,['']
spase://SMWG/Observatory/WDC/Mirny,Mirny Ground Observatory,Mirny Ground Observatory,Mirny Ground Observatory,['']
spase://SMWG/Observatory/WDC/Misallat,Misallat Ground Observatory,Misallat Ground Observatory,Misallat Ground Observatory,['']
spase://SMWG/Observatory/WDC/Mizusawa,Mizusawa Ground Observatory,Mizusawa Ground Observatory,Mizusawa Ground Observatory,['']
spase://SMWG/Observatory/WDC/Moca,Moca Ground Observatory,Moca Ground Observatory,Moca Ground Observatory,['']
spase://SMWG/Observatory/WDC/Molodezhnaya,Molodezhnaya Ground Observatory,Molodezhnaya Ground Observatory,Molodezhnaya Ground Observatory,['']
spase://SMWG/Observatory/WDC/Monte.Capellino,Monte Capellino Ground Observatory,Monte Capellino Ground Observatory,Monte Capellino Ground Observatory,['']
spase://SMWG/Observatory/WDC/Mould.Bay,Mould Bay Ground Observatory,Mould Bay Ground Observatory,Mould Bay Ground Observatory,['']
spase://SMWG/Observatory/WDC/Muntinlupa,Muntinlupa Ground Observatory,Muntinlupa Ground Observatory,Muntinlupa Ground Observatory,['']
spase://SMWG/Observatory/WDC/Murchison.Bay,Murchison Bay Ground Observatory,Murchison Bay Ground Observatory,Murchison Bay Ground Observatory,['']
spase://SMWG/Observatory/WDC/Nagpur,Nagpur Ground Observatory,Nagpur Ground Observatory,Nagpur Ground Observatory,['']
spase://SMWG/Observatory/WDC/Nagycenk,Nagycenk Ground Observatory,Nagycenk Ground Observatory,Nagycenk Ground Observatory,['']
spase://SMWG/Observatory/WDC/Nairobi,Nairobi Ground Observatory,Nairobi Ground Observatory,Nairobi Ground Observatory,['']
spase://SMWG/Observatory/WDC/Nampula,Nampula Ground Observatory,Nampula Ground Observatory,Nampula Ground Observatory,['']
spase://SMWG/Observatory/WDC/Narsarsuaq,Narsarsuaq Ground Observatory,Narsarsuaq Ground Observatory,Narsarsuaq Ground Observatory,['']
spase://SMWG/Observatory/WDC/Neumayer.Station,Neumayer Station Ground Observatory,Neumayer Station Ground Observatory,Neumayer Station Ground Observatory,['']
spase://SMWG/Observatory/WDC/Newport,Newport Ground Observatory,Newport Ground Observatory,Newport Ground Observatory,['']
spase://SMWG/Observatory/WDC/Niemegk,Niemegk Ground Observatory,Niemegk Ground Observatory,Niemegk Ground Observatory,['']
spase://SMWG/Observatory/WDC/Norway.Station,Norway Station Ground Observatory,Norway Station Ground Observatory,Norway Station Ground Observatory,['']
spase://SMWG/Observatory/WDC/Novokazalinsk,Novokazalinsk Ground Observatory,Novokazalinsk Ground Observatory,Novokazalinsk Ground Observatory,['']
spase://SMWG/Observatory/WDC/Novolazarevskaya,Novolazarevskaya Ground Observatory,Novolazarevskaya Ground Observatory,Novolazarevskaya Ground Observatory,['']
spase://SMWG/Observatory/WDC/Novosibirsk.Klyuch,"Novosibirsk, Klyuch Ground Observatory","Novosibirsk, Klyuch Ground Observatory","Novosibirsk, Klyuch Ground Observatory",['']
spase://SMWG/Observatory/WDC/Nurmijarvi,Nurmijarvi Ground Observatory,Nurmijarvi Ground Observatory,Nurmijarvi Ground Observatory,['']
spase://SMWG/Observatory/WDC/Oasis,Oasis Ground Observatory,Oasis Ground Observatory,Oasis Ground Observatory,['']
spase://SMWG/Observatory/WDC/Ottawa,Ottawa Ground Observatory,Ottawa Ground Observatory,Ottawa Ground Observatory,['']
spase://SMWG/Observatory/WDC/Pamatai,Pamatai Ground Observatory,Pamatai Ground Observatory,Pamatai Ground Observatory,['']
spase://SMWG/Observatory/WDC/Panagyurishte,Panagyurishte Ground Observatory,Panagyurishte Ground Observatory,Panagyurishte Ground Observatory,['']
spase://SMWG/Observatory/WDC/Paramaribo,Paramaribo Ground Observatory,Paramaribo Ground Observatory,Paramaribo Ground Observatory,['']
spase://SMWG/Observatory/WDC/Paratunka,Paratunka Ground Observatory,Paratunka Ground Observatory,Paratunka Ground Observatory,['']
spase://SMWG/Observatory/WDC/Patrony,Patrony Ground Observatory,Patrony Ground Observatory,Patrony Ground Observatory,['']
spase://SMWG/Observatory/WDC/Penteli,Penteli Ground Observatory,Penteli Ground Observatory,Penteli Ground Observatory,['']
spase://SMWG/Observatory/WDC/Phuthuy,Phuthuy Ground Observatory,Phuthuy Ground Observatory,Phuthuy Ground Observatory,['']
spase://SMWG/Observatory/WDC/Pilar,Pilar Ground Observatory,Pilar Ground Observatory,Pilar Ground Observatory,['']
spase://SMWG/Observatory/WDC/Pionerskaya,Pionerskaya Ground Observatory,Pionerskaya Ground Observatory,Pionerskaya Ground Observatory,['']
spase://SMWG/Observatory/WDC/Plateau,Plateau Ground Observatory,Plateau Ground Observatory,Plateau Ground Observatory,['']
spase://SMWG/Observatory/WDC/Podkamennaya,Podkamennaya Ground Observatory,Podkamennaya Ground Observatory,Podkamennaya Ground Observatory,['']
spase://SMWG/Observatory/WDC/Pondicherry,Pondicherry Ground Observatory,Pondicherry Ground Observatory,Pondicherry Ground Observatory,['']
spase://SMWG/Observatory/WDC/Port.Alfred,Port Alfred Ground Observatory,Port Alfred Ground Observatory,Port Alfred Ground Observatory,['']
spase://SMWG/Observatory/WDC/Port.aux.Francais,Port aux Francais Ground Observatory,Port aux Francais Ground Observatory,Port aux Francais Ground Observatory,['']
spase://SMWG/Observatory/WDC/Port.Moresby,Port Moresby Ground Observatory,Port Moresby Ground Observatory,Port Moresby Ground Observatory,['']
spase://SMWG/Observatory/WDC/Port.Stanley,Port Stanley Ground Observatory,Port Stanley Ground Observatory,Port Stanley Ground Observatory,['']
spase://SMWG/Observatory/WDC/Poste.de.la.Baleine,Poste de la Baleine Ground Observatory,Poste de la Baleine Ground Observatory,Poste de la Baleine Ground Observatory,['']
spase://SMWG/Observatory/WDC/Price,Price Ground Observatory,Price Ground Observatory,Price Ground Observatory,['']
spase://SMWG/Observatory/WDC/Pruhonice,Pruhonice Ground Observatory,Pruhonice Ground Observatory,Pruhonice Ground Observatory,['']
spase://SMWG/Observatory/WDC/Qianling,Qianling Ground Observatory,Qianling Ground Observatory,Qianling Ground Observatory,['']
spase://SMWG/Observatory/WDC/Qiongzhong,Qiongzhong Ground Observatory,Qiongzhong Ground Observatory,Qiongzhong Ground Observatory,['']
spase://SMWG/Observatory/WDC/Qsaybeh,Qsaybeh Ground Observatory,Qsaybeh Ground Observatory,Qsaybeh Ground Observatory,['']
spase://SMWG/Observatory/WDC/Quanzhou,Quanzhou Ground Observatory,Quanzhou Ground Observatory,Quanzhou Ground Observatory,['']
spase://SMWG/Observatory/WDC/Quetta,Quetta Ground Observatory,Quetta Ground Observatory,Quetta Ground Observatory,['']
spase://SMWG/Observatory/WDC/Resolute,Resolute Ground Observatory,Resolute Ground Observatory,Resolute Ground Observatory,['']
spase://SMWG/Observatory/WDC/Roburent,Roburent Ground Observatory,Roburent Ground Observatory,Roburent Ground Observatory,['']
spase://SMWG/Observatory/WDC/Roi.Baudouin,Roi Baudouin Ground Observatory,Roi Baudouin Ground Observatory,Roi Baudouin Ground Observatory,['']
spase://SMWG/Observatory/WDC/Rude.Skov,Rude Skov Ground Observatory,Rude Skov Ground Observatory,Rude Skov Ground Observatory,['']
spase://SMWG/Observatory/WDC/Sabhawala,Sabhawala Ground Observatory,Sabhawala Ground Observatory,Sabhawala Ground Observatory,['']
spase://SMWG/Observatory/WDC/Saint.Johns,Saint Johns Ground Observatory,Saint Johns Ground Observatory,Saint Johns Ground Observatory,['']
spase://SMWG/Observatory/WDC/San.Fernando,San Fernando Ground Observatory,San Fernando Ground Observatory,San Fernando Ground Observatory,['']
spase://SMWG/Observatory/WDC/San.Juan,San Juan,San Juan,San Juan,['']
spase://SMWG/Observatory/WDC/San.Pablo.Toledo,San Pablo Toledo Ground Observatory,San Pablo-Toledo Ground Observatory,San Pablo-Toledo Ground Observatory,['']
spase://SMWG/Observatory/WDC/Sanae,Sanae Ground Observatory,Sanae Ground Observatory,Sanae Ground Observatory,['']
spase://SMWG/Observatory/WDC/Sao.Miguel,Sao Miguel Ground Observatory,Sao Miguel Ground Observatory,Sao Miguel Ground Observatory,['']
spase://SMWG/Observatory/WDC/Sapa,Sapa Ground Observatory,Sapa Ground Observatory,Sapa Ground Observatory,['']
spase://SMWG/Observatory/WDC/Scott.Base,Scott Base Ground Observatory,Scott Base Ground Observatory,Scott Base Ground Observatory,['']
spase://SMWG/Observatory/WDC/Shillong,Shillong Ground Observatory,Shillong Ground Observatory,Shillong Ground Observatory,['']
spase://SMWG/Observatory/WDC/Shumagin,Shumagin Ground Observatory,Shumagin Ground Observatory,Shumagin Ground Observatory,['']
spase://SMWG/Observatory/WDC/Silchar,Silchar Ground Observatory,Silchar Ground Observatory,Silchar Ground Observatory,['']
spase://SMWG/Observatory/WDC/Simosato,Simosato Ground Observatory,Simosato Ground Observatory,Simosato Ground Observatory,['']
spase://SMWG/Observatory/WDC/Sitka,Sitka Ground Observatory,Sitka Ground Observatory,Sitka Ground Observatory,['']
spase://SMWG/Observatory/WDC/Sodankyla,Sodankyla Ground Observatory,Sodankyla Ground Observatory,Sodankyla Ground Observatory,['']
spase://SMWG/Observatory/WDC/South.Georgia,South Georgia Ground Observatory,South Georgia Ground Observatory,South Georgia Ground Observatory,['']
spase://SMWG/Observatory/WDC/South.Pole,South Pole Ground Observatory,South Pole Ground Observatory,South Pole Ground Observatory,['']
spase://SMWG/Observatory/WDC/Stepanovka,Stepanovka Ground Observatory,Stepanovka Ground Observatory,Stepanovka Ground Observatory,['']
spase://SMWG/Observatory/WDC/Stonyhurst,Stonyhurst Ground Observatory,Stonyhurst Ground Observatory,Stonyhurst Ground Observatory,['']
spase://SMWG/Observatory/WDC/Sukkertoppen,Sukkertoppen Ground Observatory,Sukkertoppen Ground Observatory,Sukkertoppen Ground Observatory,['']
spase://SMWG/Observatory/WDC/Surlari,Surlari Ground Observatory,Surlari Ground Observatory,Surlari Ground Observatory,['']
spase://SMWG/Observatory/WDC/Swider,Swider Ground Observatory,Swider Ground Observatory,Swider Ground Observatory,['']
spase://SMWG/Observatory/WDC/Tahiti,Tahiti Ground Observatory,Tahiti Ground Observatory,Tahiti Ground Observatory,['']
spase://SMWG/Observatory/WDC/Talara,Talara Ground Observatory,Talara Ground Observatory,Talara Ground Observatory,['']
spase://SMWG/Observatory/WDC/Tamanrasset,Tamanrasset Ground Observatory,Tamanrasset Ground Observatory,Tamanrasset Ground Observatory,['']
spase://SMWG/Observatory/WDC/Tangerang,Tangerang Ground Observatory,Tangerang Ground Observatory,Tangerang Ground Observatory,['']
spase://SMWG/Observatory/WDC/Tatuoca,Tatuoca Ground Observatory,Tatuoca Ground Observatory,Tatuoca Ground Observatory,['']
spase://SMWG/Observatory/WDC/Tehran,Tehran Ground Observatory,Tehran Ground Observatory,Tehran Ground Observatory,['']
spase://SMWG/Observatory/WDC/Teoloyucan,Teoloyucan Ground Observatory,Teoloyucan Ground Observatory,Teoloyucan Ground Observatory,['']
spase://SMWG/Observatory/WDC/Thule,Thule Ground Observatory,Thule Ground Observatory,Thule Ground Observatory,['']
spase://SMWG/Observatory/WDC/Tihany,Tihany Ground Observatory,Tihany Ground Observatory,Tihany Ground Observatory,['']
spase://SMWG/Observatory/WDC/Tikhaya.Bay,Tikhaya Bay Ground Observatory,Tikhaya Bay Ground Observatory,Tikhaya Bay Ground Observatory,['']
spase://SMWG/Observatory/WDC/Tirunelveli,Tirunelveli Ground Observatory,Tirunelveli Ground Observatory,Tirunelveli Ground Observatory,['']
spase://SMWG/Observatory/WDC/Tixie.Bay,Tixie Bay Ground Observatory,Tixie Bay Ground Observatory,Tixie Bay Ground Observatory,['']
spase://SMWG/Observatory/WDC/Toledo,Toledo Ground Observatory,Toledo Ground Observatory,Toledo Ground Observatory,['']
spase://SMWG/Observatory/WDC/Tomsk,Tomsk Ground Observatory,Tomsk Ground Observatory,Tomsk Ground Observatory,['']
spase://SMWG/Observatory/WDC/Tondano,Tondano Ground Observatory,Tondano Ground Observatory,Tondano Ground Observatory,['']
spase://SMWG/Observatory/WDC/Tonghai,Tonghai Ground Observatory,Tonghai Ground Observatory,Tonghai Ground Observatory,['']
spase://SMWG/Observatory/WDC/Toolangi,Toolangi Ground Observatory,Toolangi Ground Observatory,Toolangi Ground Observatory,['']
spase://SMWG/Observatory/WDC/Trelew,Trelew Ground Observatory,Trelew Ground Observatory,Trelew Ground Observatory,['']
spase://SMWG/Observatory/WDC/Trivandrum,Trivandrum Ground Observatory,Trivandrum Ground Observatory,Trivandrum Ground Observatory,['']
spase://SMWG/Observatory/WDC/Tromso,Tromso Ground Observatory,Tromso Ground Observatory,Tromso Ground Observatory,['']
spase://SMWG/Observatory/WDC/Tsumeb,Tsumeb Ground Observatory,Tsumeb Ground Observatory,Tsumeb Ground Observatory,['']
spase://SMWG/Observatory/WDC/Tucson,Tucson Ground Observatory,Tucson Ground Observatory,Tucson Ground Observatory,['']
spase://SMWG/Observatory/WDC/Tuntungan,Tuntungan Ground Observatory,Tuntungan Ground Observatory,Tuntungan Ground Observatory,['']
spase://SMWG/Observatory/WDC/Ujjain,Ujjain Ground Observatory,Ujjain Ground Observatory,Ujjain Ground Observatory,['']
spase://SMWG/Observatory/WDC/Uppsala,Uppsala Ground Observatory,Uppsala Ground Observatory,Uppsala Ground Observatory,['']
spase://SMWG/Observatory/WDC/V.Dubr,V.Dubr. Ground Observatory,V.Dubr. Ground Observatory,V.Dubr. Ground Observatory,['']
spase://SMWG/Observatory/WDC/Val.Joyeux,Val Joyeux Ground Observatory,Val Joyeux Ground Observatory,Val Joyeux Ground Observatory,['']
spase://SMWG/Observatory/WDC/Valentia,Valentia Ground Observatory,Valentia Ground Observatory,Valentia Ground Observatory,['']
spase://SMWG/Observatory/WDC/Vannovskaya,Vannovskaya Ground Observatory,Vannovskaya Ground Observatory,Vannovskaya Ground Observatory,['']
spase://SMWG/Observatory/WDC/Vassouras,Vassouras Ground Observatory,Vassouras Ground Observatory,Vassouras Ground Observatory,['']
spase://SMWG/Observatory/WDC/Victoria,Victoria Ground Observatory,Victoria Ground Observatory,Victoria Ground Observatory,['']
spase://SMWG/Observatory/WDC/Vieques,Vieques Ground Observatory,Vieques Ground Observatory,Vieques Ground Observatory,['']
spase://SMWG/Observatory/WDC/Visakhapatnam,Visakhapatnam Ground Observatory,Visakhapatnam Ground Observatory,Visakhapatnam Ground Observatory,['']
spase://SMWG/Observatory/WDC/Vostok,Vostok Ground Observatory,Vostok Ground Observatory,Vostok Ground Observatory,['']
spase://SMWG/Observatory/WDC/Voyeykovo,Voyeykovo Ground Observatory,Voyeykovo Ground Observatory,Voyeykovo Ground Observatory,['']
spase://SMWG/Observatory/WDC/Watheroo,Watheroo Ground Observatory,Watheroo Ground Observatory,Watheroo Ground Observatory,['']
spase://SMWG/Observatory/WDC/Whiteshell,Whiteshell Ground Observatory,Whiteshell Ground Observatory,Whiteshell Ground Observatory,['']
spase://SMWG/Observatory/WDC/Wien.Kobenzl,Wien Kobenzl Ground Observatory,Wien Kobenzl Ground Observatory,Wien Kobenzl Ground Observatory,['']
spase://SMWG/Observatory/WDC/Wilkes,Wilkes Ground Observatory,Wilkes Ground Observatory,Wilkes Ground Observatory,['']
spase://SMWG/Observatory/WDC/Wingst,Wingst Ground Observatory,Wingst Ground Observatory,Wingst Ground Observatory,['']
spase://SMWG/Observatory/WDC/Witteveen,Witteveen Ground Observatory,Witteveen Ground Observatory,Witteveen Ground Observatory,['']
spase://SMWG/Observatory/WDC/Wuhan,Wuhan Ground Observatory,Wuhan Ground Observatory,Wuhan Ground Observatory,['']
spase://SMWG/Observatory/WDC/Y.Basar,Y. Basar Ground Observatory,Y. Basar Ground Observatory,Y. Basar Ground Observatory,['']
spase://SMWG/Observatory/WDC/Yakutsk,Yakutsk Ground Observatory,Yakutsk Ground Observatory,Yakutsk Ground Observatory,['']
spase://SMWG/Observatory/WDC/Yazhno.Sakhalinsk,Yazhno Sakhalinsk Ground Observatory,Yazhno Sakhalinsk Ground Observatory,Yazhno Sakhalinsk Ground Observatory,['']
spase://SMWG/Observatory/WDC/Yellowknife,Yellowknife Ground Observatory,Yellowknife Ground Observatory,Yellowknife Ground Observatory,['']
spase://SMWG/Observatory/WDC/Zaymishche,Zaymishche Ground Observatory,Zaymishche Ground Observatory,Zaymishche Ground Observatory,['']
spase://SMWG/Observatory/WDC/Zo.Se,Zo Se Ground Observatory,Zo-Se Ground Observatory,Zo-Se Ground Observatory,['']
spase://SMWG/Observatory/Wind,Wind,Wind,ISTP/Wind,"['ISTP/Wind', 'GGS/Wind', 'Wind/ISTP', 'Wind/GGS']"
spase://SMWG/Observatory/WSO,WSO,WSO,WSO,['']
spase://SMWG/Observatory/YNAO,YNAO,YNAO,YNAO,['']
spase://SMWG/Observatory/Yohkoh,Yohkoh,Yohkoh,1991-062A,"['1991-062A', 'Solar-A']"
spase://SMWG/Observatory/Zond-3,Zond,Zond 3,Zond 3,['']
