SPASE_AlternateName,HelioData_long_name
['Solar Orbiter'],Solar Orbiter
['AeroCube-6 CubeSat'],AeroCube-6 CubeSat
['AeroCube-6A CubeSat'],AeroCube-6A CubeSat
['AeroCube-6B CubeSat'],AeroCube-6B CubeSat
['Polarimeter to Unify the Corona and Heliosphere'],Polarimeter to Unify the Corona and Heliosphere
['Polarimeter to Unify the Corona and Heliosphere Narrow Field Imager'],Polarimeter to Unify the Corona and Heliosphere Narrow Field Imager
['Polarimeter to Unify the Corona and Heliosphere Wide Field Imager'],Polarimeter to Unify the Corona and Heliosphere Wide Field Imager
['Polarimeter to Unify the Corona and Heliosphere Wide-Field Imager 1'],Polarimeter to Unify the Corona and Heliosphere Wide-Field Imager 1
['Polarimeter to Unify the Corona and Heliosphere Wide-Field Imager 2'],Polarimeter to Unify the Corona and Heliosphere Wide-Field Imager 2
['Polarimeter to Unify the Corona and Heliosphere Wide-Field Imager 3'],Polarimeter to Unify the Corona and Heliosphere Wide-Field Imager 3
"['Geostationary Operational Environmental Satellite 18', '2022-021A', 'GOES T']",Geostationary Operational Environmental Satellite 18
"['Geostationary Operational Environmental Satellite 19', '2024-119A', 'GOES U']",Geostationary Operational Environmental Satellite 19
['GO-ABOVE the Geospace Observatory - Array for\r\n   Broadband Observations of VLF/ELF Emissions'],"GO-ABOVE the Geospace Observatory - Array for
   Broadband Observations of VLF/ELF Emissions"
"['Advanced Composition Explorer', '1997-045A', 'Explorer 71']",Advanced Composition Explorer
"['Atmosphere Explorer', 'Atmosphere Explorer Spacecraft']",Atmosphere Explorer
"['Atmosphere Explorer-C', '1973-101A', 'Explorer 51']",Atmosphere Explorer-C
"['Atmosphere Explorer-D', '1975-096A', 'Explorer 54']",Atmosphere Explorer-D
"['Atmosphere Explorer-E', '1975-107A', 'Explorer 55', 'AE 5']",Atmosphere Explorer-E
['Aeolus'],Aeolus
"['Aeros-A', '1972-100A', 'Aeros 1']",Aeros-A
['AIM'],AIM
['EXOS-D'],EXOS-D
"['Alouette-A', '1962-049A']",Alouette-A
"['Alouette-B', '1965-098A']",Alouette-B
['Advanced Modular Incoherent Scatter Radar (AMISR)'],Advanced Modular Incoherent Scatter Radar (AMISR)
['AMPERE'],AMPERE
['Active Magnetospheric Particle Tracer Explorers'],Active Magnetospheric Particle Tracer Explorers
"['AMPTE/Charge Composition Explorer', 'CCE', 'Explorer 65']",AMPTE/Charge Composition Explorer
"['AMPTE/Ion Release Module', 'IRM']",AMPTE/Ion Release Module
"['AMPTE/United Kingdom Subsatellite', 'UKS']",AMPTE/United Kingdom Subsatellite
"['Apollo 12 LM/ALSEP', 'Intrepid', 'Apollo 12C', 'LEM 12', 'LM-6']",Apollo 12 LM/ALSEP
"['Apollo 14 LM/ALSEP', 'Antares', 'Apollo 14C', 'LEM 14', 'LM-8']",Apollo 14 LM/ALSEP
"['Apollo 15 LM/ALSEP', 'Apollo 15C', 'LEM 15', 'LM-10', 'Falcon', 'Rover 15']",Apollo 15 LM/ALSEP
"['Exploration of energization and Radiation in Geospace (ERG), now known as Arase']","Exploration of energization and Radiation in Geospace (ERG), now known as Arase"
"['Acceleration, Reconnection, Turbulence, Electrodynamics of the Moon’s Interaction with the Sun']","Acceleration, Reconnection, Turbulence, Electrodynamics of the Moon’s Interaction with the Sun"
['BAS A80'],BAS A80
['BAS A81'],BAS A81
['BAS A84'],BAS A84
['Halley Bay'],Halley Bay
['South Pole'],South Pole
"['1981-094A', 'Aureole 3', 'ARCAD 3', 'Oreol 3']",1981-094A
['Athabasca University THEMIS UCLA Magnetometer Network'],Athabasca University THEMIS UCLA Magnetometer Network
"['Atmospheric Weather Electromagnetic System for Observation, Modeling, and Education']","Atmospheric Weather Electromagnetic System for Observation, Modeling, and Education"
['Balloon Array for Radiation-belt Relativistic Electron Losses'],Balloon Array for Radiation-belt Relativistic Electron Losses
['BARREL Balloon 1A'],BARREL Balloon 1A
['BARREL Balloon 1B'],BARREL Balloon 1B
['BARREL Balloon 1C'],BARREL Balloon 1C
['BARREL Balloon 1D'],BARREL Balloon 1D
['BARREL Balloon 1G'],BARREL Balloon 1G
['BARREL Balloon 1H'],BARREL Balloon 1H
['BARREL Balloon 1I'],BARREL Balloon 1I
['BARREL Balloon 1J'],BARREL Balloon 1J
['BARREL Balloon 1K'],BARREL Balloon 1K
['BARREL Balloon 1M'],BARREL Balloon 1M
['BARREL Balloon 1N'],BARREL Balloon 1N
['BARREL Balloon 1O'],BARREL Balloon 1O
['BARREL Balloon 1Q'],BARREL Balloon 1Q
['BARREL Balloon 1R'],BARREL Balloon 1R
['BARREL Balloon 1S'],BARREL Balloon 1S
['BARREL Balloon 1T'],BARREL Balloon 1T
['BARREL Balloon 1U'],BARREL Balloon 1U
['BARREL Balloon 1V'],BARREL Balloon 1V
['BARREL Balloon 2A'],BARREL Balloon 2A
['BARREL Balloon 2B'],BARREL Balloon 2B
['BARREL Balloon 2C'],BARREL Balloon 2C
['BARREL Balloon 2D'],BARREL Balloon 2D
['BARREL Balloon 2E'],BARREL Balloon 2E
['BARREL Balloon 2F'],BARREL Balloon 2F
['BARREL Balloon 2I'],BARREL Balloon 2I
['BARREL Balloon 2K'],BARREL Balloon 2K
['BARREL Balloon 2L'],BARREL Balloon 2L
['BARREL Balloon 2M'],BARREL Balloon 2M
['BARREL Balloon 2N'],BARREL Balloon 2N
['BARREL Balloon 2O'],BARREL Balloon 2O
['BARREL Balloon 2P'],BARREL Balloon 2P
['BARREL Balloon 2Q'],BARREL Balloon 2Q
['BARREL Balloon 2T'],BARREL Balloon 2T
['BARREL Balloon 2W'],BARREL Balloon 2W
['BARREL Balloon 2X'],BARREL Balloon 2X
['BARREL Balloon 2Y'],BARREL Balloon 2Y
['BARREL Balloon 3A'],BARREL Balloon 3A
['BARREL Balloon 3B'],BARREL Balloon 3B
['BARREL Balloon 3C'],BARREL Balloon 3C
['BARREL Balloon 3D'],BARREL Balloon 3D
['BARREL Balloon 3E'],BARREL Balloon 3E
['BARREL Balloon 3F'],BARREL Balloon 3F
['BARREL Balloon 3G'],BARREL Balloon 3G
['BARREL Balloon 4A'],BARREL Balloon 4A
['BARREL Balloon 4B'],BARREL Balloon 4B
['BARREL Balloon 4C'],BARREL Balloon 4C
['BARREL Balloon 4D'],BARREL Balloon 4D
['BARREL Balloon 4E'],BARREL Balloon 4E
['BARREL Balloon 4F'],BARREL Balloon 4F
['BARREL Balloon 4G'],BARREL Balloon 4G
['BARREL Balloon 4H'],BARREL Balloon 4H
['BARREL Balloon 5A'],BARREL Balloon 5A
['BARREL Balloon 6A'],BARREL Balloon 6A
['BARREL Balloon 7A'],BARREL Balloon 7A
['BAS'],BAS
['Big Bear Solar Observatory (BBSO)'],Big Bear Solar Observatory (BBSO)
['BepiColombo Spacecraft'],BepiColombo Spacecraft
"['Canadian Auroral Network for the OPEN (Origins of Plasmas in Earth’s Neighborhood) Program Unified Study', 'Canadian Array for Realtime Investigations of Magnetic Activity', 'CANOPUS']",Canadian Auroral Network for the OPEN (Origins of Plasmas in Earth’s Neighborhood) Program Unified Study
['Cassini Orbiter'],Cassini Orbiter
['CHAMP'],CHAMP
['CLIMAX'],CLIMAX
"['Cluster', 'Cluster II']",Cluster
"['Cluster 2/FM5 (Rumba)', '2000-045A', 'FM5', 'Rumba', 'Cluster-1']",Cluster 2/FM5 (Rumba)
"['Cluster 2/FM6 (Salsa)', '2000-041B', 'FM6', 'Salsa', 'Cluster-2']",Cluster 2/FM6 (Salsa)
"['Cluster 2/FM7 (Samba)', '2000-041A', 'FM7', 'Samba', 'Cluster-3']",Cluster 2/FM7 (Samba)
"['Cluster 2/FM8 (Tango)', '2000-045B', 'Cluster-4', 'Tango', 'FM8']",Cluster 2/FM8 (Tango)
"['Communication/Navigation Outage Forecasting System', 'Coupled Ion Neutral Dynamics Investigation (CINDI)']",Communication/Navigation Outage Forecasting System
['CONT'],CONT
"['2003-001A', '27640']",2003-001A
"['CORONAS F', 'KORONAS-F', 'AUS-SM-KF']",CORONAS F
"['Combined Release and Radiation Effects Satellite', '1990-065A']",Combined Release and Radiation Effects Satellite
"['Colorado Student Space Weather Experiment', 'Colorado Student Space Weather Experiment, CSSWE, CubeSat']",Colorado Student Space Weather Experiment
['Dawn'],Dawn
['DAWS'],DAWS
"['Dynamics Explorer', 'DE']",Dynamics Explorer
['Daniel K Inouye Solar Telescope (DKIST)'],Daniel K Inouye Solar Telescope (DKIST)
['DMI'],DMI
['Defense Meteorological Satellite Program'],Defense Meteorological Satellite Program
['DMSP_5D-2'],DMSP_5D-2
"['DMSP-F8', 'USA 26', 'WX9543', '18123']",DMSP-F8
"['DMSP-F9', 'USA 29', '18822']",DMSP-F9
"['DMSP-F10', 'USA 68', '20978']",DMSP-F10
"['DMSP-F11', 'USA 73', '21798']",DMSP-F11
"['DMSP-F12', 'USA 106', '23233']",DMSP-F12
"['DMSP-F13', 'USA 109', '23533']",DMSP-F13
"['DMSP-F14', 'USA 131', '24753']",DMSP-F14
"['DMSP_5D-3/F15', 'DMSP-F15', 'USA 147', '25991']",DMSP_5D-3/F15
"['DMSP_5D-3/F16', 'DMSP-F16', 'USA 171', '28054']",DMSP_5D-3/F16
"['DMSP_5D-3/F17', 'DMSP-F17', '29522']",DMSP_5D-3/F17
"['DMSP_5D-3/F18', 'DMSP-F18', 'USA 210', '35951']",DMSP_5D-3/F18
"['DMSP_5D-3/F19', 'DMSP-F19', 'USA 249', '39630']",DMSP_5D-3/F19
['DMSP_5D-3/S20'],DMSP_5D-3/S20
"['Tan Ce', 'TC']",Tan Ce
"['2003-061A', 'Tan Ce1', 'TC 1', '28140']",2003-061A
"['Explorer  2', '2004-029A', 'Tan Ce 2', 'TC 2']",Explorer  2
['Dominion Radio Astrophysical Observatory'],Dominion Radio Astrophysical Observatory
"['Deep Space Climate Observatory', '2015-007A']",Deep Space Climate Observatory
['Dunn Solar Telescope (DST)'],Dunn Solar Telescope (DST)
['Observatory Group created to represent the chain of magnetic field stations used to calculate the Dst Index.'],Observatory Group created to represent the chain of magnetic field stations used to calculate the Dst Index.
['Demonstrations and Science Experiment'],Demonstrations and Science Experiment
['Technical University of Denmark Magnetic Ground Stations'],Technical University of Denmark Magnetic Ground Stations
"['Dynamics Explorer-A', '1981-070A', 'Explorer 62', 'DE-A', 'DE 1']",Dynamics Explorer-A
"['Dynamics Explorer-B', '1981-070B', 'Explorer 63', 'DE-B', 'DE 2']",Dynamics Explorer-B
['e-CALLISTO International Network of Solar Radio Spectrometers'],e-CALLISTO International Network of Solar Radio Spectrometers
"['Electron Losses and Fields Investigation A, CubeSat']","Electron Losses and Fields Investigation A, CubeSat"
"['Electron Losses and Fields Investigation B, CubeSat']","Electron Losses and Fields Investigation B, CubeSat"
['Emirates Mars Mission (EMM)'],Emirates Mars Mission (EMM)
"['ISTP/Equator-S', '25068']",ISTP/Equator-S
['ESKI'],ESKI
"['John W. Evans Solar Facility', 'ESF']",John W. Evans Solar Facility
['Explorer Spacecraft Series'],Explorer Spacecraft Series
"['Beacon Explorer-B', '1964-064A', 'BE-B']",Beacon Explorer-B
"['1965-098B', 'DME-A', '01806']",1965-098B
"['Atmosphere Explorer-B', '1966-044A', 'AE-B', '02183']",Atmosphere Explorer-B
"['AIMP A', 'IMP D', 'AIMP 1', '02258']",AIMP A
"['Anchored IMP 2', 'IMP E', 'AIMP B', 'AIMP 2', '02884']",Anchored IMP 2
"['Fast Auroral Snapshot', '1996-049A', 'Small Explorer/FAST', 'Explorer 70', 'SMEX/FAST', 'Fast Auroral SnapshoT Explorer']",Fast Auroral Snapshot
['Fermi Gamma-ray Space Telescope'],Fermi Gamma-ray Space Telescope
['MCMU'],MCMU
['FSIM'],FSIM
['FSMI'],FSMI
"['Galileo Orbiter-Probe', 'Jupiter Orbiter-Probe']",Galileo Orbiter-Probe
"['Genesis Solar Wind Sample Return', '2001-034A']",Genesis Solar Wind Sample Return
"['Geomagnetic Tail Lab', '1992-044A', 'GTL', 'ISTP/Geotail', 'GGS/Geotail']",Geomagnetic Tail Lab
['GILL'],GILL
['Giotto'],Giotto
['Gravity Field and Steady-State Ocean Circulation Explorer (GOCE)'],Gravity Field and Steady-State Ocean Circulation Explorer (GOCE)
"['Geostationary Operational Environmental Satellites', 'GOES Satellite Series']",Geostationary Operational Environmental Satellites
"['Geostationary Operational Environmental Satellites 1', '1975-100A']",Geostationary Operational Environmental Satellites 1
"['1997-019A', 'GOES-K']",1997-019A
"['2000-022A', 'GOES-L', 'GOES-NEXT']",2000-022A
"['2001-031A', 'GOES-M']",2001-031A
"['Geostationary Operational Environmental Satellite 13', '2006-018A', 'GOES N']",Geostationary Operational Environmental Satellite 13
"['Geostationary Operational Environmental Satellite 14', 'GOES O', '2009-033A']",Geostationary Operational Environmental Satellite 14
"['Geostationary Operational Environmental Satellite 15', '2010-008A', 'GOES P']",Geostationary Operational Environmental Satellite 15
"['Geostationary Operational Environmental Satellite 16', '2016-071A', 'GOES R']",Geostationary Operational Environmental Satellite 16
"['Geostationary Operational Environmental Satellite 17', '2018-022A', 'GOES S']",Geostationary Operational Environmental Satellite 17
"['Geostationary Operational Environmental Satellites 2', '1977-048A']",Geostationary Operational Environmental Satellites 2
"['Geostationary Operational Environmental Satellites 3', '1978-062A']",Geostationary Operational Environmental Satellites 3
"['1980-074A', 'GOES 4']",1980-074A
"['1981-049A', 'GOES-E']",1981-049A
"['1983-041A', 'GOES-F']",1983-041A
"['1987-022A', 'GOES-H', 'PEACESAT']",1987-022A
"['1994-022A', 'GOES-NEXT', 'GOES-I']",1994-022A
"['1995-025A', 'GOES-NEXT', 'GOES-J']",1995-025A
"['Global-scale Observations of the Limb and Disk', 'SES-14', '43175']",Global-scale Observations of the Limb and Disk
['Global Oscillation Network Group'],Global Oscillation Network Group
['Gravity Recovery and Climate Experiment (GRACE)'],Gravity Recovery and Climate Experiment (GRACE)
['ASTRON 2'],ASTRON 2
['Observatory Station Code: ABN'],Observatory Station Code: ABN
['Observatory Station Code: ABK'],Observatory Station Code: ABK
['Observatory Station Code: AAE'],Observatory Station Code: AAE
['Observatory Station Code: AGN'],Observatory Station Code: AGN
['Akulivik Geophysical Observatory'],Akulivik Geophysical Observatory
['Observatory Station Code: ALE'],Observatory Station Code: ALE
['Observatory Station Code: ABG'],Observatory Station Code: ABG
['Observatory Station Code: AAA'],Observatory Station Code: AAA
['Observatory Station Code: ALM'],Observatory Station Code: ALM
['Observatory Station Code: AMT'],Observatory Station Code: AMT
['Observatory Station Code: AML'],Observatory Station Code: AML
['Amderma Geophysical Observatory'],Amderma Geophysical Observatory
['Observatory Station Code: AMER'],Observatory Station Code: AMER
['Anchorage Geophysical Observatory'],Anchorage Geophysical Observatory
['Andenes Geophysical Observatory'],Andenes Geophysical Observatory
['Observatory Station Code: ANN'],Observatory Station Code: ANN
['Observatory Station Code: TAN'],Observatory Station Code: TAN
['Observatory Station Code: API'],Observatory Station Code: API
['Observatory Station Code: ARCT'],Observatory Station Code: ARCT
['Observatory Station Code: ARC'],Observatory Station Code: ARC
['Observatory Station Code: ARE'],Observatory Station Code: ARE
['Observatory Station Code: ARK'],Observatory Station Code: ARK
['Observatory Station Code: ARS'],Observatory Station Code: ARS
['Observatory Station Code: ASC'],Observatory Station Code: ASC
"['Observatory Station Code: ASH', 'Vannovskaya']",Observatory Station Code: ASH
['Observatory Station Code: ASO'],Observatory Station Code: ASO
['Athabasca Geophysical Observatory'],Athabasca Geophysical Observatory
['Attu Geophysical Observatory'],Attu Geophysical Observatory
['Augsburg College Search Coil Ground Observatory Group'],Augsburg College Search Coil Ground Observatory Group
['Athabasca University THEMIS UCLA Magnetometer Network'],Athabasca University THEMIS UCLA Magnetometer Network
['Observatory Station Code: BAG'],Observatory Station Code: BAG
['Baker Lake Geophysical Observatory'],Baker Lake Geophysical Observatory
['Observatory Station Code: BNG'],Observatory Station Code: BNG
['Observatory Station Code: BGY'],Observatory Station Code: BGY
['Baranov Geophysical Observatory'],Baranov Geophysical Observatory
['Barentsburg Geophysical Observatory'],Barentsburg Geophysical Observatory
['Barrow Geophysical Observatory'],Barrow Geophysical Observatory
['BAS'],BAS
['Observatory Station Code: BMLS'],Observatory Station Code: BMLS
['BBSO'],BBSO
"['Bureau Central De Magnetisme Terrestre France', 'French National Magnetic Observatory']",Bureau Central De Magnetisme Terrestre France
"['Observatory Station Code: BJN', 'Bjørnøya']",Observatory Station Code: BJN
['Observatory Station Code: BJI'],Observatory Station Code: BJI
['Observatory Station Code: BMT'],Observatory Station Code: BMT
['Observatory Station Code: BLT'],Observatory Station Code: BLT
['Observatory Station Code: BEL'],Observatory Station Code: BEL
['Bennington Geophysical Observatory'],Bennington Geophysical Observatory
['Observatory Station Code: KGD'],Observatory Station Code: KGD
['Bettles Geophysical Observatory'],Bettles Geophysical Observatory
['British Geological Survey'],British Geological Survey
['Observatory Station Code: BDE'],Observatory Station Code: BDE
['Observatory Station Code: BJN'],Observatory Station Code: BJN
['Bjornoya Geophysical Observatory'],Bjornoya Geophysical Observatory
['Observatory Station Code: BFO'],Observatory Station Code: BFO
['Observatory Station Code: BOX'],Observatory Station Code: BOX
['Boulder Geophysical Observatory'],Boulder Geophysical Observatory
['Brorfelde Geophysical Observatory'],Brorfelde Geophysical Observatory
['Observatory Station Code: BDV'],Observatory Station Code: BDV
['Observatory Station Code: BRT'],Observatory Station Code: BRT
['Observatory Station Code: BYR'],Observatory Station Code: BYR
['Cambridge Bay Geophysical Observatory'],Cambridge Bay Geophysical Observatory
['CANMOS'],CANMOS
"['Canadian Auroral Network for the OPEN (Origins of Plasmas in Earth°s Neighborhood) Program Unified Study', 'CARISMA', 'Canadian Array for Realtime Investigations of Magnetic Activity']",Canadian Auroral Network for the OPEN (Origins of Plasmas in Earth°s Neighborhood) Program Unified Study
['Observatory Station Code: CCS'],Observatory Station Code: CCS
['Cape Dorset Geophysical Observatory'],Cape Dorset Geophysical Observatory
['Observatory Station Code: CTO'],Observatory Station Code: CTO
"['Observatory Station Code: CWE', 'Uelen']",Observatory Station Code: CWE
"['Canadian Auroral Network for the OPEN (Origins of Plasmas in Earth°s Neighborhood) Program Unified Study', 'Canadian Array for Realtime Investigations of Magnetic Activity', 'CANOPUS']",Canadian Auroral Network for the OPEN (Origins of Plasmas in Earth°s Neighborhood) Program Unified Study
['Observatory Station Code: CAX'],Observatory Station Code: CAX
['Carson City Geophysical Observatory'],Carson City Geophysical Observatory
['Observatory Station Code: CAO'],Observatory Station Code: CAO
['Observatory Station Code: HVN'],Observatory Station Code: HVN
"['Observatory Station Code: CPA', 'Sapa']",Observatory Station Code: CPA
['Observatory Station Code: CLF'],Observatory Station Code: CLF
"['Observatory Station Code: CNH', 'Helong']",Observatory Station Code: CNH
['Observatory Station Code: CTX'],Observatory Station Code: CTX
['Observatory Station Code: CTA'],Observatory Station Code: CTA
['Observatory Station Code: CLH'],Observatory Station Code: CLH
['Observatory Station Code: CDP'],Observatory Station Code: CDP
['Chibougamau Geophysical Observatory'],Chibougamau Geophysical Observatory
['Observatory Station Code: CHBG'],Observatory Station Code: CHBG
['Observatory Station Code: CBI'],Observatory Station Code: CBI
['Clyde River Geophysical Observatory'],Clyde River Geophysical Observatory
['Observatory Station Code: COI'],Observatory Station Code: COI
['College Geophysical Observatory'],College Geophysical Observatory
['Colville National Forest Geophysical Observatory'],Colville National Forest Geophysical Observatory
['Observatory Station Code: CHBR'],Observatory Station Code: CHBR
['CTIO'],CTIO
['Observatory Station Code: DAL'],Observatory Station Code: DAL
['Daneborg Geophysical Observatory'],Daneborg Geophysical Observatory
['Danmarkshavn Geophysical Observatory'],Danmarkshavn Geophysical Observatory
['Observatory Station Code: DAV'],Observatory Station Code: DAV
['Observatory Station Code: DBN'],Observatory Station Code: DBN
['Dead Horse Geophysical Observatory'],Dead Horse Geophysical Observatory
['Dededo Geophysical Observatory'],Dededo Geophysical Observatory
['Observatory Station Code: DLR'],Observatory Station Code: DLR
['Derby Geophysical Observatory'],Derby Geophysical Observatory
['Dikson Geophysical Observatory'],Dikson Geophysical Observatory
['Dombas Geophysical Observatory'],Dombas Geophysical Observatory
['Observatory Station Code: DMC'],Observatory Station Code: DMC
['Donna Geophysical Observatory'],Donna Geophysical Observatory
['Observatory Station Code: DOU'],Observatory Station Code: DOU
['DTU'],DTU
['Observatory Station Code: DRV'],Observatory Station Code: DRV
"['Observatory Station Code: TFS', 'Tblisi']",Observatory Station Code: TFS
['Observatory Station Code: KIV'],Observatory Station Code: KIV
['Eagle Geophysical Observatory'],Eagle Geophysical Observatory
['Observatory Station Code: EIC'],Observatory Station Code: EIC
['Observatory Station Code: EBR'],Observatory Station Code: EBR
['Observatory Station Code: EGS'],Observatory Station Code: EGS
['Observatory Station Code: ELT'],Observatory Station Code: ELT
['Observatory Station Code: EKT'],Observatory Station Code: EKT
['Observatory Station Code: EKAT'],Observatory Station Code: EKAT
['Observatory Station Code: ESA'],Observatory Station Code: ESA
['Observatory Station Code: ESK'],Observatory Station Code: ESK
['Observatory Station Code: ETT'],Observatory Station Code: ETT
['Observatory Station Code: EYR'],Observatory Station Code: EYR
['Observatory Station Code: FAN'],Observatory Station Code: FAN
"['Observatory Station Code: AIA', 'Argentine Island']",Observatory Station Code: AIA
"['Flin Flon Vector Magnetic Field 0.5 s Data Geophysical Observatory', 'Observatory Station Code: TPAS', 'The Pas']",Flin Flon Vector Magnetic Field 0.5 s Data Geophysical Observatory
['Observatory Station Code: FCC'],Observatory Station Code: FCC
['Observatory Station Code: FCHU'],Observatory Station Code: FCHU
['Observatory Station Code: FTN'],Observatory Station Code: FTN
['Observatory Station Code: FRA'],Observatory Station Code: FRA
['Observatory Station Code: FSIM'],Observatory Station Code: FSIM
['Observatory Station Code: FSMI'],Observatory Station Code: FSMI
['Observatory Station Code: FSJ'],Observatory Station Code: FSJ
['Observatory Station Code: FYTS'],Observatory Station Code: FYTS
['Observatory Station Code: FYKN'],Observatory Station Code: FYKN
['Observatory Station Code: FRD'],Observatory Station Code: FRD
['Observatory Station Code: FTN'],Observatory Station Code: FTN
['Observatory Station Code: FRN'],Observatory Station Code: FRN
['Observatory Station Code: FUQ'],Observatory Station Code: FUQ
['Observatory Station Code: FUR'],Observatory Station Code: FUR
['GA'],GA
['Observatory Station Code: GAKO'],Observatory Station Code: GAKO
['GCRAS'],GCRAS
"['German Research Centre for Geosciences', 'GFZ']",German Research Centre for Geosciences
['Observatory Station Code: GILL'],Observatory Station Code: GILL
['GIMA'],GIMA
['Observatory Station Code: GJOA'],Observatory Station Code: GJOA
['Observatory Station Code: GLN'],Observatory Station Code: GLN
['Observatory Station Code: GLYN'],Observatory Station Code: GLYN
['THEMIS-Associated Ground Magnetometer Stations'],THEMIS-Associated Ground Magnetometer Stations
['Observatory Station Code: GNA'],Observatory Station Code: GNA
['Observatory Station Code: GLM'],Observatory Station Code: GLM
['Observatory Station Code: GBAY'],Observatory Station Code: GBAY
['Observatory Station Code: VLA'],Observatory Station Code: VLA
['Observatory Station Code: GRM'],Observatory Station Code: GRM
['Observatory Station Code: GWC'],Observatory Station Code: GWC
['Observatory Station Code: GCK'],Observatory Station Code: GCK
['Observatory Station Code: GUA'],Observatory Station Code: GUA
['Observatory Station Code: GZH'],Observatory Station Code: GZH
['Observatory Station Code: GUI'],Observatory Station Code: GUI
['Observatory Station Code: HBA'],Observatory Station Code: HBA
['Hankasalmi Geophysical Observatory'],Hankasalmi Geophysical Observatory
['Observatory Station Code: HRIS'],Observatory Station Code: HRIS
['Observatory Station Code: HBK'],Observatory Station Code: HBK
['Observatory Station Code: HAD'],Observatory Station Code: HAD
['Observatory Station Code: HTY'],Observatory Station Code: HTY
['Observatory Station Code: HIS'],Observatory Station Code: HIS
['Observatory Station Code: HLP'],Observatory Station Code: HLP
['Observatory Station Code: HLW'],Observatory Station Code: HLW
['Observatory Station Code: HER'],Observatory Station Code: HER
['Observatory Station Code: HNA'],Observatory Station Code: HNA
['Observatory Station Code: HOMR'],Observatory Station Code: HOMR
['Observatory Station Code: HON'],Observatory Station Code: HON
['Observatory Station Code: HOP'],Observatory Station Code: HOP
['Observatory Station Code: HRP'],Observatory Station Code: HRP
['Observatory Station Code: HRN'],Observatory Station Code: HRN
['Observatory Station Code: HOTS'],Observatory Station Code: HOTS
['Hov Faroe Islands Geophysical Observatory'],Hov Faroe Islands Geophysical Observatory
['Observatory Station Code: HUA'],Observatory Station Code: HUA
['Observatory Station Code: HRB'],Observatory Station Code: HRB
['Observatory Station Code: HYB'],Observatory Station Code: HYB
['Observatory Station Code: IBD'],Observatory Station Code: IBD
['Observatory Station Code: IGLO'],Observatory Station Code: IGLO
['IIG'],IIG
['IMAGE'],IMAGE
['International Real-time Magnetic Observatory Network'],International Real-time Magnetic Observatory Network
['Observatory Station Code: INUK'],Observatory Station Code: INUK
['Observatory Station Code: INUV'],Observatory Station Code: INUV
['Observatory Station Code: IQA'],Observatory Station Code: IQA
['Observatory Station Code: ISK'],Observatory Station Code: ISK
['Observatory Station Code: SCO'],Observatory Station Code: SCO
['Observatory Station Code: IVA'],Observatory Station Code: IVA
['Observatory Station Code: IZN'],Observatory Station Code: IZN
['Observatory Station Code: JCK'],Observatory Station Code: JCK
['Observatory Station Code: JAI'],Observatory Station Code: JAI
['Observatory Station Code: JAN'],Observatory Station Code: JAN
['Observatory Station Code: JRV'],Observatory Station Code: JRV
['Observatory Station Code: JCO'],Observatory Station Code: JCO
['Observatory Station Code: KDU'],Observatory Station Code: KDU
['Observatory Station Code: KAK'],Observatory Station Code: KAK
['Observatory Station Code: KAKO'],Observatory Station Code: KAKO
['Observatory Station Code: STF'],Observatory Station Code: STF
['Observatory Station Code: KNY'],Observatory Station Code: KNY
['Observatory Station Code: KNZ'],Observatory Station Code: KNZ
['Observatory Station Code: KAPU'],Observatory Station Code: KAPU
['Observatory Station Code: KRC'],Observatory Station Code: KRC
['Karmoy Geophysical Observatory'],Karmoy Geophysical Observatory
['Observatory Station Code: KSH'],Observatory Station Code: KSH
['Observatory Station Code: KMH'],Observatory Station Code: KMH
['Observatory Station Code: KENA'],Observatory Station Code: KENA
['Observatory Station Code: KEV'],Observatory Station Code: KEV
['Observatory Station Code: KIAN'],Observatory Station Code: KIAN
['Observatory Station Code: KIL'],Observatory Station Code: KIL
['Observatory Station Code: KIR'],Observatory Station Code: KIR
['Observatory Station Code: KOD'],Observatory Station Code: KOD
['Observatory Station Code: KODK'],Observatory Station Code: KODK
['Observatory Station Code: KOR'],Observatory Station Code: KOR
['Observatory Station Code: KOU'],Observatory Station Code: KOU
"['Observatory Station Code: MOS', 'Moscow']",Observatory Station Code: MOS
['Observatory Station Code: KUV'],Observatory Station Code: KUV
['Observatory Station Code: KUUJ'],Observatory Station Code: KUUJ
['Observatory Station Code: KJPK'],Observatory Station Code: KJPK
['Observatory Station Code: AQU'],Observatory Station Code: AQU
['Observatory Station Code: LPB'],Observatory Station Code: LPB
['Observatory Station Code: LQA'],Observatory Station Code: LQA
['Observatory Station Code: LRG'],Observatory Station Code: LRG
['Observatory Station Code: LZH'],Observatory Station Code: LZH
"['Observatory Station Code: TEN', 'Tenerife']",Observatory Station Code: TEN
['Observatory Station Code: LREL'],Observatory Station Code: LREL
['Observatory Station Code: LDV'],Observatory Station Code: LDV
['Learmonth'],Learmonth
['Leirvogur Geophysical Observatory'],Leirvogur Geophysical Observatory
['Observatory Station Code: LEN'],Observatory Station Code: LEN
['Observatory Station Code: LER'],Observatory Station Code: LER
['Observatory Station Code: LETH'],Observatory Station Code: LETH
['Observatory Station Code: LRES'],Observatory Station Code: LRES
['Observatory Station Code: LAA'],Observatory Station Code: LAA
['Observatory Station Code: LIV'],Observatory Station Code: LIV
['Observatory Station Code: LGR'],Observatory Station Code: LGR
['Observatory Station Code: LYR'],Observatory Station Code: LYR
['Observatory Station Code: MMK'],Observatory Station Code: MMK
['Observatory Station Code: LOV'],Observatory Station Code: LOV
['Observatory Station Code: LOZ'],Observatory Station Code: LOZ
['Observatory Station Code: LOYS'],Observatory Station Code: LOYS
['Observatory Station Code: LUA'],Observatory Station Code: LUA
['Observatory Station Code: LCL'],Observatory Station Code: LCL
['Observatory Station Code: LNP'],Observatory Station Code: LNP
['Observatory Station Code: LVV'],Observatory Station Code: LVV
['Observatory Station Code: LWI'],Observatory Station Code: LWI
['Observatory Station Code: LYC'],Observatory Station Code: LYC
['Observatory Station Code: LYFD'],Observatory Station Code: LYFD
['MACCS'],MACCS
['Observatory Station Code: MAB'],Observatory Station Code: MAB
['Observatory Station Code: SKT'],Observatory Station Code: SKT
['Observatory Station Code: MZL'],Observatory Station Code: MZL
['Observatory Station Code: LMM'],Observatory Station Code: LMM
['Observatory Station Code: MRN'],Observatory Station Code: MRN
['Observatory Station Code: AMS'],Observatory Station Code: AMS
['Observatory Station Code: MAS'],Observatory Station Code: MAS
['Mauna Loa Solar Observatory'],Mauna Loa Solar Observatory
['Observatory Station Code: MBO'],Observatory Station Code: MBO
['Observatory Station Code: MCGR'],Observatory Station Code: MCGR
"['Mid-continent Magnetoseismic Chain, McMAC, Observatory Chain']","Mid-continent Magnetoseismic Chain, McMAC, Observatory Chain"
['Observatory Station Code: MEA'],Observatory Station Code: MEA
['Observatory Station Code: MEK'],Observatory Station Code: MEK
['Observatory Station Code: MMB'],Observatory Station Code: MMB
['Observatory Station Code: MID'],Observatory Station Code: MID
['Observatory Station Code: MIR'],Observatory Station Code: MIR
['Observatory Station Code: MLT'],Observatory Station Code: MLT
['Observatory Station Code: MIZ'],Observatory Station Code: MIZ
['Observatory Station Code: MFP'],Observatory Station Code: MFP
['Observatory Station Code: MOL'],Observatory Station Code: MOL
['Observatory Station Code: MCP'],Observatory Station Code: MCP
['Observatory Station Code: MBC'],Observatory Station Code: MBC
['Observatory Station Code: MUT'],Observatory Station Code: MUT
['Observatory Station Code: Muo'],Observatory Station Code: Muo
['Observatory Station Code: MUB'],Observatory Station Code: MUB
['Near Conjugate Northern Auroral Electrojet Index'],Near Conjugate Northern Auroral Electrojet Index
['Observatory Station Code: NGP'],Observatory Station Code: NGP
['Observatory Station Code: NCK'],Observatory Station Code: NCK
['Observatory Station Code: NAIN'],Observatory Station Code: NAIN
['Observatory Station Code: NAI'],Observatory Station Code: NAI
['Observatory Station Code: NMP'],Observatory Station Code: NMP
['Observatory Station Code: NRSQ'],Observatory Station Code: NRSQ
['Observatory Station Code: BSL'],Observatory Station Code: BSL
['Observatory Station Code: VNA'],Observatory Station Code: VNA
['Observatory Station Code: NEW'],Observatory Station Code: NEW
['Observatory Station Code: NGK'],Observatory Station Code: NGK
['Observatory Station Code: NRD'],Observatory Station Code: NRD
['Observatory Station Code: NOR'],Observatory Station Code: NOR
['Observatory Station Code: NWS'],Observatory Station Code: NWS
['Observatory Station Code: NKK'],Observatory Station Code: NKK
['Observatory Station Code: NVL'],Observatory Station Code: NVL
"['Observatory Station Code: NVS', 'Klyuchi']",Observatory Station Code: NVS
['Observatory Station Code: NUR'],Observatory Station Code: NUR
"['Godthap Vector Magnetic Field 1.0 min Data Geophysical Observatory', 'Observatory Station Code: GHB']",Godthap Vector Magnetic Field 1.0 min Data Geophysical Observatory
['Observatory Station Code: NAL'],Observatory Station Code: NAL
['Observatory Station Code: NAL'],Observatory Station Code: NAL
['Observatory Station Code: OAS'],Observatory Station Code: OAS
['Observatory Station Code: OTT'],Observatory Station Code: OTT
['Observatory Station Code: OUJ'],Observatory Station Code: OUJ
"['Frederikshap Vector Magnetic Field 1.0 min Data Geophysical Observatory', 'Observatory Station Code: FHB']",Frederikshap Vector Magnetic Field 1.0 min Data Geophysical Observatory
"['Observatory Station Code: PPT', 'Papeete']",Observatory Station Code: PPT
['Observatory Station Code: PAG'],Observatory Station Code: PAG
['Observatory Station Code: PANG'],Observatory Station Code: PANG
['Observatory Station Code: PAB'],Observatory Station Code: PAB
"['Observatory Station Code: PET', 'Petropavlovsk']",Observatory Station Code: PET
['Observatory Station Code: PSM'],Observatory Station Code: PSM
['Observatory Station Code: PKS'],Observatory Station Code: PKS
['Observatory Station Code: IRT'],Observatory Station Code: IRT
"['Observatory Station Code: PEG', 'Penteli']",Observatory Station Code: PEG
['Observatory Station Code: PEL'],Observatory Station Code: PEL
['Observatory Station Code: PEB'],Observatory Station Code: PEB
['Polar Experimental Network for Geospace Upper atmosphere Investigations'],Polar Experimental Network for Geospace Upper atmosphere Investigations
['Observatory Station Code: PG0'],Observatory Station Code: PG0
['Observatory Station Code: PG1'],Observatory Station Code: PG1
['Observatory Station Code: PG2'],Observatory Station Code: PG2
['Observatory Station Code: PG3'],Observatory Station Code: PG3
['Observatory Station Code: PG4'],Observatory Station Code: PG4
['Observatory Station Code: PG5'],Observatory Station Code: PG5
['Observatory Station Code: PTRS'],Observatory Station Code: PTRS
['Observatory Station Code: PBK'],Observatory Station Code: PBK
['Observatory Station Code: PHU'],Observatory Station Code: PHU
['Observatory Station Code: PIL'],Observatory Station Code: PIL
['Observatory Station Code: PINA'],Observatory Station Code: PINA
['Observatory Station Code: PINE'],Observatory Station Code: PINE
['Observatory Station Code: PIO'],Observatory Station Code: PIO
['Observatory Station Code: PTU'],Observatory Station Code: PTU
"['Observatory Station Code: MNK', 'Minsk']",Observatory Station Code: MNK
['Observatory Station Code: POD'],Observatory Station Code: POD
['Observatory Station Code: POKR'],Observatory Station Code: POKR
['Observatory Station Code: PND'],Observatory Station Code: PND
['Observatory Station Code: CZT'],Observatory Station Code: CZT
['Observatory Station Code: PAF'],Observatory Station Code: PAF
['Observatory Station Code: PST'],Observatory Station Code: PST
['Observatory Station Code: PBQ'],Observatory Station Code: PBQ
['Observatory Station Code: PCU'],Observatory Station Code: PCU
['Observatory Station Code: ROTH'],Observatory Station Code: ROTH
['Observatory Station Code: PGEO'],Observatory Station Code: PGEO
['Observatory Station Code: PRU'],Observatory Station Code: PRU
['Observatory Station Code: PBLO'],Observatory Station Code: PBLO
['Observatory Station Code: PCEL'],Observatory Station Code: PCEL
['Observatory Station Code: PUVR'],Observatory Station Code: PUVR
"['Observatory Station Code: THL', 'Thule Geophysical Observatory']",Observatory Station Code: THL
"['Godhavn Geophysical Observatory', 'Observatory Station Code: GDH']",Godhavn Geophysical Observatory
['Observatory Station Code: QIX'],Observatory Station Code: QIX
['Observatory Station Code: QGZ'],Observatory Station Code: QGZ
['Observatory Station Code: QSB'],Observatory Station Code: QSB
['Observatory Station Code: QZH'],Observatory Station Code: QZH
['Observatory Station Code: QUE'],Observatory Station Code: QUE
['Radisson Geophysical Observatory'],Radisson Geophysical Observatory
['RAM'],RAM
['Observatory Station Code: RANK'],Observatory Station Code: RANK
['Observatory Station Code: RAN'],Observatory Station Code: RAN
['Observatory Station Code: REDR'],Observatory Station Code: REDR
['Observatory Station Code: RMUS'],Observatory Station Code: RMUS
['Observatory Station Code: RBAY'],Observatory Station Code: RBAY
['Observatory Station Code: RES'],Observatory Station Code: RES
['Observatory Station Code: RICH'],Observatory Station Code: RICH
['Observatory Station Code: ROB'],Observatory Station Code: ROB
['Observatory Station Code: ROE'],Observatory Station Code: ROE
['Observatory Station Code: RBD'],Observatory Station Code: RBD
['Romo Geophysical Observatory'],Romo Geophysical Observatory
['Observatory Station Code: RVK'],Observatory Station Code: RVK
['Observatory Station Code: RSV'],Observatory Station Code: RSV
['Observatory Station Code: SAB'],Observatory Station Code: SAB
['Observatory Station Code: SBL'],Observatory Station Code: SBL
['Southern Auroral Electrojet Index'],Southern Auroral Electrojet Index
['Observatory Station Code: STFL'],Observatory Station Code: STFL
['Observatory Station Code: STJ'],Observatory Station Code: STJ
['Observatory Station Code: SALU'],Observatory Station Code: SALU
"['Chain of ground stations in the SAMBA Array.', 'SAMBA Ground Observatory Group']",Chain of ground stations in the SAMBA Array.
['Antofagasta'],Antofagasta
['Escudero'],Escudero
['La Serena'],La Serena
['Los Cerrillos'],Los Cerrillos
"[""O'Higgins""]",O'Higgins
['Osorno'],Osorno
['Puerto Natales'],Puerto Natales
['Punta Arenas'],Punta Arenas
['Putre'],Putre
['Valdivia'],Valdivia
['Observatory Station Code: SATX'],Observatory Station Code: SATX
['Observatory Station Code: SFS'],Observatory Station Code: SFS
['Observatory Station Code: SJG'],Observatory Station Code: SJG
['Observatory Station Code: SPT'],Observatory Station Code: SPT
['Observatory Station Code: SNA'],Observatory Station Code: SNA
['Observatory Station Code: SNKQ'],Observatory Station Code: SNKQ
['Observatory Station Code: SMG'],Observatory Station Code: SMG
['Observatory Station Code: SVS'],Observatory Station Code: SVS
['Observatory Station Code: SCHF'],Observatory Station Code: SCHF
['Observatory Station Code: SCO'],Observatory Station Code: SCO
['Observatory Station Code: SEPT'],Observatory Station Code: SEPT
['Observatory Station Code: SWNO'],Observatory Station Code: SWNO
"['Observatory Station Code: SSH', 'Zo-Se']",Observatory Station Code: SSH
['Observatory Station Code: SHL'],Observatory Station Code: SHL
['Observatory Station Code: SHU'],Observatory Station Code: SHU
['Observatory Station Code: SIL'],Observatory Station Code: SIL
['Observatory Station Code: SSO'],Observatory Station Code: SSO
['Observatory Station Code: SIT'],Observatory Station Code: SIT
['Observatory Station Code: SNAP'],Observatory Station Code: SNAP
['Observatory Station Code: SOD'],Observatory Station Code: SOD
['Observatory Station Code: SOL'],Observatory Station Code: SOL
['Observatory Station Code: SOR'],Observatory Station Code: SOR
"['Observatory Station Code: SGE', 'Grytviken']",Observatory Station Code: SGE
['Observatory Station Code: SPA'],Observatory Station Code: SPA
['Observatory Station Code: STJ'],Observatory Station Code: STJ
['Observatory Station Code: STFD'],Observatory Station Code: STFD
"['Observatory Station Code: MGD', 'Magadan']",Observatory Station Code: MGD
"['Observatory Station Code: BSL', 'Bay St. Louis']",Observatory Station Code: BSL
"['Solar Terrestrial Energy Program', 'Solar-Terrestrial Energy Program, STEP, Polar Network', 'UAPM', 'Upper Atmospheric Monitoring Program']",Solar Terrestrial Energy Program
['Observatory Station Code: ODE'],Observatory Station Code: ODE
['Observatory Station Code: STO'],Observatory Station Code: STO
['Observatory Station Code: SKT'],Observatory Station Code: SKT
['Observatory Station Code: SUM'],Observatory Station Code: SUM
['Observatory Station Code: SUA'],Observatory Station Code: SUA
['Observatory Station Code: SWI'],Observatory Station Code: SWI
['Observatory Station Code: TAH'],Observatory Station Code: TAH
['Observatory Station Code: TAL'],Observatory Station Code: TAL
['Observatory Station Code: TAM'],Observatory Station Code: TAM
['Observatory Station Code: TNG'],Observatory Station Code: TNG
['Observatory Station Code: TAR'],Observatory Station Code: TAR
['Tasiilaq Geophysical Observatory'],Tasiilaq Geophysical Observatory
['Observatory Station Code: TTB'],Observatory Station Code: TTB
['Observatory Station Code: TEH'],Observatory Station Code: TEH
['TEIDE Observatory'],TEIDE Observatory
['Observatory Station Code: TEO'],Observatory Station Code: TEO
['TGO'],TGO
"['Observatory Station Code: TPAS', 'Flin Flon']",Observatory Station Code: TPAS
['Observatory Station Code: TAB'],Observatory Station Code: TAB
['Observatory Station Code: THY'],Observatory Station Code: THY
['Observatory Station Code: TKH'],Observatory Station Code: TKH
['Observatory Station Code: TIK'],Observatory Station Code: TIK
['Observatory Station Code: TIR'],Observatory Station Code: TIR
['Observatory Station Code: TOK'],Observatory Station Code: TOK
['Observatory Station Code: TOL'],Observatory Station Code: TOL
['Observatory Station Code: TMK'],Observatory Station Code: TMK
['Observatory Station Code: TND'],Observatory Station Code: TND
['Observatory Station Code: THJ'],Observatory Station Code: THJ
['Observatory Station Code: TOO'],Observatory Station Code: TOO
['Toolik Lake Geophysical Observatory'],Toolik Lake Geophysical Observatory
['Trapper Creek Geophysical Observatory'],Trapper Creek Geophysical Observatory
['Observatory Station Code: TRW'],Observatory Station Code: TRW
['Observatory Station Code: TDC'],Observatory Station Code: TDC
['Observatory Station Code: TRD'],Observatory Station Code: TRD
"['Tromso Geophysical Observatory', 'Observatory Station Code: TRO']",Tromso Geophysical Observatory
['Observatory Station Code: TSU'],Observatory Station Code: TSU
['Observatory Station Code: TUC'],Observatory Station Code: TUC
['Observatory Station Code: TUN'],Observatory Station Code: TUN
"['Solar-Terrestrial Energy Program, STEP, Polar Network', 'Upper Atmospheric Monitoring Program', 'STEP']","Solar-Terrestrial Energy Program, STEP, Polar Network"
['Udaipur'],Udaipur
['Observatory Station Code: UJJ'],Observatory Station Code: UJJ
['Observatory Station Code: UKIA'],Observatory Station Code: UKIA
['Observatory Station Code: UBA'],Observatory Station Code: UBA
['Upernavik Geophysical Observatory'],Upernavik Geophysical Observatory
"['Observatory Station Code: UPS', 'Fiby']",Observatory Station Code: UPS
['USGA'],USGA
['Observatory Station Code: UPS'],Observatory Station Code: UPS
['Observatory Station Code: VLDR'],Observatory Station Code: VLDR
['Observatory Station Code: VLJ'],Observatory Station Code: VLJ
['Observatory Station Code: VAL'],Observatory Station Code: VAL
['Observatory Station Code: VSS'],Observatory Station Code: VSS
['Observatory Station Code: VIC'],Observatory Station Code: VIC
['Observatory Station Code: VQS'],Observatory Station Code: VQS
['Observatory Station Code: VSK'],Observatory Station Code: VSK
['Observatory Station Code: VIZ'],Observatory Station Code: VIZ
"['Observatory Station Code: LNN', 'Leningrad']",Observatory Station Code: LNN
['Observatory Station Code: VOS'],Observatory Station Code: VOS
['Observatory Station Code: SVD'],Observatory Station Code: SVD
['Observatory Station Code: WLPS'],Observatory Station Code: WLPS
"['WDC Ground Observatories', 'WDC']",WDC Ground Observatories
['Observatory Station Code: WHIT'],Observatory Station Code: WHIT
['Observatory Station Code: WHS'],Observatory Station Code: WHS
['Observatory Station Code: WHS'],Observatory Station Code: WHS
['Observatory Station Code: WIA'],Observatory Station Code: WIA
['Observatory Station Code: WIK'],Observatory Station Code: WIK
['Observatory Station Code: WIL'],Observatory Station Code: WIL
['Observatory Station Code: WNG'],Observatory Station Code: WNG
['Observatory Station Code: WIT'],Observatory Station Code: WIT
['Observatory Station Code: WRTH'],Observatory Station Code: WRTH
['Observatory Station Code: WHN'],Observatory Station Code: WHN
['Observatory Station Code: YAK'],Observatory Station Code: YAK
"['Observatory Station Code: TKT', 'Tashkent']",Observatory Station Code: TKT
"['Observatory Station Code: YKNF', 'Observatory Station Code: YKC']",Observatory Station Code: YKNF
['Observatory Station Code: YSS'],Observatory Station Code: YSS
['Observatory Station Code: KZN'],Observatory Station Code: KZN
['HANET Observatory Network'],HANET Observatory Network
"['Neutral Point Explorer', 'Hawkeye 1', 'Injun-F', 'Explorer 52']",Neutral Point Explorer
['Helios Mission'],Helios Mission
['Helios-A'],Helios-A
['Helios-B'],Helios-B
['HEO-1'],HEO-1
['HEO-2'],HEO-2
['HEO-3'],HEO-3
['Heliophysics Environmental and Radiation Measurement Experiment Suite (HERMES)'],Heliophysics Environmental and Radiation Measurement Experiment Suite (HERMES)
['Hinode'],Hinode
"['Astronomical Satellite-A', '1981-017A', 'ASTRO-A']",Astronomical Satellite-A
['International Association of Geomagnetism and Aeronomy'],International Association of Geomagnetism and Aeronomy
"['Aberystwyth', 'IAGA:AWY']",Aberystwyth
"['IAGA:ABN', 'Abinger']",IAGA:ABN
"['IAGA:ABK', 'Abisko']",IAGA:ABK
"['IAGA:ACR', 'Accra']",IAGA:ACR
"['IAGA:ADA', 'Adak']",IAGA:ADA
"['Addis.Ababa', 'IAGA:AAE']",Addis.Ababa
"['Adelaide', 'IAGA:ADE']",Adelaide
"['IAGA:AED', 'Aedey']",IAGA:AED
"['Agincourt', 'IAGA:AGN']",Agincourt
"['Ahmedabad', 'IAGA:AHM']",Ahmedabad
"['IAGA:ALE', 'Alert']",IAGA:ALE
"['Alger.Island', 'IAGA:ALG']",Alger.Island
"['IAGA:ABG', 'Alibag']",IAGA:ABG
"['Alice.Springs', 'IAGA:ASP']",Alice.Springs
"['Allahabad', 'IAGA:ALH']",Allahabad
"['Alma.Ata', 'IAGA:AAA']",Alma.Ata
"['IAGA:ALM', 'Almeria']",IAGA:ALM
"['Aloushta', 'IAGA:ALU']",Aloushta
"['IAGA:AMT', 'Amatsia']",IAGA:AMT
"['Ambarnaya', 'IAGA:AMN']",Ambarnaya
"['Amberley', 'IAGA:AML']",Amberley
"['IAGA:AMD', 'Amderma']",IAGA:AMD
"['Anchorage', 'IAGA:AMU']",Anchorage
"['IAGA:ANC', 'Ancon']",IAGA:ANC
"['Andrews.AFB', 'IAGA:AWS']",Andrews.AFB
"['Angmakssalik', 'IAGA:AMK']",Angmakssalik
"['Angra.Do.Heroismo', 'IAGA:ANH']",Angra.Do.Heroismo
"['IAGA:ANK', 'Ankara']",IAGA:ANK
"['Annamalainagar', 'IAGA:ANN']",Annamalainagar
"['Antananarivo', 'IAGA:TAN']",Antananarivo
"['Antipolo', 'IAGA:ANO']",Antipolo
"['IAGA:APA', 'Apatity']",IAGA:APA
"['IAGA:API', 'Apia']",IAGA:API
"['Arctic.Ice.Flo', 'IAGA:AIF']",Arctic.Ice.Flo
"['Arctic.Village', 'IAGA:AVI']",Arctic.Village
"['Arctowski', 'IAGA:ARC']",Arctowski
"['Arequipa', 'IAGA:ARE']",Arequipa
"['Vernadski', 'IAGA:AIA']",Vernadski
"[""Arkhangel'Sk"", 'IAGA:ARK']",Arkhangel'Sk
"['IAGA:ARS', 'Arti']",IAGA:ARS
"['Ascension.Island', 'IAGA:ASC']",Ascension.Island
"['Vannovskaya', 'IAGA:ASH']",Vannovskaya
"['IAGA:ASO', 'Aso']",IAGA:ASO
"['Asuka.Station', 'IAGA:ASK']",Asuka.Station
"['IAGA:ATH', 'Athens']",IAGA:ATH
"['IAGA:AUT', 'Au-Tau']",IAGA:AUT
"['Auckland.Island', 'IAGA:AUI']",Auckland.Island
"['Averroes', 'IAGA:AVE']",Averroes
"['IAGA:BKC', 'Back']",IAGA:BKC
"['IAGA:BCL', 'Baclieu']",IAGA:BCL
"['Baffin.Island', 'IAGA:BFI']",Baffin.Island
"['IAGA:BGH', 'Baghdad']",IAGA:BGH
"['IAGA:BAG', 'Baguio']",IAGA:BAG
"['Baker.Lake', 'IAGA:BLC']",Baker.Lake
"['IAGA:BAL', 'Baldwin']",IAGA:BAL
"['IAGA:BKK', 'Bangkok']",IAGA:BKK
"['IAGA:BNG', 'Bangui']",IAGA:BNG
"['Bar.Gyora', 'IAGA:BGY']",Bar.Gyora
"['Barentsburg', 'IAGA:BBG']",Barentsburg
"['IAGA:BRN', 'Barnaul']",IAGA:BRN
"['Barrackpore', 'IAGA:BAP']",Barrackpore
"['IAGA:BRW', 'Barrow']",IAGA:BRW
"['Barter.Island', 'IAGA:BTI']",Barter.Island
"['IAGA:BAH', 'Barth']",IAGA:BAH
"['IAGA:BTV', 'Batavia']",IAGA:BTV
"['Bay.St.Louis', 'IAGA:BSL']",Bay.St.Louis
"['Bei-Jing', 'IAGA:BJI']",Bei-Jing
"['Beijing.Ming.Tombs', 'IAGA:BMT']",Beijing.Ming.Tombs
"['Beliy.Island', 'IAGA:BEY']",Beliy.Island
"['IAGA:BLT', 'Beloit']",IAGA:BLT
"['IAGA:BEL', 'Belsk']",IAGA:BEL
"['Karaganda', 'IAGA:KGD']",Karaganda
"['IAGA:BEU', 'Beuthen']",IAGA:BEU
"['Big.Delta', 'IAGA:BDE']",Big.Delta
"['IAGA:BIN', 'Binza']",IAGA:BIN
"['Bjornoya', 'IAGA:BJN']",Bjornoya
"['Black.Forest', 'IAGA:BFO']",Black.Forest
"['IAGA:BOC', 'Bochum']",IAGA:BOC
"['IAGA:BOD', 'Bodo']",IAGA:BOD
"['IAGA:BGA', 'Borga']",IAGA:BGA
"['IAGA:BOX', 'Borok']",IAGA:BOX
"['Bossekop', 'IAGA:BOP']",Bossekop
"['IAGA:BOU', 'Boulder']",IAGA:BOU
"['Bouzareah', 'IAGA:BZR']",Bouzareah
"['IAGA:BRE', 'Breslau']",IAGA:BRE
"['Brisbane', 'IAGA:BRS']",Brisbane
"['Brorfelde', 'IAGA:BFE']",Brorfelde
"['Bucharest', 'IAGA:BUC']",Bucharest
"['Budakeszi', 'IAGA:BUZ']",Budakeszi
"['Budapest', 'IAGA:BUP']",Budapest
"['IAGA:BDV', 'Budkov']",IAGA:BDV
"['IAGA:BNA', 'Bunia']",IAGA:BNA
"['Burlington', 'IAGA:BRT']",Burlington
"['Byrd.Station.1', 'IAGA:BYR']",Byrd.Station.1
"['Cachoeira.Paulista', 'IAGA:CHP']",Cachoeira.Paulista
"['Cambridge.Bay', 'IAGA:CBB']",Cambridge.Bay
"['Camp.Douglas', 'IAGA:CDS']",Camp.Douglas
"['Campbell.Island', 'IAGA:CAI']",Campbell.Island
"['Canberra', 'IAGA:CNB']",Canberra
"['Cap.Thordsen', 'IAGA:CTH']",Cap.Thordsen
"['Cape.Chelyuskin', 'IAGA:CCS']",Cape.Chelyuskin
"['Cape.Denison', 'IAGA:CDE']",Cape.Denison
"['Cape.Evans', 'IAGA:CEV']",Cape.Evans
"['Cape.Kamenniy', 'IAGA:CKA']",Cape.Kamenniy
"['Cape.Of.Good.Hope', 'IAGA:CGH']",Cape.Of.Good.Hope
"['Cape.Parry', 'IAGA:CPY']",Cape.Parry
"['Cape.Schmidt', 'IAGA:CPS']",Cape.Schmidt
"['Cape.Town', 'IAGA:CTO']",Cape.Town
"['Cape.Wellen', 'IAGA:CWE']",Cape.Wellen
"['Cape.Zhelania', 'IAGA:CZA']",Cape.Zhelania
"['Capodimonte', 'IAGA:CPD']",Capodimonte
"['IAGA:CPI', 'Capri']",IAGA:CPI
"['Carrollton', 'IAGA:CAX']",Carrollton
"['IAGA:CSY', 'Casey']",IAGA:CSY
"['IAGA:CSR', 'Casper']",IAGA:CSR
"['Castellaccio', 'IAGA:CAO']",Castellaccio
"['Castello.Tesino', 'IAGA:CTS']",Castello.Tesino
"['Castle.Rock', 'IAGA:CRC']",Castle.Rock
"['IAGA:CCP', 'Cebu']",IAGA:CCP
"['IAGA:CPA', 'Cha-Pa']",IAGA:CPA
"['Chambon.La.Foret', 'IAGA:CLF']",Chambon.La.Foret
"['Changchun', 'IAGA:CNH']",Changchun
"['IAGA:CTX', 'Charcot']",IAGA:CTX
"['Charters.Towers', 'IAGA:CTA']",Charters.Towers
"['Cheltenham', 'IAGA:CLH']",Cheltenham
"['IAGA:CDP', 'Chengdu']",IAGA:CDP
"['Chesterfield.Inlet', 'IAGA:CFI']",Chesterfield.Inlet
"['Chichijima', 'IAGA:CBI']",Chichijima
"['Chiclayo', 'IAGA:CCL']",Chiclayo
"['Chilbolton', 'IAGA:CLB']",Chilbolton
"['Chimbote', 'IAGA:CMB']",Chimbote
"['IAGA:CRP', 'Chiripa']",IAGA:CRP
"['Chittagong', 'IAGA:CHT']",Chittagong
"['Christchurch', 'IAGA:CHR']",Christchurch
"['Clausthal', 'IAGA:CLZ']",Clausthal
"['IAGA:CLI', 'Climax']",IAGA:CLI
"['IAGA:COI', 'Coimbra']",IAGA:COI
"['IAGA:CLA', 'Colaba']",IAGA:CLA
"['IAGA:CMO', 'College']",IAGA:CMO
"['Collmberg', 'IAGA:CLL']",Collmberg
"['Colorado.Springs', 'IAGA:CSS']",Colorado.Springs
"['Copenhagen', 'IAGA:COP']",Copenhagen
"['Port.Alfred', 'IAGA:CZT']",Port.Alfred
"['Cuajimalpa', 'IAGA:CUA']",Cuajimalpa
"['IAGA:CUS', 'Cuzco']",IAGA:CUS
"['IAGA:DLT', 'Dalat']",IAGA:DLT
"['IAGA:DLN', 'Dalian']",IAGA:DLN
"['IAGA:DAL', 'Dallas']",IAGA:DAL
"['Dar.Es.Salaam', 'IAGA:DRS']",Dar.Es.Salaam
"['IAGA:DAR', 'Darwin']",IAGA:DAR
"['IAGA:DAV', 'Davao']",IAGA:DAV
"['IAGA:DVS', 'Davis']",IAGA:DVS
"['IAGA:DBN', 'De.Bilt']",IAGA:DBN
"['Dehra.Dun', 'IAGA:DDI']",Dehra.Dun
"['IAGA:DEK', 'Dekelia']",IAGA:DEK
"['IAGA:DLR', 'Del.Rio']",IAGA:DLR
"['Discovery.Bay.North', 'IAGA:DIS']",Discovery.Bay.North
"['Discovery.Bay.South', 'IAGA:HUT']",Discovery.Bay.South
"['IAGA:DIK', 'Dixon']",IAGA:DIK
"['Djibouti', 'IAGA:DJI']",Djibouti
"['IAGA:DOB', 'Dombas']",IAGA:DOB
"['Dome.Concordia', 'IAGA:DMC']",Dome.Concordia
"['Dome.Fuji', 'IAGA:DMF']",Dome.Fuji
"['Donnersberg', 'IAGA:DNB']",Donnersberg
"['IAGA:DOU', 'Dourbes']",IAGA:DOU
"['IAGA:DUB', 'Dublin']",IAGA:DUB
"['Dumont.Durville', 'IAGA:DRV']",Dumont.Durville
"['IAGA:DUR', 'Durham']",IAGA:DUR
"['IAGA:TFS', 'Dusheti']",IAGA:TFS
"['IAGA:KIV', 'Dymer']",IAGA:KIV
"['East.Anglia', 'IAGA:EAA']",East.Anglia
"['Easter.Island', 'IAGA:EIC']",Easter.Island
"['Eastport', 'IAGA:ETP']",Eastport
"['IAGA:EBR', 'Ebro']",IAGA:EBR
"['Eielson.AFB', 'IAGA:ENB']",Eielson.AFB
"['Eights.Station', 'IAGA:EGS']",Eights.Station
"['IAGA:ELT', 'Eilat']",IAGA:ELT
"['El.Abiod.Sidi', 'IAGA:EAS']",El.Abiod.Sidi
"['Elizabethville', 'IAGA:ELI']",Elizabethville
"['Enkoping', 'IAGA:ENK']",Enkoping
"['IAGA:ESA', 'Esashi']",IAGA:ESA
"['Eskdalemuir', 'IAGA:ESK']",Eskdalemuir
"['Eskimo.Point', 'IAGA:EKP']",Eskimo.Point
"['Espanola', 'IAGA:EPN']",Espanola
"['IAGA:ETA', 'Etah']",IAGA:ETA
"['Etaiyapuram', 'IAGA:ETT']",Etaiyapuram
"['IAGA:EUA', 'Eureka']",IAGA:EUA
"['IAGA:EUS', 'Eusebio']",IAGA:EUS
"['Eyrewell', 'IAGA:EYR']",Eyrewell
"['Falmouth', 'IAGA:FAL']",Falmouth
"['Fanning.Island', 'IAGA:FAN']",Fanning.Island
"['Flensburg', 'IAGA:FLE']",Flensburg
"['Floeberg.Beach', 'IAGA:FLB']",Floeberg.Beach
"['Fort.Chipewyan', 'IAGA:FCP']",Fort.Chipewyan
"['Fort.Churchill.2', 'IAGA:FCC']",Fort.Churchill.2
"['Fort.Conger', 'IAGA:FCR']",Fort.Conger
"['Fort.Mcmurray', 'IAGA:FMM']",Fort.Mcmurray
"['Fort.Rae', 'IAGA:FRA']",Fort.Rae
"['Fort.Severn', 'IAGA:FSV']",Fort.Severn
"['Fort.Simpson', 'IAGA:FSP']",Fort.Simpson
"['Fort.Smith', 'IAGA:FSM']",Fort.Smith
"['Fort.Yukon', 'IAGA:FYU']",Fort.Yukon
"['Fredericksburg', 'IAGA:FRD']",Fredericksburg
"['Freetown', 'IAGA:FTN']",Freetown
"['Freiberg', 'IAGA:FRB']",Freiberg
"['IAGA:FRN', 'Fresno']",IAGA:FRN
"['IAGA:FUQ', 'Fuquene']",IAGA:FUQ
"['Furstenfeldbruck', 'IAGA:FUR']",Furstenfeldbruck
"['Gauss.Station', 'IAGA:GAS']",Gauss.Station
"['IAGA:GEL', 'Gelania']",IAGA:GEL
"['Genova.C', 'IAGA:GEN']",Genova.C
"['Genova.Monte.Capellino', 'IAGA:MCP']",Genova.Monte.Capellino
"['Georg.Von.Neumayer', 'IAGA:GVN']",Georg.Von.Neumayer
"['Gibilmanna', 'IAGA:GIB']",Gibilmanna
"['IAGA:GIT', 'Gilgit']",IAGA:GIT
"['IAGA:GIM', 'Gillam']",IAGA:GIM
"['Girardville', 'IAGA:GIR']",Girardville
"['Gjoahavn', 'IAGA:GJO']",Gjoahavn
"['IAGA:GLN', 'Glenlea']",IAGA:GLN
"['Gnangara', 'IAGA:GNA']",Gnangara
"['IAGA:GDH', 'Godhavn']",IAGA:GDH
"['Godthaab', 'IAGA:GHB']",Godthaab
"['IAGA:GLM', 'Golmud']",IAGA:GLM
"['Gonzales.Videla', 'IAGA:GVD']",Gonzales.Videla
"['Vladivostok', 'IAGA:VLA']",Vladivostok
"['Gottingen-1', 'IAGA:GOT']",Gottingen-1
"['Gottingen-2', 'IAGA:GTT']",Gottingen-2
"['Grahamstown', 'IAGA:GRM']",Grahamstown
"['Great.Wall.Station', 'IAGA:GTW']",Great.Wall.Station
"['Great.Whale.River', 'IAGA:GWC']",Great.Whale.River
"['Greenwich', 'IAGA:GRW']",Greenwich
"['IAGA:GCK', 'Grocka']",IAGA:GCK
"['Gross.Raum', 'IAGA:GRR']",Gross.Raum
"['Grytviken', 'IAGA:GTV']",Grytviken
"['IAGA:GUA', 'Guam']",IAGA:GUA
"['Guangzhou', 'IAGA:GZH']",Guangzhou
"['IAGA:GUI', 'Guimar']",IAGA:GUI
"['Hackney.Wick.1', 'IAGA:HWK']",Hackney.Wick.1
"['Hackney.Wick.2', 'IAGA:BYH']",Hackney.Wick.2
"['IAGA:HLL', 'Hallet']",IAGA:HLL
"['Halley.Bay', 'IAGA:HBA']",Halley.Bay
"['IAGA:HAM', 'Hamburg']",IAGA:HAM
"['Hankasalmi', 'IAGA:HAN']",Hankasalmi
"['Hartebeesthoek', 'IAGA:HBK']",Hartebeesthoek
"['Hartland', 'IAGA:HAD']",Hartland
"['IAGA:HTY', 'Hatizyo']",IAGA:HTY
"['IAGA:HVN', 'Havana']",IAGA:HVN
"['Hayriver', 'IAGA:HRI']",Hayriver
"['IAGA:HEA', 'Healy']",IAGA:HEA
"['Heard.Island', 'IAGA:HII']",Heard.Island
"['Heiss.Island', 'IAGA:HIS']",Heiss.Island
"['IAGA:HLP', 'Hel']",IAGA:HLP
"['Helsinki', 'IAGA:HLS']",Helsinki
"['IAGA:HLW', 'Helwan']",IAGA:HLW
"['Herchmer', 'IAGA:HCR']",Herchmer
"['Hermanus', 'IAGA:HER']",Hermanus
"['Hermsdorf', 'IAGA:HDF']",Hermsdorf
"['IAGA:HBT', 'Hobart']",IAGA:HBT
"['Hollandia', 'IAGA:HNA']",Hollandia
"['Holsteinsborg', 'IAGA:HST']",Holsteinsborg
"['Hong.Kong.1', 'IAGA:HKC']",Hong.Kong.1
"['Honolulu.1-2-3', 'IAGA:HON']",Honolulu.1-2-3
"['Hornsund', 'IAGA:HRN']",Hornsund
"['Huancayo', 'IAGA:HUA']",Huancayo
"['Hurbanovo', 'IAGA:HRB']",Hurbanovo
"['Husafell', 'IAGA:HUS']",Husafell
"['Hyderabad', 'IAGA:HYB']",Hyderabad
"['IAGA:IBD', 'Ibadan']",IAGA:IBD
"['IAGA:IIF', 'Ile-Ife']",IAGA:IIF
"['Inge.Lehmann', 'IAGA:ILN']",Inge.Lehmann
"['IAGA:INK', 'Inuvik']",IAGA:INK
"['IAGA:IQA', 'Iqaluit']",IAGA:IQA
"['Isachsen', 'IAGA:ISC']",Isachsen
"['Islamabad', 'IAGA:ISP']",Islamabad
"['Island.Lake', 'IAGA:ISL']",Island.Lake
"['Istanbul.Kandilly', 'IAGA:ISK']",Istanbul.Kandilly
"['IAGA:IVA', 'Ivalo']",IAGA:IVA
"['IAGA:IVI', 'Ivigtut']",IAGA:IVI
"['IAGA:IZN', 'Iznik']",IAGA:IZN
"['IAGA:JAI', 'Jaipur']",IAGA:JAI
"['IAGA:JAL', 'Jaluit']",IAGA:JAL
"['Jan.Mayen', 'IAGA:JMI']",Jan.Mayen
"['IAGA:YNV', 'Janow']",IAGA:YNV
"['Jarvis.Island', 'IAGA:JRV']",Jarvis.Island
"['IAGA:JSS', 'Jassy']",IAGA:JSS
"['Jekman.Island', 'IAGA:JKI']",Jekman.Island
"['Johnson.Point', 'IAGA:JOP']",Johnson.Point
"['Julianehaab', 'IAGA:JUL']",Julianehaab
"['IAGA:KDU', 'Kakadu']",IAGA:KDU
"['IAGA:KAK', 'Kakioka']",IAGA:KAK
"['Kaliningrad-1', 'IAGA:KLD']",Kaliningrad-1
"['Kaliningrad-2', 'IAGA:KNG']",Kaliningrad-2
"['Kamenniyj.Mys', 'IAGA:KAM']",Kamenniyj.Mys
"['Kandalaksha', 'IAGA:KND']",Kandalaksha
"['IAGA:KNY', 'Kanoya']",IAGA:KNY
"['IAGA:KNZ', 'Kanozan']",IAGA:KNZ
"['Kap.Tobin', 'IAGA:KTG']",Kap.Tobin
"['IAGA:KRC', 'Karachi']",IAGA:KRC
"['IAGA:KVA', 'Karavia']",IAGA:KVA
"['Karmakuli', 'IAGA:KAR']",Karmakuli
"['IAGA:KAS', 'Karsani']",IAGA:KAS
"['IAGA:KSH', 'Kashi']",IAGA:KSH
"['IAGA:KAT', 'Katuura']",IAGA:KAT
"['Keetmanshoop', 'IAGA:KEE']",Keetmanshoop
"['IAGA:KEL', 'Keles']",IAGA:KEL
"['IAGA:KEM', 'Kem']",IAGA:KEM
"['Kerguelen', 'IAGA:KGL']",Kerguelen
"['IAGA:KEW', 'Kew']",IAGA:KEW
"['Key.West', 'IAGA:KWT']",Key.West
"['Khabarovsk', 'IAGA:KHB']",Khabarovsk
"['Kharasavey', 'IAGA:KHS']",Kharasavey
"['IAGA:KIE', 'Kiel']",IAGA:KIE
"['King.George.Island', 'IAGA:KGI']",King.George.Island
"['King.Point', 'IAGA:KPT']",King.Point
"['Kinguafjord', 'IAGA:KGF']",Kinguafjord
"['IAGA:KIR', 'Kiruna']",IAGA:KIR
"['Klagenfurt', 'IAGA:KFT']",Klagenfurt
"['IAGA:KLY', 'Klyuchi']",IAGA:KLY
"['Kodaikanal', 'IAGA:KOD']",Kodaikanal
"['Kontagora', 'IAGA:KNT']",Kontagora
"['IAGA:KTS', 'Korets']",IAGA:KTS
"['IAGA:KOR', 'Koror']",IAGA:KOR
"['Kotzebue', 'IAGA:KOT']",Kotzebue
"['IAGA:KOU', 'Kourou']",IAGA:KOU
"['IAGA:CRA', 'Krakau']",IAGA:CRA
"['Krasnaya.Pakhra', 'IAGA:MOS']",Krasnaya.Pakhra
"['Kremsmunster', 'IAGA:KRE']",Kremsmunster
"['IAGA:KSA', 'Ksara']",IAGA:KSA
"['IAGA:KTC', 'Kuchino']",IAGA:KTC
"['IAGA:KUM', 'Kumasi']",IAGA:KUM
"['IAGA:KUP', 'Kupang']",IAGA:KUP
"['IAGA:KUY', 'Kuyper']",IAGA:KUY
"['Kwajalein', 'IAGA:KWJ']",Kwajalein
"['Kzil-Agach', 'IAGA:KZA']",Kzil-Agach
"['La.Maddalena', 'IAGA:LMD']",La.Maddalena
"['IAGA:LPB', 'La.Paz']",IAGA:LPB
"['La.Quiaca', 'IAGA:LQA']",La.Quiaca
"['Langenberg.And.Bochum', 'IAGA:BOC']",Langenberg.And.Bochum
"['IAGA:LZH', 'Lanzhou']",IAGA:LZH
"[""L'Aquila"", 'IAGA:AQU']",L'Aquila
"['Las.Acacias', 'IAGA:LAS']",Las.Acacias
"['IAGA:LAU', 'Lauder']",IAGA:LAU
"['IAGA:LZV', 'Lazarev']",IAGA:LZV
"['Leadville', 'IAGA:LDV']",Leadville
"['Learmonth', 'IAGA:LRM']",Learmonth
"['IAGA:LED', 'Leduc']",IAGA:LED
"['Leirvogur', 'IAGA:LRV']",Leirvogur
"['IAGA:LER', 'Lerwick']",IAGA:LER
"['IAGA:LSA', 'Lhasa']",IAGA:LSA
"['IAGA:LIS', 'Lisbon']",IAGA:LIS
"['Little.America', 'IAGA:LAA']",Little.America
"['Livingston.Island', 'IAGA:LIV']",Livingston.Island
"['IAGA:LGR', 'Logrono']",IAGA:LGR
"['IAGA:LOC', 'Lompoc']",IAGA:LOC
"['Murmansk', 'IAGA:MMK']",Murmansk
"['Loring.AFB', 'IAGA:LOB']",Loring.AFB
"['Los.Angeles', 'IAGA:LOS']",Los.Angeles
"['Lourenco.Marques', 'IAGA:LMM']",Lourenco.Marques
"['IAGA:LOV', 'Lovo']",IAGA:LOV
"['Lovozero', 'IAGA:LOZ']",Lovozero
"['IAGA:LUA', 'Luanda']",IAGA:LUA
"['IAGA:LUB', 'Lubeck']",IAGA:LUB
"['Lucky.Lake', 'IAGA:LUC']",Lucky.Lake
"['Lukiapang-1', 'IAGA:LKP']",Lukiapang-1
"['Lukiapang-2', 'IAGA:LUK']",Lukiapang-2
"['IAGA:LNP', 'Lunping']",IAGA:LNP
"['IAGA:LVV', 'Lvov']",IAGA:LVV
"['IAGA:LWI', 'Lwiro']",IAGA:LWI
"['Lynn.Lake', 'IAGA:LYN']",Lynn.Lake
"['Macquarie.Island', 'IAGA:MCQ']",Macquarie.Island
"['IAGA:MDS', 'Madras']",IAGA:MDS
"['IAGA:MDD', 'Madrid']",IAGA:MDD
"['IAGA:MGD', 'Magadan']",IAGA:MGD
"['Magallanes', 'IAGA:MGS']",Magallanes
"['Maisach-1', 'IAGA:MAS']",Maisach-1
"['Maisach-2', 'IAGA:MSC']",Maisach-2
"['Vladivostok', 'IAGA:MAI']",Vladivostok
"['IAGA:MJR', 'Majuro']",IAGA:MJR
"['Makerstoun', 'IAGA:MAK']",Makerstoun
"['Malyye.Karmakuly', 'IAGA:MKL']",Malyye.Karmakuly
"['IAGA:MND', 'Manado']",IAGA:MND
"['IAGA:MAB', 'Manhay']",IAGA:MAB
"['IAGA:MAN', 'Manila']",IAGA:MAN
"['Manzhouli', 'IAGA:MZL']",Manzhouli
"['Marion.Island', 'IAGA:MRN']",Marion.Island
"['Martin.De.Vivies', 'IAGA:AMS']",Martin.De.Vivies
"['Matochkin.Shar', 'IAGA:MSR']",Matochkin.Shar
"['Mauritius', 'IAGA:MRI']",Mauritius
"['IAGA:MAW', 'Mawson']",IAGA:MAW
"['IAGA:MBO', 'MBour']",IAGA:MBO
"['Mcmath-Hulbert', 'IAGA:MMH']",Mcmath-Hulbert
"['IAGA:MCM', 'Mcmurdo']",IAGA:MCM
"['IAGA:MEA', 'Meanook']",IAGA:MEA
"['Melbourne', 'IAGA:MEL']",Melbourne
"['Melville.AFB', 'IAGA:MEV']",Melville.AFB
"['Memambetsu', 'IAGA:MMB']",Memambetsu
"['Mexico.City', 'IAGA:MEX']",Mexico.City
"['Midway-1', 'IAGA:MDY']",Midway-1
"['Midway-2', 'IAGA:MID']",Midway-2
"['IAGA:BMK', 'Mikolow']",IAGA:BMK
"['Minamitory.Shima', 'IAGA:MIN']",Minamitory.Shima
"['Minneapolis', 'IAGA:MNN']",Minneapolis
"['Pleshenitzi', 'IAGA:MNK']",Pleshenitzi
"['IAGA:MIR', 'Mirny']",IAGA:MIR
"['Misallat', 'IAGA:MLT']",Misallat
"['IAGA:MIU', 'Miyazu']",IAGA:MIU
"['IAGA:MIO', 'Mizuho']",IAGA:MIO
"['Mizusawa', 'IAGA:MIZ']",Mizusawa
"['IAGA:MOH', 'Mo.He']",IAGA:MOH
"['IAGA:MFP', 'Moca']",IAGA:MFP
"['IAGA:MOD', 'Modiim']",IAGA:MOD
"['Mogadiscio', 'IAGA:MOG']",Mogadiscio
"['Molodezhnaya', 'IAGA:MOL']",Molodezhnaya
"['IAGA:MSK', 'Moskva']",IAGA:MSK
"['Mould.Bay', 'IAGA:MBC']",Mould.Bay
"['Mount.Weather', 'IAGA:MWR']",Mount.Weather
"['Mt.Clemens', 'IAGA:MCL']",Mt.Clemens
"['Mt.Wilson', 'IAGA:MWC']",Mt.Wilson
"['IAGA:MNH', 'Munchen']",IAGA:MNH
"['Muntinlupa', 'IAGA:MUT']",Muntinlupa
"['Murchison.Bay', 'IAGA:MUB']",Murchison.Bay
"['Murmansk', 'IAGA:MRM']",Murmansk
"['IAGA:NGP', 'Nagpur']",IAGA:NGP
"['Nagycenk', 'IAGA:NCK']",Nagycenk
"['IAGA:NAI', 'Nairobi']",IAGA:NAI
"['IAGA:NMP', 'Nampula']",IAGA:NMP
"['Nanortalik', 'IAGA:NNT']",Nanortalik
"['IAGA:NTS', 'Nantes']",IAGA:NTS
"['Narssarssuaq', 'IAGA:NAQ']",Narssarssuaq
"['Nerchinsk', 'IAGA:NER']",Nerchinsk
"['Neufahrwasser', 'IAGA:NFW']",Neufahrwasser
"['IAGA:VNA', 'VNA']",IAGA:VNA
"['New.Alesund', 'IAGA:NAL']",New.Alesund
"['New.Year.Island', 'IAGA:NYI']",New.Year.Island
"['IAGA:NEW', 'Newport']",IAGA:NEW
"['IAGA:NCE', 'Nice']",IAGA:NCE
"['IAGA:NDA', 'Nida']",IAGA:NDA
"['IAGA:NGK', 'Niemegk']",IAGA:NGK
"['Nitsanim', 'IAGA:NSM']",Nitsanim
"['Nizhnedevitsk', 'IAGA:NNV']",Nizhnedevitsk
"['IAGA:NRD', 'Nord']",IAGA:NRD
"['IAGA:NOK', 'Norilsk']",IAGA:NOK
"['Norman.Wells', 'IAGA:NOW']",Norman.Wells
"['North.Pole.10', 'IAGA:NPJ']",North.Pole.10
"['North.Pole.12', 'IAGA:NPL']",North.Pole.12
"['North.Pole.13', 'IAGA:NPM']",North.Pole.13
"['North.Pole.6', 'IAGA:NPF']",North.Pole.6
"['North.Pole.7', 'IAGA:NPG']",North.Pole.7
"['North.Pole.8', 'IAGA:NPH']",North.Pole.8
"['Northway', 'IAGA:NRW']",Northway
"['Norway.House', 'IAGA:NHO']",Norway.House
"['Norway.Station', 'IAGA:NWS']",Norway.Station
"['Novokazalinsk', 'IAGA:NKK']",Novokazalinsk
"['Novolazarevskaya', 'IAGA:NVL']",Novolazarevskaya
"['Novosibirsk', 'IAGA:NVS']",Novosibirsk
"['IAGA:NMT', 'Numto']",IAGA:NMT
"['Nurmijarvi', 'IAGA:NUR']",Nurmijarvi
"['IAGA:OAS', 'Oasis']",IAGA:OAS
"['IAGA:ODA', 'Odessa']",IAGA:ODA
"[""O'Gyalia"", 'IAGA:OGY']",O'Gyalia
"['IAGA:OKN', 'Okinawa']",IAGA:OKN
"['IAGA:ONW', 'Onagawa']",IAGA:ONW
"['Orange.Bay', 'IAGA:ORB']",Orange.Bay
"['Orcadas.Del.Sur', 'IAGA:ORC']",Orcadas.Del.Sur
"['IAGA:OSL', 'Oslo']",IAGA:OSL
"['IAGA:OTM', 'Otomari']",IAGA:OTM
"['IAGA:OTT', 'Ottawa']",IAGA:OTT
"['Oulujarvi', 'IAGA:OUL']",Oulujarvi
"['IAGA:PLA', 'Palau']",IAGA:PLA
"['Palmyra.Island', 'IAGA:PAI']",Palmyra.Island
"['Panagyurishte', 'IAGA:PAG']",Panagyurishte
"['IAGA:PPT', 'Papeete']",IAGA:PPT
"['Paramaribo', 'IAGA:PAB']",Paramaribo
"['Petropavlovsk', 'IAGA:PET']",Petropavlovsk
"['Patacamaya', 'IAGA:PTY']",Patacamaya
"['IAGA:PAT', 'Patrick']",IAGA:PAT
"['Irkoutsk', 'IAGA:IRT']",Irkoutsk
"['IAGA:PBK', 'Pebek']",IAGA:PBK
"['IAGA:PEG', 'Pedeli']",IAGA:PEG
"['Peking.1', 'IAGA:PEK']",Peking.1
"['IAGA:PNN', 'Penang']",IAGA:PNN
"['Perpignan', 'IAGA:PER']",Perpignan
"['IAGA:PTS', 'Petsamo']",IAGA:PTS
"['Philadelphia', 'IAGA:PGC']",Philadelphia
"['IAGA:PHU', 'Phutuy']",IAGA:PHU
"['IAGA:PIL', 'Pilar']",IAGA:PIL
"['Pionerskaya', 'IAGA:PIO']",Pionerskaya
"['Pitlekaya', 'IAGA:PTL']",Pitlekaya
"['Plaisance', 'IAGA:PLS']",Plaisance
"['IAGA:PTU', 'Plateau']",IAGA:PTU
"['Podkamenaya.Tunguska', 'IAGA:POD']",Podkamenaya.Tunguska
"['Poker.Flat', 'IAGA:POK']",Poker.Flat
"['IAGA:POL', 'Pola']",IAGA:POL
"['Pondicherry', 'IAGA:PND']",Pondicherry
"['Port.Aux.Francais', 'IAGA:PAF']",Port.Aux.Francais
"['Port.Foulke', 'IAGA:PFK']",Port.Foulke
"[""Port.Jeanne.D'Arc"", 'IAGA:PJA']",Port.Jeanne.D'Arc
"['Port.Moresby', 'IAGA:PMG']",Port.Moresby
"['Port.Stanley', 'IAGA:PST']",Port.Stanley
"['Poste.De.La.Baleine', 'IAGA:PBQ']",Poste.De.La.Baleine
"['IAGA:POT', 'Potsdam']",IAGA:POT
"['IAGA:PRA', 'Prague']",IAGA:PRA
"['Preobrazhenia', 'IAGA:PRE']",Preobrazhenia
"['IAGA:PCU', 'Price']",IAGA:PCU
"['Pruhonice', 'IAGA:PRU']",Pruhonice
"['Qianling', 'IAGA:QIX']",Qianling
"['Qiongzhong', 'IAGA:QGZ']",Qiongzhong
"['IAGA:QSB', 'Qsaybeh']",IAGA:QSB
"['Quanzhou', 'IAGA:QZH']",Quanzhou
"['IAGA:QUE', 'Quetta']",IAGA:QUE
"['Raciborg', 'IAGA:RAC']",Raciborg
"['Rankin.Inlet', 'IAGA:RIT']",Rankin.Inlet
"['Rapid.City', 'IAGA:RPC']",Rapid.City
"['Refuge.Harbour', 'IAGA:RFH']",Refuge.Harbour
"['Regensberg', 'IAGA:REG']",Regensberg
"['Resolute.Bay', 'IAGA:RES']",Resolute.Bay
"['Rio.De.Janeiro', 'IAGA:RDJ']",Rio.De.Janeiro
"['Roburent', 'IAGA:ROB']",Roburent
"['Roi.Baudouin', 'IAGA:RBD']",Roi.Baudouin
"['IAGA:ROK', 'Rostock']",IAGA:ROK
"['Rostov.On.Don', 'IAGA:ROD']",Rostov.On.Don
"['Rude.Skov', 'IAGA:RSV']",Rude.Skov
"['IAGA:RYB', 'Rybachy']",IAGA:RYB
"['Las.Mesas', 'IAGA:TEN']",Las.Mesas
"['Sabhawala', 'IAGA:SAB']",Sabhawala
"['Sable.Island', 'IAGA:SBL']",Sable.Island
"['Sachs.Harbour', 'IAGA:SAH']",Sachs.Harbour
"['Sagastyr', 'IAGA:SAG']",Sagastyr
"['Saint.Maur', 'IAGA:PSM']",Saint.Maur
"['San.Fernando', 'IAGA:SFS']",San.Fernando
"['San.Jose.Dos.Campos', 'IAGA:SJB']",San.Jose.Dos.Campos
"['San.Jose.Las.Lajas', 'IAGA:SJL']",San.Jose.Las.Lajas
"['San.Juan.1-2-3', 'IAGA:SJG']",San.Juan.1-2-3
"['San.Miguel', 'IAGA:SMG']",San.Miguel
"['San.Pablo.De.Los.Montes', 'IAGA:SPT']",San.Pablo.De.Los.Montes
"['IAGA:SNA', 'Sanae']",IAGA:SNA
"['Santiago', 'IAGA:SNT']",Santiago
"['IAGA:SAN', 'Sanya']",IAGA:SAN
"['Saskatoon', 'IAGA:SAS']",Saskatoon
"['Scoresby.Sund', 'IAGA:SCO']",Scoresby.Sund
"['Scott.Base', 'IAGA:SBA']",Scott.Base
"['Sdr.Stromfjord', 'IAGA:STF']",Sdr.Stromfjord
"['IAGA:SED', 'Seddin']",IAGA:SED
"['IAGA:SEO', 'Seoul']",IAGA:SEO
"['IAGA:SEY', 'Seykha']",IAGA:SEY
"['IAGA:SHT', 'Shatsk']",IAGA:SHT
"['She-Shan', 'IAGA:SSH']",She-Shan
"['Shepherd.Bay', 'IAGA:SHB']",Shepherd.Bay
"['Shillong', 'IAGA:SHL']",Shillong
"['Shumagin', 'IAGA:SHU']",Shumagin
"['Sidmouth', 'IAGA:SDH']",Sidmouth
"['IAGA:SIL', 'Silchar']",IAGA:SIL
"['Simferopol', 'IAGA:SIM']",Simferopol
"['Simosato', 'IAGA:SSO']",Simosato
"['Singapore', 'IAGA:SIN']",Singapore
"['IAGA:SPL', 'Siple']",IAGA:SPL
"['IAGA:SIT', 'Sitka']",IAGA:SIT
"['IAGA:SLU', 'Slutsk']",IAGA:SLU
"['Sodankyla', 'IAGA:SOD']",Sodankyla
"['IAGA:SOG', 'Sogra']",IAGA:SOG
"['Sonmiani', 'IAGA:SON']",Sonmiani
"['IAGA:SOR', 'Soroa']",IAGA:SOR
"['South.Georgia', 'IAGA:SGE']",South.Georgia
"['South.Pole', 'IAGA:SPA']",South.Pole
"['South.Uist', 'IAGA:SOU']",South.Uist
"['Spitsbergen', 'IAGA:SPB']",Spitsbergen
"['Srednikan', 'IAGA:SRE']",Srednikan
"['Srobarova', 'IAGA:SRO']",Srobarova
"['St.Helier', 'IAGA:STH']",St.Helier
"[""St.John's"", 'IAGA:STJ']",St.John's
"['St..Petersburg', 'IAGA:SPE']",St..Petersburg
"['Stepanovka', 'IAGA:ODE']",Stepanovka
"['Stettin-Zabelsdorf', 'IAGA:SZA']",Stettin-Zabelsdorf
"['Stonyhurst', 'IAGA:STO']",Stonyhurst
"['IAGA:SUB', 'Sudbury']",IAGA:SUB
"['Sukkertoppen', 'IAGA:SKT']",Sukkertoppen
"['IAGA:SUA', 'Surlari']",IAGA:SUA
"['Sveagruva', 'IAGA:SVG']",Sveagruva
"['Yekaterinburg', 'IAGA:SVE']",Yekaterinburg
"['IAGA:SWI', 'Swider']",IAGA:SWI
"['IAGA:SYD', 'Sydney']",IAGA:SYD
"['Syowa.Base', 'IAGA:SYO']",Syowa.Base
"['Tacubaya', 'IAGA:TAC']",Tacubaya
"['IAGA:TAH', 'Tahiti']",IAGA:TAH
"['IAGA:TAP', 'Taihoku']",IAGA:TAP
"['IAGA:TAL', 'Talara']",IAGA:TAL
"['Talkeetna', 'IAGA:TLK']",Talkeetna
"['Tamanrasset', 'IAGA:TAM']",Tamanrasset
"['IAGA:TMB', 'Tambey']",IAGA:TMB
"['IAGA:TPA', 'Tampa']",IAGA:TPA
"['Tangerang', 'IAGA:TNG']",Tangerang
"['Tashkent-1', 'IAGA:TAS']",Tashkent-1
"['Yangi-Bazar', 'IAGA:TKT']",Yangi-Bazar
"['Tasiusak', 'IAGA:TSK']",Tasiusak
"[""Tate's.Cairn"", 'IAGA:TCN']",Tate's.Cairn
"['IAGA:TTB', 'Tatuoca']",IAGA:TTB
"['IAGA:TEH', 'Teheran']",IAGA:TEH
"['Tellnitz', 'IAGA:TEL']",Tellnitz
"['Teoloyucan', 'IAGA:TEO']",Teoloyucan
"['Teplitz.Bay', 'IAGA:TPB']",Teplitz.Bay
"['Terra.Nova.Bay', 'IAGA:TNB']",Terra.Nova.Bay
"['Terre.Adelie', 'IAGA:TAA']",Terre.Adelie
"['IAGA:TEV', 'Tevriz']",IAGA:TEV
"['Thompson', 'IAGA:TMP']",Thompson
"['IAGA:THD', 'Dundas']",IAGA:THD
"['Camp.Tuto', 'IAGA:THU']",Camp.Tuto
"['IAGA:THL', 'Qanaq']",IAGA:THL
"['IAGA:TIF', 'Tiflis']",IAGA:TIF
"['IAGA:THY', 'Tihany']",IAGA:THY
"['Tikhaya.Bay', 'IAGA:TKH']",Tikhaya.Bay
"['IAGA:TIO', 'Tiouine']",IAGA:TIO
"['Tiruchirapalli', 'IAGA:TIP']",Tiruchirapalli
"['Tirunelveli', 'IAGA:TIR']",Tirunelveli
"['Tixie.Bay', 'IAGA:TIK']",Tixie.Bay
"['IAGA:TOK', 'Tokyo']",IAGA:TOK
"['IAGA:TOL', 'Toledo']",IAGA:TOL
"['IAGA:TMK', 'Tomsk']",IAGA:TMK
"['IAGA:TND', 'Tondano']",IAGA:TND
"['IAGA:THJ', 'Tonghai']",IAGA:THJ
"['Toolangi', 'IAGA:TOO']",Toolangi
"['IAGA:TOR', 'Toronto']",IAGA:TOR
"['Toulouse', 'IAGA:TLS']",Toulouse
"['IAGA:TGO', 'Toungoo']",IAGA:TGO
"['Toyoharanew', 'IAGA:TOH']",Toyoharanew
"['IAGA:TRW', 'Trelew']",IAGA:TRW
"['Trivandrum', 'IAGA:TRD']",Trivandrum
"['IAGA:TRO', 'Tromso']",IAGA:TRO
"['IAGA:TSI', 'Qingdao']",IAGA:TSI
"['IAGA:TSU', 'Tsumeb']",IAGA:TSU
"['IAGA:TUC', 'Tucson']",IAGA:TUC
"['IAGA:TUL', 'Tulsa']",IAGA:TUL
"['Tungsten', 'IAGA:TST']",Tungsten
"['Tuntungan', 'IAGA:TUN']",Tuntungan
"['IAGA:UCC', 'Uccle']",IAGA:UCC
"['IAGA:UGT', 'Ugut']",IAGA:UGT
"['IAGA:UJJ', 'Ujjain']",IAGA:UJJ
"['IAGA:UKH', 'Ukhta']",IAGA:UKH
"['Ulan.Bator', 'IAGA:UBA']",Ulan.Bator
"['IAGA:UMA', 'Umba']",IAGA:UMA
"['Uppsala.1', 'IAGA:UPP']",Uppsala.1
"['Uppsala.2', 'IAGA:UPS']",Uppsala.2
"['Uranium.City', 'IAGA:URC']",Uranium.City
"['IAGA:WMQ', 'Urumqi']",IAGA:WMQ
"['IAGA:UTR', 'Utrecht']",IAGA:UTR
"['Val.Joyeux', 'IAGA:VLJ']",Val.Joyeux
"['Valentia', 'IAGA:VAL']",Valentia
"['Van.Rensselaer', 'IAGA:VAN']",Van.Rensselaer
"['Vassouras', 'IAGA:VSS']",Vassouras
"['Victoria', 'IAGA:VIC']",Victoria
"['IAGA:VQS', 'Vieques']",IAGA:VQS
"['Villa.Remedios', 'IAGA:VRE']",Villa.Remedios
"['Visakhapatnam', 'IAGA:VSK']",Visakhapatnam
"['Voeikovo', 'IAGA:LNN']",Voeikovo
"['Voroshilov', 'IAGA:VOR']",Voroshilov
"['IAGA:VOS', 'Vostok']",IAGA:VOS
"['Vykhodnoy', 'IAGA:VYK']",Vykhodnoy
"['Vysokaya.Dubrava', 'IAGA:SVD']",Vysokaya.Dubrava
"['Wake.Island', 'IAGA:WKE']",Wake.Island
"['Warnkenhagen', 'IAGA:WRH']",Warnkenhagen
"['IAGA:WSW', 'Warsaw']",IAGA:WSW
"['Washington', 'IAGA:WDC']",Washington
"['Watheroo', 'IAGA:WAT']",Watheroo
"['IAGA:WES', 'Weston']",IAGA:WES
"['White.Shell', 'IAGA:WHS']",White.Shell
"['IAGA:WIK', 'Wien']",IAGA:WIK
"['Wien-Auhof', 'IAGA:WIA']",Wien-Auhof
"['Wien-Kobenzl', 'IAGA:WIK']",Wien-Kobenzl
"['Wilhelmshaven', 'IAGA:WLH']",Wilhelmshaven
"['IAGA:WIL', 'Wilkes']",IAGA:WIL
"['IAGA:WNG', 'Wingst']",IAGA:WNG
"['Winnipeg', 'IAGA:WNP']",Winnipeg
"['Witteveen', 'IAGA:WIT']",Witteveen
"['IAGA:WHN', 'Wuhan']",IAGA:WHN
"['IAGA:WUS', 'Wustrow']",IAGA:WUS
"['IAGA:YAK', 'Yakutsk']",IAGA:YAK
"['Yangi.Bazar', 'IAGA:TKT']",Yangi.Bazar
"['IAGA:YAU', 'Yauca']",IAGA:YAU
"['Yellowknife', 'IAGA:YKC']",Yellowknife
"['Yuzhno.Sakhalinsk', 'IAGA:YSS']",Yuzhno.Sakhalinsk
"['Yuzhny.Shar', 'IAGA:YSH']",Yuzhny.Shar
"['IAGA:KZN', 'Kazan']",IAGA:KZN
"['IAGA:ZAR', 'Zaria']",IAGA:ZAR
"['Zhong.Shan', 'IAGA:ZHS']",Zhong.Shan
"['Zi.Ka.Wei', 'IAGA:ZKW']",Zi.Ka.Wei
"['IAGA:ZIN', 'Zinzen']",IAGA:ZIN
"['IAGA:ZSC', 'Zo.Se']",IAGA:ZSC
"['IAGA:ZUY', 'Zuy']",IAGA:ZUY
['Interstellar Boundary Explorer'],Interstellar Boundary Explorer
['ICESTAR Ground Observatory Group'],ICESTAR Ground Observatory Group
['AGO P1'],AGO P1
['AGO P2'],AGO P2
['AGO P3'],AGO P3
['AGO P4'],AGO P4
['AGO P5'],AGO P5
['AGO P6'],AGO P6
['Gakona'],Gakona
['Iqaluit'],Iqaluit
['McMurdo'],McMurdo
['South Pole'],South Pole
"['Ionospheric Connection', 'ICON', '44628']",Ionospheric Connection
['IGPP LANL magnetometer chain'],IGPP LANL magnetometer chain
['IGPP-LANL Air Force Academy Magnetometer'],IGPP-LANL Air Force Academy Magnetometer
['IGPP-LANL Boulder Magnetometer'],IGPP-LANL Boulder Magnetometer
['IGPP-LANL Cambridge Magnetometer'],IGPP-LANL Cambridge Magnetometer
['IGPP-LANL Crete Magnetometer'],IGPP-LANL Crete Magnetometer
['IGPP-LANL Jicamarca Magnetometer'],IGPP-LANL Jicamarca Magnetometer
['IGPP-LANL Los Alamos National Laboratory Magnetometer'],IGPP-LANL Los Alamos National Laboratory Magnetometer
['IGPP-LANL Rapid City Magnetometer'],IGPP-LANL Rapid City Magnetometer
['IGPP-LANL San Gabriel Dam Magnetometer'],IGPP-LANL San Gabriel Dam Magnetometer
['IGPP-LANL SE Louisiana University Magnetometer'],IGPP-LANL SE Louisiana University Magnetometer
['IGPP-LANL Table Mountain Magnetometer'],IGPP-LANL Table Mountain Magnetometer
['IGPP-LANL Teoloyucan Magnetometer'],IGPP-LANL Teoloyucan Magnetometer
"['International GNSS Service', 'International GPS Service']",International GNSS Service
['IIG'],IIG
"['Imager for Magnetopause-to-Aurora Global Exploration', '2000-017A', 'MIDEX/IMAGE', 'Explorer 78']",Imager for Magnetopause-to-Aurora Global Exploration
['IMP Spacecraft Series'],IMP Spacecraft Series
"['Explorer 34', '1967-051A', 'IMP-F']",Explorer 34
"['Explorer 41', '1969-053A', 'IMP-G']",Explorer 41
"['Explorer 43', '1971-019A', 'IMP-I']",Explorer 43
"['Explorer 47', '1972-073A', 'IMP-H']",Explorer 47
"['Explorer 50', 'IMP-J', '1973-078A']",Explorer 50
"['Explorer 40', 'Injun-C']",Explorer 40
"['Interball Tail Probe', '1995-039A', 'Prognoz 11']",Interball Tail Probe
"['Interball Auroral Probe', '1996-050C', 'Auroral Probe', 'Prognoz 2M', 'Prognoz 12']",Interball Auroral Probe
['Interball Auroral'],Interball Auroral
['Interball Tail'],Interball Tail
['IRIDIUM'],IRIDIUM
['IRIDIUM_1_70'],IRIDIUM_1_70
"['Interface Region Imaging Spectrograph', '2013-033A']",Interface Region Imaging Spectrograph
['International Sun-Earth Explorer'],International Sun-Earth Explorer
"['International Sun-Earth Explorer-A', '1977-102A', 'Explorer 56', 'ISEE-A']",International Sun-Earth Explorer-A
"['International Sun-Earth Explorer-B', '1977-102B', 'ISEE-B']",International Sun-Earth Explorer-B
"['International Sun-Earth Explorer-C', '1978-079A', 'ISEE-C', 'International Cometary Explorer', 'ICE', 'Explorer 59']",International Sun-Earth Explorer-C
['International Sats for Ionosph Studies'],International Sats for Ionosph Studies
"['International Sats for Ionosph Studies', '1969-009A', 'ISIS-A']",International Sats for Ionosph Studies
"['International Sats for Ionosph Studies', '1971-024A', 'ISIS-B']",International Sats for Ionosph Studies
['ISLL'],ISLL
['International Space Station'],International Space Station
['JSPO'],JSPO
['Juno Orbiter'],Juno Orbiter
['Kaguya (SELENE)'],Kaguya (SELENE)
['KP'],KP
['Korean Multi-Purpose Satellite (KOMPSAT-1)'],Korean Multi-Purpose Satellite (KOMPSAT-1)
['KSO'],KSO
['LANL Spacecraft Series'],LANL Spacecraft Series
['LANL01A'],LANL01A
['LANL02A'],LANL02A
['1989-046'],1989-046
['1990-095'],1990-095
['1991-080'],1991-080
['1994-084'],1994-084
['LANL-97A'],LANL-97A
['LANL-01A'],LANL-01A
['LANL-02sA'],LANL-02sA
['LANL-97'],LANL-97
['LOFAR'],LOFAR
"['Tail Subsatellite S2-X', '1995-039F', 'S2-X', 'Interball S2-X']",Tail Subsatellite S2-X
"['Explorer 61', '1979-094A']",Explorer 61
['Mariner 10'],Mariner 10
['Mars Express'],Mars Express
"['Mars Science Laboratory', 'Curiosity']",Mars Science Laboratory
"['Mars Atmosphere and Volatile EvolutioN', 'MAVEN']",Mars Atmosphere and Volatile EvolutioN
['Mid-continent Magnetoseismic Chain (McMAC) Americus Station'],Mid-continent Magnetoseismic Chain (McMAC) Americus Station
['Mid-continent Magnetoseismic Chain (McMAC) Bennington Station'],Mid-continent Magnetoseismic Chain (McMAC) Bennington Station
['Mid-continent Magnetoseismic Chain (McMAC) Glyndon Station'],Mid-continent Magnetoseismic Chain (McMAC) Glyndon Station
['Mid-continent Magnetoseismic Chain (McMAC) Linares Station'],Mid-continent Magnetoseismic Chain (McMAC) Linares Station
['Mid-continent Magnetoseismic Chain (McMAC) Lyford Station'],Mid-continent Magnetoseismic Chain (McMAC) Lyford Station
['Mid-continent Magnetoseismic Chain (McMAC) Purcell Station'],Mid-continent Magnetoseismic Chain (McMAC) Purcell Station
['Mid-continent Magnetoseismic Chain (McMAC) Richardson Station'],Mid-continent Magnetoseismic Chain (McMAC) Richardson Station
['Mid-continent Magnetoseismic Chain (McMAC) San Antonio Station'],Mid-continent Magnetoseismic Chain (McMAC) San Antonio Station
['Mid-continent Magnetoseismic Chain (McMAC) Worthington Station'],Mid-continent Magnetoseismic Chain (McMAC) Worthington Station
"['The observatory group created to represent the chain of stations in the MEASURE Array.', 'MEASURE Observatory Chain']",The observatory group created to represent the chain of stations in the MEASURE Array.
['Applied Physics Lab Geomagnetic Observatory'],Applied Physics Lab Geomagnetic Observatory
['Bullcreek Observatory Geomagnetic Observatory'],Bullcreek Observatory Geomagnetic Observatory
['Clarkson University Geomagnetic Observatory'],Clarkson University Geomagnetic Observatory
['Darksky Observatory Geomagnetic Observatory'],Darksky Observatory Geomagnetic Observatory
['Grafton Test Facility Geomagnetic Observatory'],Grafton Test Facility Geomagnetic Observatory
['The Jacksonville University Geomagnetic Observatory.'],The Jacksonville University Geomagnetic Observatory.
['The Millstone Hill Geomagnetic Observatory.'],The Millstone Hill Geomagnetic Observatory.
['The University of South Carolina Geomagnetic Observatory.'],The University of South Carolina Geomagnetic Observatory.
"['Mercury Surface, Space Environment, Geochemistry and Ranging']","Mercury Surface, Space Environment, Geochemistry and Ranging"
['MetOp-A'],MetOp-A
['MetOp-A'],MetOp-A
['Observatoire de Paris (Meudon site)'],Observatoire de Paris (Meudon site)
"['Mars Global Surveyor', '1996-062A', 'MGS', '1996-062A']",Mars Global Surveyor
['Magnetosphere-Ionosphere Coupling in the Alfvén resonator (MICA)'],Magnetosphere-Ionosphere Coupling in the Alfvén resonator (MICA)
['Magnetospheric Multiscale'],Magnetospheric Multiscale
['MMS-1'],MMS-1
['MMS-2'],MMS-2
['MMS-3'],MMS-3
['MMS-4'],MMS-4
['Munin Spacecraft'],Munin Spacecraft
['Neutron Monitor Stations'],Neutron Monitor Stations
['Fort Smith'],Fort Smith
['Inuvik'],Inuvik
['McMurdo'],McMurdo
['Nain'],Nain
['Peawanuck'],Peawanuck
['South Pole'],South Pole
['SwarthmoreNewark'],SwarthmoreNewark
['Thule'],Thule
['Climax'],Climax
['Haleakala'],Haleakala
['Huancayo'],Huancayo
['New Horizons Pluto Kuiper Belt Flyby'],New Horizons Pluto Kuiper Belt Flyby
['Nimbus 7'],Nimbus 7
['1986-073A'],1986-073A
['NOAA 11'],NOAA 11
"['1991-032A', 'NOAA-D']",1991-032A
"['Advanced TIROS-N (ATN)', '1993-050A', 'NOAA-I', 'POES']",Advanced TIROS-N (ATN)
"['Advanced TIROS-N (ATN)', '1994-089A', 'POES', 'NOAA-J']",Advanced TIROS-N (ATN)
"['Polar Operational Environmental Satellite', '1998-030A', 'POES 15', 'Advanced TIROS-N (ATN)']",Polar Operational Environmental Satellite
"['Advanced TIROS-N (ATN)', '2000-055A', 'POES 16']",Advanced TIROS-N (ATN)
"['Advanced TIROS-N (ATN)', '2002-032A']",Advanced TIROS-N (ATN)
"['Advanced TIROS-N (ATN)', '2005-018A']",Advanced TIROS-N (ATN)
"['NOAA-N Prime', '2009-005A']",NOAA-N Prime
"['1976-077A', 'ITOS-H']",1976-077A
"['1979-057A', 'NOAA-A']",1979-057A
"['1981-059A', 'NOAA-C']",1981-059A
"['1983-022A', 'NOAA-E']",1983-022A
['NOAA 9'],NOAA 9
['NOB_RH'],NOB_RH
['NSO Observatory Group'],NSO Observatory Group
['OAC'],OAC
['ObsParis'],ObsParis
"['NSSDC ID: 1999-008B', 'Orsted']",NSSDC ID: 1999-008B
['OGO Satellites'],OGO Satellites
"['1965-081A', 'OGO-C', 'POGO 1', '01620']",1965-081A
"['1967-073A', 'OGO-D', 'POGO 2']",1967-073A
"['1969-051A', 'OGO-F', 'PL-691D', 'S 60', 'POGO 3']",1969-051A
"['Exospheric Sat. C', '1984-015A', 'EXOS-C']",Exospheric Sat. C
['OMNI'],OMNI
"['1969-025C', 'LANL97A', '03825']",1969-025C
"['1966-070A', '02389']",1966-070A
['Solar Polarization and Directivity X-Ray Experiment'],Solar Polarization and Directivity X-Ray Experiment
"['Parker Solar Probe', 'PSP', 'Solar Probe Plus Spacecraft', 'SPP']",Parker Solar Probe
['Fobos 2'],Fobos 2
['PICARD'],PICARD
['Pic du Midi'],Pic du Midi
['PINA'],PINA
['Pioneer Spacecraft Series'],Pioneer Spacecraft Series
"['1972-012A', 'Pioneer-F']",1972-012A
"['1973-019A', 'Pioneer-G']",1973-019A
"['Pioneer Venus 1978 Orbiter', '1978-051A', 'Pioneer Venus 1', 'PVO', 'Pioneer 12']",Pioneer Venus 1978 Orbiter
['Polar-orbiting Operational Environmental Satellite (POES)'],Polar-orbiting Operational Environmental Satellite (POES)
"['Polar', 'Polar Plasma Laboratory', 'GGS/Polar', 'ISTP/Polar']",Polar
['PROBA2'],PROBA2
['Prognoz Spacecraft Series'],Prognoz Spacecraft Series
['1977-093A'],1977-093A
['1978-101A'],1978-101A
"['1983-067A', 'Relict']",1983-067A
['RABB'],RABB
['Radio JOVE Observatory Network'],Radio JOVE Observatory Network
['AJ4CO'],AJ4CO
['HNRAO'],HNRAO
['MTSU'],MTSU
['RANK'],RANK
"['Van Allen Probes', 'Radiation Belt Storm Probe']",Van Allen Probes
['Radiation Belt Storm Probe A'],Radiation Belt Storm Probe A
['Radiation Belt Storm Probe B'],Radiation Belt Storm Probe B
['Redline Emission Geospace Observatory (rEGO)'],Redline Emission Geospace Observatory (rEGO)
['Rocket Experiment for Neutral Upwelling 2'],Rocket Experiment for Neutral Upwelling 2
"['Reuven Ramaty High Energy Solar Spectroscope Imager', '2002-004A', 'SMEX/RHESSI', 'Small Explorer/RHESSI', 'HESSI', 'Reuven Ramaty High Energy Solar Spectroscopic Imager']",Reuven Ramaty High Energy Solar Spectroscope Imager
"['Republic of China Satellite-1', 'Formosat-1']",Republic of China Satellite-1
['Rosetta Comet Rendezvous'],Rosetta Comet Rendezvous
"['S-Cubed A', 'Explorer 45', 'SSS-A']",S-Cubed A
"['SESP S74-2A', 'SS74-2A', 'S74-2', '09007']",SESP S74-2A
"['SAC-C Project', 'Satélite de Aplicaciones Científicas-C', 'Scientific Application Satellite-C', 'Oersted-2', 'NSSDC ID: 2000-075B']",SAC-C Project
['Pioneer'],Pioneer
"['Solar Anomalous and Magnetospheric Particle Explorer', '1992-038A', 'Small Explorer/SAMPEX', 'Explorer 68', 'SMEX/SAMPEX']",Solar Anomalous and Magnetospheric Particle Explorer
['San Fernando Observatory'],San Fernando Observatory
['San Marco-DL'],San Marco-DL
"['Spacecraft Charging AT High Altitude', 'Spacecraft Charging AT High Altitudes', 'STP P78-2']",Spacecraft Charging AT High Altitude
['SDIC'],SDIC
['Solar Dynamics Observatory'],Solar Dynamics Observatory
['Spherical Elementary Current Systems'],Spherical Elementary Current Systems
['Satellite Experiments Simultaneous with Antarctic MEasurements'],Satellite Experiments Simultaneous with Antarctic MEasurements
['Sodankylä Geophysical Observatory'],Sodankylä Geophysical Observatory
['Siple Experiment'],Siple Experiment
['1973-027A'],1973-027A
['SME'],SME
['Solar wind-Magnetosphere-Ionosphere Link Explorer (SMILE)'],Solar wind-Magnetosphere-Ionosphere Link Explorer (SMILE)
['Student Nitric Oxide Explorer'],Student Nitric Oxide Explorer
"['Solar and Heliospheric Observatory', '1995-065A']",Solar and Heliospheric Observatory
['SOLIS'],SOLIS
"['Solar Radiation and Climate Experiment', '2003-004A', 'SOlar Radiation and Climate Experiment']",Solar Radiation and Climate Experiment
"['Station de Radioastronomie de Nançay', 'Nançay Radioastronomy Observatory', 'Unité Scientifique de Nançay']",Station de Radioastronomie de Nançay
['LOFAR FR606 High Band Array'],LOFAR FR606 High Band Array
['LOFAR FR606 Low Band Array'],LOFAR FR606 Low Band Array
['Nancay Decameter Array'],Nancay Decameter Array
['NenuFAR'],NenuFAR
['Nancay Radioheliograph'],Nancay Radioheliograph
['Nancay Radioheliograph'],Nancay Radioheliograph
['ORFEES'],ORFEES
['ST5 Mission'],ST5 Mission
"['2006-008B', 'ST5-B']",2006-008B
"['2006-008A', 'ST5-A']",2006-008A
"['2006-008C', 'ST5-C']",2006-008C
['STEP'],STEP
['Solar-Terrestrial Relations Observatory'],Solar-Terrestrial Relations Observatory
"['Solar Terrestrial Relations Observatory A', 'STEREO Ahead', 'STEREO East']",Solar Terrestrial Relations Observatory A
"['Solar Terrestrial Relations Observatory B', 'STEREO Behind', 'STEREO West']",Solar Terrestrial Relations Observatory B
['STPSat-1'],STPSat-1
['Planet A'],Planet A
['SuperDARN'],SuperDARN
['SuperMAG'],SuperMAG
['SYO'],SYO
['TALO'],TALO
"['Time History of Events and Macroscale Interactions during Substorms', 'MIDEX/THEMIS']",Time History of Events and Macroscale Interactions during Substorms
"['Time History of Events and Macroscale Interactions during Substorms A', 'Explorer 85', '2007-004A', 'MIDEX/THEMIS', 'THEMIS-P5', '30580']",Time History of Events and Macroscale Interactions during Substorms A
"['Time History of Events and Macroscale Interactions during Substorms B', 'Explorer 86', '2007-004B', 'MIDEX/THEMIS', 'THEMIS-P1', 'ARTEMIS-P1', '30581']",Time History of Events and Macroscale Interactions during Substorms B
"['Time History of Events and Macroscale Interactions during Substorms C', 'Explorer 87', '2007-004C', 'MIDEX/THEMIS', 'THEMIS-P2', 'ARTEMIS-P2', '30582']",Time History of Events and Macroscale Interactions during Substorms C
"['Time History of Events and Macroscale Interactions during Substorms D', 'Explorer 88', '2007-004D', 'MIDEX/THEMIS', 'THEMIS-P3', '30797']",Time History of Events and Macroscale Interactions during Substorms D
"['Time History of Events and Macroscale Interactions during Substorms E', 'Explorer 89', '2007-004E', 'MIDEX/THEMIS', 'THEMIS-P4', '30798']",Time History of Events and Macroscale Interactions during Substorms E
['THEMIS-Associated Ground Magnetometer Stations'],THEMIS-Associated Ground Magnetometer Stations
"['Canadian Magnetometer Array', 'NASA THEMIS CANMAG Ground Stations']",Canadian Magnetometer Array
['ATHA'],ATHA
['FSIM'],FSIM
['FSMI'],FSMI
['FYKN'],FYKN
['GAKO'],GAKO
['GILL'],GILL
['PINA'],PINA
['RANK'],RANK
"['SNKQ', 'SNK']",SNKQ
['NASA THEMIS Ground Stations in Alaska'],NASA THEMIS Ground Stations in Alaska
['NASA THEMIS EPO Ground Stations'],NASA THEMIS EPO Ground Stations
['BMLS'],BMLS
['CCNV'],CCNV
['DRBY'],DRBY
['FYTS'],FYTS
['HOTS'],HOTS
['LOYS'],LOYS
['PINE'],PINE
['PTRS'],PTRS
"['RMUS', 'RUMS']",RMUS
['SWNO'],SWNO
['UKIA'],UKIA
['NASA THEMIS GBO Ground Stations'],NASA THEMIS GBO Ground Stations
['CHBG'],CHBG
['EKAT'],EKAT
['GBAY'],GBAY
['INUV'],INUV
['KAPU'],KAPU
['KIAN'],KIAN
['KUUJ'],KUUJ
['MCGR'],MCGR
['NRSQ'],NRSQ
['PGEO'],PGEO
['SNAP'],SNAP
['TALO'],TALO
['TPAS'],TPAS
['WHIT'],WHIT
['YKNF'],YKNF
['THULE'],THULE
"['Thermosphere-Ionosphere-Mesosphere Energetics and Dynamics', '2001-055B', 'Thermosphere Ionosphere Mesosphere Energetics and Dynamics']",Thermosphere-Ionosphere-Mesosphere Energetics and Dynamics
['TIROSN'],TIROSN
"['Transition Region and Coronal Explorer', '1998-020A', 'SMEX/TRACE', 'Small Explorer/TRACE', 'Explorer 73']",Transition Region and Coronal Explorer
['Tandem Reconnection and Cusp Electrodynamics Reconnaissance Satellites'],Tandem Reconnection and Cusp Electrodynamics Reconnaissance Satellites
['TRACERS Mission TRACERS 1 spacecraft'],TRACERS Mission TRACERS 1 spacecraft
['TRACERS Mission TRACERS 2 spacecraft'],TRACERS Mission TRACERS 2 spacecraft
['Transition Region Explorer (TREx)'],Transition Region Explorer (TREx)
['Two Wide-angle Imaging Neutral Atom Spectrometers'],Two Wide-angle Imaging Neutral Atom Spectrometers
['TWINS 1'],TWINS 1
['TWINS 2'],TWINS 2
['Upper Atmosphere Research Satellite'],Upper Atmosphere Research Satellite
"['UCLA Space Plasma Simulation Group', 'SPSG']",UCLA Space Plasma Simulation Group
"['International Solar Polar Mission', '1990-090B', 'Solar Polar', 'ULY']",International Solar Polar Mission
['University of New Hampshire Observatory'],University of New Hampshire Observatory
"['Vega Mission', 'Venera-Halley']",Vega Mission
"['Venera-Halley 1', '1984-125A']",Venera-Halley 1
"['Venera-Halley 2', '1984-128A']",Venera-Halley 2
['Venus Express'],Venus Express
['Voyager 1 & 2'],Voyager 1 & 2
"['Mariner Jupiter/Saturn A', '1977-084A']",Mariner Jupiter/Saturn A
"['Mariner Jupiter/Saturn B', '1977-076A']",Mariner Jupiter/Saturn B
"['World Data Center Ground Observatories', 'WDC Ground Observatories']",World Data Center Ground Observatories
['Abinger Ground Observatory'],Abinger Ground Observatory
['Abisko Ground Observatory'],Abisko Ground Observatory
['Addis Ababa Ground Observatory'],Addis Ababa Ground Observatory
['Agincourt Ground Observatory'],Agincourt Ground Observatory
['Alert Ground Observatory'],Alert Ground Observatory
['Alibag Ground Observatory'],Alibag Ground Observatory
['Alice Springs Ground Observatory'],Alice Springs Ground Observatory
['Alma Ata Ground Observatory'],Alma Ata Ground Observatory
['Almeria Ground Observatory'],Almeria Ground Observatory
['Amatsia Ground Observatory'],Amatsia Ground Observatory
['Amberley Ground Observatory'],Amberley Ground Observatory
['Anchorage Ground Observatory'],Anchorage Ground Observatory
['Annamalainagar Ground Observatory'],Annamalainagar Ground Observatory
['Antananarivo Ground Observatory'],Antananarivo Ground Observatory
['Apia Ground Observatory'],Apia Ground Observatory
['Arctowski Ground Observatory'],Arctowski Ground Observatory
['Arkhangelsk Ground Observatory'],Arkhangelsk Ground Observatory
['Arti Ground Observatory'],Arti Ground Observatory
['Ascension Ground Observatory'],Ascension Ground Observatory
['Aso Ground Observatory'],Aso Ground Observatory
['Baguio Ground Observatory'],Baguio Ground Observatory
['Baker Lake Ground Observatory'],Baker Lake Ground Observatory
['Bangui Ground Observatory'],Bangui Ground Observatory
['Bar Gyora Ground Observatory'],Bar Gyora Ground Observatory
['Barrow Ground Observatory'],Barrow Ground Observatory
['Bay St. Louis Ground Observatory'],Bay St. Louis Ground Observatory
['Bear Island Ground Observatory'],Bear Island Ground Observatory
['Beijing Ground Observatory'],Beijing Ground Observatory
['Beijing Ming Tombs Ground Observatory'],Beijing Ming Tombs Ground Observatory
['Beloit Ground Observatory'],Beloit Ground Observatory
['Belsk Ground Observatory'],Belsk Ground Observatory
['Bereznyaki Ground Observatory'],Bereznyaki Ground Observatory
['Big Delta Ground Observatory'],Big Delta Ground Observatory
['Borok Ground Observatory'],Borok Ground Observatory
['Boulder Ground Observatory'],Boulder Ground Observatory
['Brorfelde Ground Observatory'],Brorfelde Ground Observatory
['Budkov Ground Observatory'],Budkov Ground Observatory
['Burlington Ground Observatory'],Burlington Ground Observatory
['Byrd Station Ground Observatory'],Byrd Station Ground Observatory
['Cambridge Bay Ground Observatory'],Cambridge Bay Ground Observatory
['Canberra Ground Observatory'],Canberra Ground Observatory
['Cape Chelyuskin Ground Observatory'],Cape Chelyuskin Ground Observatory
['Cape Town Ground Observatory'],Cape Town Ground Observatory
['Cape Wellen Ground Observatory'],Cape Wellen Ground Observatory
['Carrollton Ground Observatory'],Carrollton Ground Observatory
['Casey Ground Observatory'],Casey Ground Observatory
['Castellaccio Ground Observatory'],Castellaccio Ground Observatory
['Chambon-la-Foret Ground Observatory'],Chambon-la-Foret Ground Observatory
['Changchun Ground Observatory'],Changchun Ground Observatory
['Characato Ground Observatory'],Characato Ground Observatory
['Charcot Ground Observatory'],Charcot Ground Observatory
['Charters Towers Ground Observatory'],Charters Towers Ground Observatory
['Cheltenham Ground Observatory'],Cheltenham Ground Observatory
['Chengdu Ground Observatory'],Chengdu Ground Observatory
['Chichijima Ground Observatory'],Chichijima Ground Observatory
['Coimbra Ground Observatory'],Coimbra Ground Observatory
['College Ground Observatory'],College Ground Observatory
['Dallas Ground Observatory'],Dallas Ground Observatory
['Davao Ground Observatory'],Davao Ground Observatory
['Davis Ground Observatory'],Davis Ground Observatory
['De Bilt Ground Observatory'],De Bilt Ground Observatory
['Del Rio Ground Observatory'],Del Rio Ground Observatory
['Dixon Ground Observatory'],Dixon Ground Observatory
['Dombas Ground Observatory'],Dombas Ground Observatory
['Dourbes Ground Observatory'],Dourbes Ground Observatory
"[""Dumont d'Urville Ground Observatory""]",Dumont d'Urville Ground Observatory
['Dusheti Ground Observatory'],Dusheti Ground Observatory
['Easter Island Ground Observatory'],Easter Island Ground Observatory
['Ebro Ground Observatory'],Ebro Ground Observatory
['Eights Ground Observatory'],Eights Ground Observatory
['Eilat Ground Observatory'],Eilat Ground Observatory
['Esashi Ground Observatory'],Esashi Ground Observatory
['Eskdalemuir Ground Observatory'],Eskdalemuir Ground Observatory
['Etaiyapuram Ground Observatory'],Etaiyapuram Ground Observatory
['Eyrewell Ground Observatory'],Eyrewell Ground Observatory
['Fanning Ground Observatory'],Fanning Ground Observatory
['Faraday Islands Ground Observatory'],Faraday Islands Ground Observatory
['Fort Churchill Ground Observatory'],Fort Churchill Ground Observatory
['Fredericksburg Ground Observatory'],Fredericksburg Ground Observatory
['Freetown Ground Observatory'],Freetown Ground Observatory
['Fresno Ground Observatory'],Fresno Ground Observatory
['Fuquene Ground Observatory'],Fuquene Ground Observatory
['Furstenfeldbruck Ground Observatory'],Furstenfeldbruck Ground Observatory
['Glenlea Ground Observatory'],Glenlea Ground Observatory
['Gnangara Ground Observatory'],Gnangara Ground Observatory
['Godhavn Ground Observatory'],Godhavn Ground Observatory
['Golmud Ground Observatory'],Golmud Ground Observatory
['Gornotayezhnaya Ground Observatory'],Gornotayezhnaya Ground Observatory
['Grahamstown Ground Observatory'],Grahamstown Ground Observatory
['Great Whale River Ground Observatory'],Great Whale River Ground Observatory
['Grocka Ground Observatory'],Grocka Ground Observatory
['Guam Ground Observatory'],Guam Ground Observatory
['Guangzhou Ground Observatory'],Guangzhou Ground Observatory
['Guimar Ground Observatory'],Guimar Ground Observatory
['Halley Bay Ground Observatory'],Halley Bay Ground Observatory
['Hartebeesthoek Ground Observatory'],Hartebeesthoek Ground Observatory
['Hartland Ground Observatory'],Hartland Ground Observatory
['Hatizyo Ground Observatory'],Hatizyo Ground Observatory
['Havana Ground Observatory'],Havana Ground Observatory
['Heiss Island Ground Observatory'],Heiss Island Ground Observatory
['Hel Ground Observatory'],Hel Ground Observatory
['Helwan Ground Observatory'],Helwan Ground Observatory
['Hermanus'],Hermanus
['Hollandia Ground Observatory'],Hollandia Ground Observatory
['Honolulu'],Honolulu
['Hornsund Ground Observatory'],Hornsund Ground Observatory
['Huancayo Ground Observatory'],Huancayo Ground Observatory
['Hurbanovo Ground Observatory'],Hurbanovo Ground Observatory
['Hyderabad Ground Observatory'],Hyderabad Ground Observatory
['Ibadan Ground Observatory'],Ibadan Ground Observatory
['Iqaluit Ground Observatory'],Iqaluit Ground Observatory
['Istanbul Kandilli Ground Observatory'],Istanbul Kandilli Ground Observatory
['Jaipur Ground Observatory'],Jaipur Ground Observatory
['Jarvis Island Ground Observatory'],Jarvis Island Ground Observatory
['Kakadu Ground Observatory'],Kakadu Ground Observatory
['Kakioka'],Kakioka
['Kanoya Ground Observatory'],Kanoya Ground Observatory
['Kanozan Ground Observatory'],Kanozan Ground Observatory
['Karachi Ground Observatory'],Karachi Ground Observatory
['Kashi Ground Observatory'],Kashi Ground Observatory
['Kiev Ground Observatory'],Kiev Ground Observatory
['Kiruna Ground Observatory'],Kiruna Ground Observatory
['Kodaikanal Ground Observatory'],Kodaikanal Ground Observatory
['Koror Ground Observatory'],Koror Ground Observatory
['Kourou Ground Observatory'],Kourou Ground Observatory
['Kr. Pakhra Ground Observatory'],Kr. Pakhra Ground Observatory
['La Quiaca Ground Observatory'],La Quiaca Ground Observatory
['Lanzhou Ground Observatory'],Lanzhou Ground Observatory
"[""L'Aquila Ground Observatory""]",L'Aquila Ground Observatory
['Las Mesas Ground Observatory'],Las Mesas Ground Observatory
['Leadville Ground Observatory'],Leadville Ground Observatory
['Learmonth Ground Observatory'],Learmonth Ground Observatory
['Leirvogur Ground Observatory'],Leirvogur Ground Observatory
['Leningradskaya Ground Observatory'],Leningradskaya Ground Observatory
['Lerwick Ground Observatory'],Lerwick Ground Observatory
['Little America Ground Observatory'],Little America Ground Observatory
['Livingston Island Ground Observatory'],Livingston Island Ground Observatory
['Logrono Ground Observatory'],Logrono Ground Observatory
['Loparskoe Ground Observatory'],Loparskoe Ground Observatory
['Lovo Ground Observatory'],Lovo Ground Observatory
['Luanda Capelo Ground Observatory'],Luanda Capelo Ground Observatory
['Lunping Ground Observatory'],Lunping Ground Observatory
['Lviv Ground Observatory'],Lviv Ground Observatory
['Lwiro Ground Observatory'],Lwiro Ground Observatory
['Macquarie Island Ground Observatory'],Macquarie Island Ground Observatory
['Magadan Ground Observatory'],Magadan Ground Observatory
['Manhay Ground Observatory'],Manhay Ground Observatory
['Manzhouli Ground Observatory'],Manzhouli Ground Observatory
['Maputo Ground Observatory'],Maputo Ground Observatory
['Martin de Vivies Ground Observatory'],Martin de Vivies Ground Observatory
['Mawson Ground Observatory'],Mawson Ground Observatory
['MBour Ground Observatory'],MBour Ground Observatory
['Meanook Ground Observatory'],Meanook Ground Observatory
['Memambetsu Ground Observatory'],Memambetsu Ground Observatory
['Midway Ground Observatory'],Midway Ground Observatory
['Minck Ground Observatory'],Minck Ground Observatory
['Mirny Ground Observatory'],Mirny Ground Observatory
['Misallat Ground Observatory'],Misallat Ground Observatory
['Mizusawa Ground Observatory'],Mizusawa Ground Observatory
['Moca Ground Observatory'],Moca Ground Observatory
['Molodezhnaya Ground Observatory'],Molodezhnaya Ground Observatory
['Monte Capellino Ground Observatory'],Monte Capellino Ground Observatory
['Mould Bay Ground Observatory'],Mould Bay Ground Observatory
['Muntinlupa Ground Observatory'],Muntinlupa Ground Observatory
['Murchison Bay Ground Observatory'],Murchison Bay Ground Observatory
['Nagpur Ground Observatory'],Nagpur Ground Observatory
['Nagycenk Ground Observatory'],Nagycenk Ground Observatory
['Nairobi Ground Observatory'],Nairobi Ground Observatory
['Nampula Ground Observatory'],Nampula Ground Observatory
['Narsarsuaq Ground Observatory'],Narsarsuaq Ground Observatory
['Neumayer Station Ground Observatory'],Neumayer Station Ground Observatory
['Newport Ground Observatory'],Newport Ground Observatory
['Niemegk Ground Observatory'],Niemegk Ground Observatory
['Norway Station Ground Observatory'],Norway Station Ground Observatory
['Novokazalinsk Ground Observatory'],Novokazalinsk Ground Observatory
['Novolazarevskaya Ground Observatory'],Novolazarevskaya Ground Observatory
"['Novosibirsk, Klyuch Ground Observatory']","Novosibirsk, Klyuch Ground Observatory"
['Nurmijarvi Ground Observatory'],Nurmijarvi Ground Observatory
['Oasis Ground Observatory'],Oasis Ground Observatory
['Ottawa Ground Observatory'],Ottawa Ground Observatory
['Pamatai Ground Observatory'],Pamatai Ground Observatory
['Panagyurishte Ground Observatory'],Panagyurishte Ground Observatory
['Paramaribo Ground Observatory'],Paramaribo Ground Observatory
['Paratunka Ground Observatory'],Paratunka Ground Observatory
['Patrony Ground Observatory'],Patrony Ground Observatory
['Penteli Ground Observatory'],Penteli Ground Observatory
['Phuthuy Ground Observatory'],Phuthuy Ground Observatory
['Pilar Ground Observatory'],Pilar Ground Observatory
['Pionerskaya Ground Observatory'],Pionerskaya Ground Observatory
['Plateau Ground Observatory'],Plateau Ground Observatory
['Podkamennaya Ground Observatory'],Podkamennaya Ground Observatory
['Pondicherry Ground Observatory'],Pondicherry Ground Observatory
['Port Alfred Ground Observatory'],Port Alfred Ground Observatory
['Port aux Francais Ground Observatory'],Port aux Francais Ground Observatory
['Port Moresby Ground Observatory'],Port Moresby Ground Observatory
['Port Stanley Ground Observatory'],Port Stanley Ground Observatory
['Poste de la Baleine Ground Observatory'],Poste de la Baleine Ground Observatory
['Price Ground Observatory'],Price Ground Observatory
['Pruhonice Ground Observatory'],Pruhonice Ground Observatory
['Qianling Ground Observatory'],Qianling Ground Observatory
['Qiongzhong Ground Observatory'],Qiongzhong Ground Observatory
['Qsaybeh Ground Observatory'],Qsaybeh Ground Observatory
['Quanzhou Ground Observatory'],Quanzhou Ground Observatory
['Quetta Ground Observatory'],Quetta Ground Observatory
['Resolute Ground Observatory'],Resolute Ground Observatory
['Roburent Ground Observatory'],Roburent Ground Observatory
['Roi Baudouin Ground Observatory'],Roi Baudouin Ground Observatory
['Rude Skov Ground Observatory'],Rude Skov Ground Observatory
['Sabhawala Ground Observatory'],Sabhawala Ground Observatory
['Saint Johns Ground Observatory'],Saint Johns Ground Observatory
['San Fernando Ground Observatory'],San Fernando Ground Observatory
['San Juan'],San Juan
['San Pablo-Toledo Ground Observatory'],San Pablo-Toledo Ground Observatory
['Sanae Ground Observatory'],Sanae Ground Observatory
['Sao Miguel Ground Observatory'],Sao Miguel Ground Observatory
['Sapa Ground Observatory'],Sapa Ground Observatory
['Scott Base Ground Observatory'],Scott Base Ground Observatory
['Shillong Ground Observatory'],Shillong Ground Observatory
['Shumagin Ground Observatory'],Shumagin Ground Observatory
['Silchar Ground Observatory'],Silchar Ground Observatory
['Simosato Ground Observatory'],Simosato Ground Observatory
['Sitka Ground Observatory'],Sitka Ground Observatory
['Sodankyla Ground Observatory'],Sodankyla Ground Observatory
['South Georgia Ground Observatory'],South Georgia Ground Observatory
['South Pole Ground Observatory'],South Pole Ground Observatory
['Stepanovka Ground Observatory'],Stepanovka Ground Observatory
['Stonyhurst Ground Observatory'],Stonyhurst Ground Observatory
['Sukkertoppen Ground Observatory'],Sukkertoppen Ground Observatory
['Surlari Ground Observatory'],Surlari Ground Observatory
['Swider Ground Observatory'],Swider Ground Observatory
['Tahiti Ground Observatory'],Tahiti Ground Observatory
['Talara Ground Observatory'],Talara Ground Observatory
['Tamanrasset Ground Observatory'],Tamanrasset Ground Observatory
['Tangerang Ground Observatory'],Tangerang Ground Observatory
['Tatuoca Ground Observatory'],Tatuoca Ground Observatory
['Tehran Ground Observatory'],Tehran Ground Observatory
['Teoloyucan Ground Observatory'],Teoloyucan Ground Observatory
['Thule Ground Observatory'],Thule Ground Observatory
['Tihany Ground Observatory'],Tihany Ground Observatory
['Tikhaya Bay Ground Observatory'],Tikhaya Bay Ground Observatory
['Tirunelveli Ground Observatory'],Tirunelveli Ground Observatory
['Tixie Bay Ground Observatory'],Tixie Bay Ground Observatory
['Toledo Ground Observatory'],Toledo Ground Observatory
['Tomsk Ground Observatory'],Tomsk Ground Observatory
['Tondano Ground Observatory'],Tondano Ground Observatory
['Tonghai Ground Observatory'],Tonghai Ground Observatory
['Toolangi Ground Observatory'],Toolangi Ground Observatory
['Trelew Ground Observatory'],Trelew Ground Observatory
['Trivandrum Ground Observatory'],Trivandrum Ground Observatory
['Tromso Ground Observatory'],Tromso Ground Observatory
['Tsumeb Ground Observatory'],Tsumeb Ground Observatory
['Tucson Ground Observatory'],Tucson Ground Observatory
['Tuntungan Ground Observatory'],Tuntungan Ground Observatory
['Ujjain Ground Observatory'],Ujjain Ground Observatory
['Uppsala Ground Observatory'],Uppsala Ground Observatory
['V.Dubr. Ground Observatory'],V.Dubr. Ground Observatory
['Val Joyeux Ground Observatory'],Val Joyeux Ground Observatory
['Valentia Ground Observatory'],Valentia Ground Observatory
['Vannovskaya Ground Observatory'],Vannovskaya Ground Observatory
['Vassouras Ground Observatory'],Vassouras Ground Observatory
['Victoria Ground Observatory'],Victoria Ground Observatory
['Vieques Ground Observatory'],Vieques Ground Observatory
['Visakhapatnam Ground Observatory'],Visakhapatnam Ground Observatory
['Vostok Ground Observatory'],Vostok Ground Observatory
['Voyeykovo Ground Observatory'],Voyeykovo Ground Observatory
['Watheroo Ground Observatory'],Watheroo Ground Observatory
['Whiteshell Ground Observatory'],Whiteshell Ground Observatory
['Wien Kobenzl Ground Observatory'],Wien Kobenzl Ground Observatory
['Wilkes Ground Observatory'],Wilkes Ground Observatory
['Wingst Ground Observatory'],Wingst Ground Observatory
['Witteveen Ground Observatory'],Witteveen Ground Observatory
['Wuhan Ground Observatory'],Wuhan Ground Observatory
['Y. Basar Ground Observatory'],Y. Basar Ground Observatory
['Yakutsk Ground Observatory'],Yakutsk Ground Observatory
['Yazhno Sakhalinsk Ground Observatory'],Yazhno Sakhalinsk Ground Observatory
['Yellowknife Ground Observatory'],Yellowknife Ground Observatory
['Zaymishche Ground Observatory'],Zaymishche Ground Observatory
['Zo-Se Ground Observatory'],Zo-Se Ground Observatory
"['ISTP/Wind', 'GGS/Wind', 'Wind/ISTP', 'Wind/GGS']",ISTP/Wind
['WSO'],WSO
['YNAO'],YNAO
"['1991-062A', 'Solar-A']",1991-062A
['Zond 3'],Zond 3
